ano,group_id,distributor_id,sigagente,nomagente,distributor_name_sig,distributor_name_legal,distributor_label,uc_ativa_media_mensal,rank_porte_ano,bucket_porte,share_uc_ano
2023,cemig,cemig_d,Cemig-D,CEMIG DISTRIBUIÇÃO S.A.,Cemig-D,CEMIG DISTRIBUIÇÃO S.A.,Cemig-D — CEMIG DISTRIBUIÇÃO S.A.,124046670.0,1,GG,0.10867331424997397
2023,enel,enel_sp,Enel SP,ELETROPAULO METROPOLITANA ELETRICIDADE DE SÃO PAULO S.A.,Enel SP,ELETROPAULO METROPOLITANA ELETRICIDADE DE SÃO PAULO S.A.,Enel SP — ELETROPAULO METROPOLITANA ELETRICIDADE DE SÃO PAULO S.A.,99534079.0,2,GG,0.0871986184373086
2023,neoenergia,neoenergia_coelba,Neoenergia Coelba,COMPANHIA DE ELETRICIDADE DO ESTADO DA BAHIA,Neoenergia Coelba,COMPANHIA DE ELETRICIDADE DO ESTADO DA BAHIA,Neoenergia Coelba — COMPANHIA DE ELETRICIDADE DO ESTADO DA BAHIA,79410938.0,3,GG,0.06956937917123611
2023,copel,copel_dis,Copel-Dis,COPEL DISTRIBUIÇÃO S.A.,Copel-Dis,COPEL DISTRIBUIÇÃO S.A.,Copel-Dis — COPEL DISTRIBUIÇÃO S.A.,62052315.0,4,GG,0.05436204557472904
2023,cpfl,cpfl_paulista,CPFL Paulista,COMPANHIA PAULISTA DE FORÇA E LUZ,CPFL Paulista,COMPANHIA PAULISTA DE FORÇA E LUZ,CPFL Paulista — COMPANHIA PAULISTA DE FORÇA E LUZ,58938754.0,5,GG,0.051634354513054724
2023,light,light,Light,LIGHT SERVIÇOS DE ELETRICIDADE S.A.,Light,LIGHT SERVIÇOS DE ELETRICIDADE S.A.,Light — LIGHT SERVIÇOS DE ELETRICIDADE S.A.,55464060.0,6,GG,0.04859028639752612
2023,enel,enel_ce,Enel CE,COMPANHIA ENERGÉTICA DO CEARÁ,Enel CE,COMPANHIA ENERGÉTICA DO CEARÁ,Enel CE — COMPANHIA ENERGÉTICA DO CEARÁ,49848210.0,7,GG,0.04367042009373323
2023,neoenergia,neoenergia_pernambuco,Neoenergia Pernambuco,COMPANHIA ENERGÉTICA DE PERNAMBUCO,Neoenergia Pernambuco,COMPANHIA ENERGÉTICA DE PERNAMBUCO,Neoenergia Pernambuco — COMPANHIA ENERGÉTICA DE PERNAMBUCO,48212294.0,8,GG,0.042237246486134084
2023,enel,enel_go,Enel GO,CELG DISTRIBUIÇÃO S.A.,Enel GO,CELG DISTRIBUIÇÃO S.A.,Enel GO — CELG DISTRIBUIÇÃO S.A.,40952832.0,9,GG,0.03587746435565251
2023,celesc,celesc_dis,Celesc-Dis,CELESC DISTRIBUIÇÃO S.A.,Celesc-Dis,CELESC DISTRIBUIÇÃO S.A.,Celesc-Dis — CELESC DISTRIBUIÇÃO S.A.,40436408.0,10,GG,0.03542504183082191
2023,rge,rge,RGE,RGE SUL DISTRIBUIDORA DE ENERGIA S.A.,RGE,RGE SUL DISTRIBUIDORA DE ENERGIA S.A.,RGE — RGE SUL DISTRIBUIDORA DE ENERGIA S.A.,37039089.0,11,GG,0.032448759474395836
2023,enel,enel_rj,Enel RJ,AMPLA ENERGIA E SERVIÇOS S.A.,Enel RJ,AMPLA ENERGIA E SERVIÇOS S.A.,Enel RJ — AMPLA ENERGIA E SERVIÇOS S.A.,36882915.0,12,GG,0.03231194043540289
2023,equatorial,equatorial_pa,Equatorial PA,EQUATORIAL PARÁ DISTRIBUIDORA DE ENERGIA S.A.,Equatorial PA,EQUATORIAL PARÁ DISTRIBUIDORA DE ENERGIA S.A.,Equatorial PA — EQUATORIAL PARÁ DISTRIBUIDORA DE ENERGIA S.A.,35794814.0,13,GG,0.0313586900022497
2023,neoenergia,neoenergia_elektro,Neoenergia Elektro,ELEKTRO REDES S.A.,Neoenergia Elektro,ELEKTRO REDES S.A.,Neoenergia Elektro — ELEKTRO REDES S.A.,35426729.0,14,GG,0.031036222523874814
2023,equatorial,equatorial_ma,Equatorial MA,EQUATORIAL MARANHÃO DISTRIBUIDORA DE ENERGIA S.A.,Equatorial MA,EQUATORIAL MARANHÃO DISTRIBUIDORA DE ENERGIA S.A.,Equatorial MA — EQUATORIAL MARANHÃO DISTRIBUIDORA DE ENERGIA S.A.,32837745.0,15,GG,0.028768096569182482
2023,edp,edp_sp,EDP SP,EDP SÃO PAULO DISTRIBUIÇÃO DE ENERGIA S.A.,EDP SP,EDP SÃO PAULO DISTRIBUIÇÃO DE ENERGIA S.A.,EDP SP — EDP SÃO PAULO DISTRIBUIÇÃO DE ENERGIA S.A.,26827758.0,16,GG,0.023502939464285926
2023,cpfl,cpfl_piratininga,CPFL Piratininga,COMPANHIA PIRATININGA DE FORÇA E LUZ,CPFL Piratininga,COMPANHIA PIRATININGA DE FORÇA E LUZ,CPFL Piratininga — COMPANHIA PIRATININGA DE FORÇA E LUZ,23086076.0,17,GG,0.020224971713845942
2023,equatorial,ceee_equatorial,CEEE Equatorial,COMPANHIA ESTADUAL DE DISTRIBUIÇÃO DE ENERGIA ELÉTRICA,CEEE Equatorial,COMPANHIA ESTADUAL DE DISTRIBUIÇÃO DE ENERGIA ELÉTRICA,CEEE Equatorial — COMPANHIA ESTADUAL DE DISTRIBUIÇÃO DE ENERGIA ELÉTRICA,22828944.0,18,GG,0.019999706604837176
2023,energisa,energisa_pb,Energisa PB,ENERGISA PARAÍBA DISTRIBUIDORA DE ENERGIA S.A.,Energisa PB,ENERGISA PARAÍBA DISTRIBUIDORA DE ENERGIA S.A.,Energisa PB — ENERGISA PARAÍBA DISTRIBUIDORA DE ENERGIA S.A.,21501801.0,19,GG,0.018837039132234702
2023,edp,edp_es,EDP ES,EDP ESPÍRITO SANTO DISTRIBUIÇÃO DE ENERGIA S.A.,EDP ES,EDP ESPÍRITO SANTO DISTRIBUIÇÃO DE ENERGIA S.A.,EDP ES — EDP ESPÍRITO SANTO DISTRIBUIÇÃO DE ENERGIA S.A.,21371211.0,20,GG,0.018722633416161035
2023,energisa,energisa_mt,Energisa MT,ENERGISA MATO GROSSO DISTRIBUIDORA DE ENERGIA S.A.,Energisa MT,ENERGISA MATO GROSSO DISTRIBUIDORA DE ENERGIA S.A.,Energisa MT — ENERGISA MATO GROSSO DISTRIBUIDORA DE ENERGIA S.A.,19254943.0,21,GG,0.016868638807509596
2023,neoenergia,neoenergia_cosern,Neoenergia Cosern,COMPANHIA ENERGÉTICA DO RIO GRANDE DO NORTE,Neoenergia Cosern,COMPANHIA ENERGÉTICA DO RIO GRANDE DO NORTE,Neoenergia Cosern — COMPANHIA ENERGÉTICA DO RIO GRANDE DO NORTE,18915549.0,22,GG,0.01657130659523372
2023,equatorial,equatorial_pi,Equatorial PI,EQUATORIAL PIAUÍ DISTRIBUIDORA DE ENERGIA S.A.,Equatorial PI,EQUATORIAL PIAUÍ DISTRIBUIDORA DE ENERGIA S.A.,Equatorial PI — EQUATORIAL PIAUÍ DISTRIBUIDORA DE ENERGIA S.A.,17821217.0,23,GG,0.015612597382565596
2023,equatorial,equatorial_al,Equatorial AL,EQUATORIAL ALAGOAS DISTRIBUIDORA DE ENERGIA S.A.,Equatorial AL,EQUATORIAL ALAGOAS DISTRIBUIDORA DE ENERGIA S.A.,Equatorial AL — EQUATORIAL ALAGOAS DISTRIBUIDORA DE ENERGIA S.A.,16084369.0,24,GG,0.014091000482717832
2023,neoenergia,neoenergia_brasilia,Neoenergia Brasília,NEOENERGIA DISTRIBUIÇÃO BRASÍLIA S.A.,Neoenergia Brasília,NEOENERGIA DISTRIBUIÇÃO BRASÍLIA S.A.,Neoenergia Brasília — NEOENERGIA DISTRIBUIÇÃO BRASÍLIA S.A.,14121840.0,25,GG,0.012371691687554792
2023,amazonas,amazonas_energia,Amazonas Energia,AMAZONAS ENERGIA S.A.,Amazonas Energia,AMAZONAS ENERGIA S.A.,Amazonas Energia — AMAZONAS ENERGIA S.A.,13915502.0,26,GG,0.012190925574964175
2023,energisa,energisa_ms,Energisa MS,ENERGISA MATO GROSSO DO SUL DISTRIBUIDORA DE ENERGIA S.A.,Energisa MS,ENERGISA MATO GROSSO DO SUL DISTRIBUIDORA DE ENERGIA S.A.,Energisa MS — ENERGISA MATO GROSSO DO SUL DISTRIBUIDORA DE ENERGIA S.A.,13329996.0,27,G,0.011677982522698077
2023,energisa,energisa_sul_sudeste,Energisa Sul-Sudeste,ENERGISA SUL-SUDESTE DISTRIBUIDORA DE ENERGIA S.A.,Energisa Sul-Sudeste,ENERGISA SUL-SUDESTE DISTRIBUIDORA DE ENERGIA S.A.,Energisa Sul-Sudeste — ENERGISA SUL-SUDESTE DISTRIBUIDORA DE ENERGIA S.A.,10304019.0,28,G,0.009027020998021974
2023,energisa,energisa_se,Energisa SE,ENERGISA SERGIPE DISTRIBUIDORA DE ENERGIA S.A.,Energisa SE,ENERGISA SERGIPE DISTRIBUIDORA DE ENERGIA S.A.,Energisa SE — ENERGISA SERGIPE DISTRIBUIDORA DE ENERGIA S.A.,10247065.0,29,G,0.008977125422914694
2023,energisa,energisa_ro,Energisa RO,ENERGISA RONDÔNIA DISTRIBUIDORA DE ENERGIA S.A.,Energisa RO,ENERGISA RONDÔNIA DISTRIBUIDORA DE ENERGIA S.A.,Energisa RO — ENERGISA RONDÔNIA DISTRIBUIDORA DE ENERGIA S.A.,8280268.0,30,G,0.0072540775696598985
2023,energisa,energisa_to,Energisa TO,ENERGISA TOCANTINS DISTRIBUIDORA DE ENERGIA S.A.,Energisa TO,ENERGISA TOCANTINS DISTRIBUIDORA DE ENERGIA S.A.,Energisa TO — ENERGISA TOCANTINS DISTRIBUIDORA DE ENERGIA S.A.,7850135.0,31,G,0.00687725182594357
2023,energisa,energisa_minas_rio,Energisa Minas Rio,ENERGISA MINAS RIO - DISTRIBUIDORA DE ENERGIA S.A.,Energisa Minas Rio,ENERGISA MINAS RIO - DISTRIBUIDORA DE ENERGIA S.A.,Energisa Minas Rio — ENERGISA MINAS RIO - DISTRIBUIDORA DE ENERGIA S.A.,7153002.0,32,G,0.006266515934500235
2023,cpfl,cpfl_santa_cruz,CPFL Santa Cruz,COMPANHIA JAGUARI DE ENERGIA - CPFL SANTA CRUZ,CPFL Santa Cruz,COMPANHIA JAGUARI DE ENERGIA - CPFL SANTA CRUZ,CPFL Santa Cruz — COMPANHIA JAGUARI DE ENERGIA - CPFL SANTA CRUZ,6005115.0,33,G,0.005260888901751514
2023,energisa,energisa_ac,Energisa AC,ENERGISA ACRE - DISTRIBUIDORA DE ENERGIA S.A.,Energisa AC,ENERGISA ACRE - DISTRIBUIDORA DE ENERGIA S.A.,Energisa AC — ENERGISA ACRE - DISTRIBUIDORA DE ENERGIA S.A.,3469442.0,34,G,0.0030394670065553406
2023,equatorial,cea_equatorial,CEA Equatorial,COMPANHIA DE ELETRICIDADE DO AMAPA,CEA Equatorial,COMPANHIA DE ELETRICIDADE DO AMAPA,CEA Equatorial — COMPANHIA DE ELETRICIDADE DO AMAPA,2784621.0,35,G,0.002439517263946519
2023,roraima,roraima_energia,Roraima Energia,RORAIMA ENERGIA S.A.,Roraima Energia,RORAIMA ENERGIA S.A.,Roraima Energia — RORAIMA ENERGIA S.A.,2564010.0,36,G,0.002246247033234151
2023,sulgipe,sulgipe,Sulgipe,COMPANHIA SUL SERGIPANA DE ELETRICIDADE,Sulgipe,COMPANHIA SUL SERGIPANA DE ELETRICIDADE,Sulgipe — COMPANHIA SUL SERGIPANA DE ELETRICIDADE,1995272.0,37,G,0.0017479938886724978
2023,santa,santa_maria,Santa Maria,EMPRESA LUZ E FORÇA SANTA MARIA S.A.,Santa Maria,EMPRESA LUZ E FORÇA SANTA MARIA S.A.,Santa Maria — EMPRESA LUZ E FORÇA SANTA MARIA S.A.,1650189.0,38,G,0.0014456777257208942
2023,dmed,dmed,Dmed,DME DISTRIBUIÇÃO S.A.,Dmed,DME DISTRIBUIÇÃO S.A.,Dmed — DME DISTRIBUIÇÃO S.A.,1044566.0,39,G,0.0009151108141221228
2023,certel,certel_energia,Certel Energia,COOPERATIVA DE DISTRIBUIÇÃO DE ENERGIA TEUTÔNIA,Certel Energia,COOPERATIVA DE DISTRIBUIÇÃO DE ENERGIA TEUTÔNIA,Certel Energia — COOPERATIVA DE DISTRIBUIÇÃO DE ENERGIA TEUTÔNIA,881781.0,40,G,0.0007725000897860159
2023,cocel,cocel,Cocel,COMPANHIA CAMPOLARGUENSE DE ENERGIA,Cocel,COMPANHIA CAMPOLARGUENSE DE ENERGIA,Cocel — COMPANHIA CAMPOLARGUENSE DE ENERGIA,708079.0,41,G,0.0006203253314321724
2023,coprel,coprel,Coprel,COPREL COOPERATIVA DE ENERGIA,Coprel,COPREL COOPERATIVA DE ENERGIA,Coprel — COPREL COOPERATIVA DE ENERGIA,594377.0,42,G,0.0005207146512192289
2023,cooperalianca,cooperalianca,Cooperaliança,COOPERATIVA ALIANÇA,Cooperaliança,COOPERATIVA ALIANÇA,Cooperaliança — COOPERATIVA ALIANÇA,526674.0,43,G,0.00046140222151300626
2023,dcelt,dcelt,Dcelt,DISTRIBUIDORA CATARINENSE DE ENERGIA ELÉTRICA S/A.,Dcelt,DISTRIBUIDORA CATARINENSE DE ENERGIA ELÉTRICA S/A.,Dcelt — DISTRIBUIDORA CATARINENSE DE ENERGIA ELÉTRICA S/A.,491513.0,44,G,0.00043059879565446985
2023,chesp,chesp,Chesp,COMPANHIA HIDROELÉTRICA SÃO PATRÍCIO,Chesp,COMPANHIA HIDROELÉTRICA SÃO PATRÍCIO,Chesp — COMPANHIA HIDROELÉTRICA SÃO PATRÍCIO,482498.0,45,G,0.0004227010429137996
2023,eletrocar,eletrocar,Eletrocar,CENTRAIS ELÉTRICAS DE CARAZINHO S.A.,Eletrocar,CENTRAIS ELÉTRICAS DE CARAZINHO S.A.,Eletrocar — CENTRAIS ELÉTRICAS DE CARAZINHO S.A.,478112.0,46,G,0.00041885860880169984
2023,demei,demei,Demei,DEPARTAMENTO MUNICIPAL DE ENERGIA DE IJUÍ,Demei,DEPARTAMENTO MUNICIPAL DE ENERGIA DE IJUÍ,Demei — DEPARTAMENTO MUNICIPAL DE ENERGIA DE IJUÍ,433548.0,47,G,0.00037981751583051536
2023,cetril,cetril,Cetril,COOPERATIVA DE ELETRIFICAÇÃO DE IBIÚNA E REGIÃO,Cetril,COOPERATIVA DE ELETRIFICAÇÃO DE IBIÚNA E REGIÃO,Cetril — COOPERATIVA DE ELETRIFICAÇÃO DE IBIÚNA E REGIÃO,385358.0,48,G,0.00033759980040368246
2023,cermissoes,cermissoes,Cermissões,COOPERATIVA DE DISTRIBUIÇÃO E GERAÇÃO DE ENERGIA DAS MISSÕES,Cermissões,COOPERATIVA DE DISTRIBUIÇÃO E GERAÇÃO DE ENERGIA DAS MISSÕES,Cermissões — COOPERATIVA DE DISTRIBUIÇÃO E GERAÇÃO DE ENERGIA DAS MISSÕES,341076.0,49,G,0.00029880575859976023
2023,coopera,coopera,Coopera,COOPERATIVA PIONEIRA DE ELETRIFICAÇÃO,Coopera,COOPERATIVA PIONEIRA DE ELETRIFICAÇÃO,Coopera — COOPERATIVA PIONEIRA DE ELETRIFICAÇÃO,325956.0,50,G,0.0002855596109082534
2023,certaja,certaja_energia,Certaja Energia,COOPERATIVA REGIONAL DE ENERGIA TAQUARI JACUÍ,Certaja Energia,COOPERATIVA REGIONAL DE ENERGIA TAQUARI JACUÍ,Certaja Energia — COOPERATIVA REGIONAL DE ENERGIA TAQUARI JACUÍ,316205.0,51,G,0.00027701707214238815
2023,creluz_d,creluz_d,Creluz-D,COOPERATIVA DE DISTRIBUIÇÃO DE ENERGIA,Creluz-D,COOPERATIVA DE DISTRIBUIÇÃO DE ENERGIA,Creluz-D — COOPERATIVA DE DISTRIBUIÇÃO DE ENERGIA,303195.0,52,M,0.000265619427865503
2023,celetro,celetro,Celetro,COOPERATIVA DE ELETRIFICAÇÃO CENTRO JACUÍ LTDA.,Celetro,COOPERATIVA DE ELETRIFICAÇÃO CENTRO JACUÍ LTDA.,Celetro — COOPERATIVA DE ELETRIFICAÇÃO CENTRO JACUÍ LTDA.,287447.0,53,M,0.0002518231094894548
2023,ceprag,ceprag,Ceprag,COOPERATIVA DE ELETRICIDADE PRAIA GRANDE,Ceprag,COOPERATIVA DE ELETRICIDADE PRAIA GRANDE,Ceprag — COOPERATIVA DE ELETRICIDADE PRAIA GRANDE,246352.0,54,M,0.00021582109630278334
2023,cergal,cergal,Cergal,COOPERATIVA DE ELETRIFICAÇÃO RURAL ANITA GARIBALDI LTDA,Cergal,COOPERATIVA DE ELETRIFICAÇÃO RURAL ANITA GARIBALDI LTDA,Cergal — COOPERATIVA DE ELETRIFICAÇÃO RURAL ANITA GARIBALDI LTDA,243916.0,55,M,0.0002136869947302628
2023,hidropan,hidropan,Hidropan,HIDROPAN DISTRIBUIÇÃO DE ENERGIA S.A.,Hidropan,HIDROPAN DISTRIBUIÇÃO DE ENERGIA S.A.,Hidropan — HIDROPAN DISTRIBUIÇÃO DE ENERGIA S.A.,239787.0,56,M,0.00021006971008619987
2023,cersul,cersul,Cersul,COOPERATIVA DE DISTRIBUIÇÃOI DE ENERGIA,Cersul,COOPERATIVA DE DISTRIBUIÇÃOI DE ENERGIA,Cersul — COOPERATIVA DE DISTRIBUIÇÃOI DE ENERGIA,222624.0,57,M,0.00019503375553399542
2023,cerbranorte,cerbranorte,Cerbranorte,COOPERATIVA DE ELETRIFICAÇÃO DE BRAÇO DO NORTE,Cerbranorte,COOPERATIVA DE ELETRIFICAÇÃO DE BRAÇO DO NORTE,Cerbranorte — COOPERATIVA DE ELETRIFICAÇÃO DE BRAÇO DO NORTE,215380.0,58,M,0.00018868751916645076
2023,cerci,cerci,Cerci,COOPERATIVA DE ELETRIFICAÇÃO RURAL CACHOEIRAS- ITABORAÍ LTDA,Cerci,COOPERATIVA DE ELETRIFICAÇÃO RURAL CACHOEIRAS- ITABORAÍ LTDA,Cerci — COOPERATIVA DE ELETRIFICAÇÃO RURAL CACHOEIRAS- ITABORAÍ LTDA,214999.0,59,M,0.00018835373727025604
2023,nova,nova_palma,Nova Palma,NOVA PALMA ENERGIA LTDA.,Nova Palma,NOVA PALMA ENERGIA LTDA.,Nova Palma — NOVA PALMA ENERGIA LTDA.,206842.0,60,M,0.00018120765084700069
2023,cooperluz,cooperluz,Cooperluz,COOPERATIVA DISTRIBUIDORA DE ENERGIA FRONTEIRA NOROESTE,Cooperluz,COOPERATIVA DISTRIBUIDORA DE ENERGIA FRONTEIRA NOROESTE,Cooperluz — COOPERATIVA DISTRIBUIDORA DE ENERGIA FRONTEIRA NOROESTE,204106.0,61,M,0.00017881072888377566
2023,cemirim,cemirim,Cemirim,COOPERATIVA DE ELETRIFICAÇÃO E DESENVOLVIMENTO DA REGIÃO DE MOGI MIRIM,Cemirim,COOPERATIVA DE ELETRIFICAÇÃO E DESENVOLVIMENTO DA REGIÃO DE MOGI MIRIM,Cemirim — COOPERATIVA DE ELETRIFICAÇÃO E DESENVOLVIMENTO DA REGIÃO DE MOGI MIRIM,199708.0,62,M,0.00017495778195604768
2023,cerpalo,cerpalo,Cerpalo,COOPERATIVA DE ELETRIFICAÇÃO DE PAULO LOPES,Cerpalo,COOPERATIVA DE ELETRIFICAÇÃO DE PAULO LOPES,Cerpalo — COOPERATIVA DE ELETRIFICAÇÃO DE PAULO LOPES,199366.0,63,M,0.00017465816671064454
2023,cerfox,cerfox,Cerfox,COOPERATIVA DE DISTRIBUIÇÃO DE ENERGIA FONTOURA XAVIER,Cerfox,COOPERATIVA DE DISTRIBUIÇÃO DE ENERGIA FONTOURA XAVIER,Cerfox — COOPERATIVA DE DISTRIBUIÇÃO DE ENERGIA FONTOURA XAVIER,193631.0,64,M,0.00016963391690834353
2023,cermoful,cermoful,Cermoful,COOPERATIVA FUMACENSE DE ELETRICIDADE,Cermoful,COOPERATIVA FUMACENSE DE ELETRICIDADE,Cermoful — COOPERATIVA FUMACENSE DE ELETRICIDADE,193334.0,65,M,0.00016937372472154607
2023,cerim,cerim,Cerim,COOPERATIVA DE ELETRIFICAÇÃO E DESENVOLVIMENTO DA REGIÃO DE ITU-MAIRINQUE,Cerim,COOPERATIVA DE ELETRIFICAÇÃO E DESENVOLVIMENTO DA REGIÃO DE ITU-MAIRINQUE,Cerim — COOPERATIVA DE ELETRIFICAÇÃO E DESENVOLVIMENTO DA REGIÃO DE ITU-MAIRINQUE,186069.0,66,M,0.0001630090909266521
2023,cerej,cerej,Cerej,COOPERATIVA DE PRESTAÇÃO DE SERVIÇOS PÚBLICOS DE DISTRIBUIÇÃO DE ENERGIA ELÉTRICA SENADOR ESTEVES JÚNIOR,Cerej,COOPERATIVA DE PRESTAÇÃO DE SERVIÇOS PÚBLICOS DE DISTRIBUIÇÃO DE ENERGIA ELÉTRICA SENADOR ESTEVES JÚNIOR,Cerej — COOPERATIVA DE PRESTAÇÃO DE SERVIÇOS PÚBLICOS DE DISTRIBUIÇÃO DE ENERGIA ELÉTRICA SENADOR ESTEVES JÚNIOR,185554.0,67,M,0.00016255791592260937
2023,ceriluz,ceriluz,Ceriluz,COOPERATIVA REGIONAL DE ENERGIA E DESENVOLVIMENTO IJUÍ LTDA,Ceriluz,COOPERATIVA REGIONAL DE ENERGIA E DESENVOLVIMENTO IJUÍ LTDA,Ceriluz — COOPERATIVA REGIONAL DE ENERGIA E DESENVOLVIMENTO IJUÍ LTDA,179421.0,68,M,0.00015718499106864037
2023,mux,mux_energia,Mux Energia,"MUXFELDT, MARIN & CIA LTDA",Mux Energia,"MUXFELDT, MARIN & CIA LTDA","Mux Energia — MUXFELDT, MARIN & CIA LTDA",152739.0,69,M,0.00013380974551938213
2023,ceraca,ceraca,Ceraçá,COOPERATIVA DISTRIBUIDORA DE ENERGIA VALE DO ARAÇÁ,Ceraçá,COOPERATIVA DISTRIBUIDORA DE ENERGIA VALE DO ARAÇÁ,Ceraçá — COOPERATIVA DISTRIBUIDORA DE ENERGIA VALE DO ARAÇÁ,152587.0,70,M,0.00013367658318809184
2023,coopercocal,coopercocal,Coopercocal,COOPERATIVA ENERGÉTICA COCAL,Coopercocal,COOPERATIVA ENERGÉTICA COCAL,Coopercocal — COOPERATIVA ENERGÉTICA COCAL,140897.0,71,M,0.0001234353486303065
2023,coorsel,coorsel,Coorsel,COOPERATIVA REGIONAL SUL DE ELETRIFICAÇÃO RURAL,Coorsel,COOPERATIVA REGIONAL SUL DE ELETRIFICAÇÃO RURAL,Coorsel — COOPERATIVA REGIONAL SUL DE ELETRIFICAÇÃO RURAL,112027.0,72,M,9.814326636484344e-05
2023,cooperzem,cooperzem,Cooperzem,COOPERZEM COOPERATIVA DE DISTRIBUIÇÃO DE ENERGIA ELÉTRICA,Cooperzem,COOPERZEM COOPERATIVA DE DISTRIBUIÇÃO DE ENERGIA ELÉTRICA,Cooperzem — COOPERZEM COOPERATIVA DE DISTRIBUIÇÃO DE ENERGIA ELÉTRICA,104735.0,73,M,9.175497873478605e-05
2023,certhil,certhil,Certhil,COOPERATIVA DE DISTRIBUIÇÃO DE ENERGIA ENTRE RIOS LTDA,Certhil,COOPERATIVA DE DISTRIBUIÇÃO DE ENERGIA ENTRE RIOS LTDA,Certhil — COOPERATIVA DE DISTRIBUIÇÃO DE ENERGIA ENTRE RIOS LTDA,103554.0,74,M,9.072034246337934e-05
2023,forcel,forcel,Forcel,FORÇA E LUZ CORONEL VIVIDA LTDA,Forcel,FORÇA E LUZ CORONEL VIVIDA LTDA,Forcel — FORÇA E LUZ CORONEL VIVIDA LTDA,103282.0,75,M,9.048205197580726e-05
2023,creral,creral,Creral,COOPERATIVA REGIONAL DE ELETRIFICAÇÃO RURAL DO ALTO URUGUAI,Creral,COOPERATIVA REGIONAL DE ELETRIFICAÇÃO RURAL DO ALTO URUGUAI,Creral — COOPERATIVA REGIONAL DE ELETRIFICAÇÃO RURAL DO ALTO URUGUAI,95732.0,76,M,8.3867738809744e-05
2023,cedrap,cedrap,Cedrap,COOPERATIVA DE ELETRIFICAÇÃO DA REGIÃO DO ALTO DA PARAÍBA,Cedrap,COOPERATIVA DE ELETRIFICAÇÃO DA REGIÃO DO ALTO DA PARAÍBA,Cedrap — COOPERATIVA DE ELETRIFICAÇÃO DA REGIÃO DO ALTO DA PARAÍBA,91619.0,77,M,8.026447125318531e-05
2023,eflul,eflul,Eflul,EMPRESA FORÇA E LUZ DE URUSSANGA LTDA.,Eflul,EMPRESA FORÇA E LUZ DE URUSSANGA LTDA.,Eflul — EMPRESA FORÇA E LUZ DE URUSSANGA LTDA.,90086.0,78,P,7.892145905668532e-05
2023,ceral,ceral_araruama,Ceral Araruama,COOPERATIVA DE ELETRIFICAÇÃO RURAL DE ARARUAMA,Ceral Araruama,COOPERATIVA DE ELETRIFICAÇÃO RURAL DE ARARUAMA,Ceral Araruama — COOPERATIVA DE ELETRIFICAÇÃO RURAL DE ARARUAMA,89778.0,79,P,7.865163012222869e-05
2023,ceripa,ceripa,Ceripa,COOPERATIVA DE ELETRIFICAÇÃO RURAL DE ITAÍ-PARANAPANEMA-AVARÉ,Ceripa,COOPERATIVA DE ELETRIFICAÇÃO RURAL DE ITAÍ-PARANAPANEMA-AVARÉ,Ceripa — COOPERATIVA DE ELETRIFICAÇÃO RURAL DE ITAÍ-PARANAPANEMA-AVARÉ,89441.0,80,P,7.835639521667064e-05
2023,cercos,cercos,Cercos,COOPERATIVA DE ELETRIFICAÇÃO E DESENVOLVIMENTO RURAL CENTRO SUL DE SERGIPE LTDA,Cercos,COOPERATIVA DE ELETRIFICAÇÃO E DESENVOLVIMENTO RURAL CENTRO SUL DE SERGIPE LTDA,Cercos — COOPERATIVA DE ELETRIFICAÇÃO E DESENVOLVIMENTO RURAL CENTRO SUL DE SERGIPE LTDA,87310.0,81,P,7.648949437469967e-05
2023,ceris,ceris,Ceris,COOPERATIVA DE ELETRIFICAÇÃO RURAL DA REGIÃO DE ITAPECERICA DA SERRA,Ceris,COOPERATIVA DE ELETRIFICAÇÃO RURAL DA REGIÃO DE ITAPECERICA DA SERRA,Ceris — COOPERATIVA DE ELETRIFICAÇÃO RURAL DA REGIÃO DE ITAPECERICA DA SERRA,84136.0,82,P,7.370885464104606e-05
2023,coopernorte,coopernorte,Coopernorte,COOPERATIVA REGIONAL DE DISTRIBUIÇÃO DE ENERGIA DO LITORAL NORTE,Coopernorte,COOPERATIVA REGIONAL DE DISTRIBUIÇÃO DE ENERGIA DO LITORAL NORTE,Coopernorte — COOPERATIVA REGIONAL DE DISTRIBUIÇÃO DE ENERGIA DO LITORAL NORTE,83715.0,83,P,7.334003002609074e-05
2023,cegero,cegero,Cegero,COOPERATIVA DE ELETRICIDADE DE SÃO LUDGERO,Cegero,COOPERATIVA DE ELETRICIDADE DE SÃO LUDGERO,Cegero — COOPERATIVA DE ELETRICIDADE DE SÃO LUDGERO,82549.0,84,P,7.231853477421926e-05
2023,cergral,cergral,Cergral,COOPERATIVA DE ELETRICIDADE DE GRAVATAL,Cergral,COOPERATIVA DE ELETRICIDADE DE GRAVATAL,Cergral — COOPERATIVA DE ELETRICIDADE DE GRAVATAL,82236.0,85,P,7.204432549991756e-05
2023,ceres,ceres,Ceres,COOPERATIVA DE ELETRIFICAÇÃO RURAL DE RESENDE LTDA.,Ceres,COOPERATIVA DE ELETRIFICAÇÃO RURAL DE RESENDE LTDA.,Ceres — COOPERATIVA DE ELETRIFICAÇÃO RURAL DE RESENDE LTDA.,69735.0,86,P,6.109259981926105e-05
2023,coopersul,coopersul,Coopersul,COOPERATIVA REGIONAL DE ELETRIFICAÇÃO RURAL FRONTEIRA SUL LTDA,Coopersul,COOPERATIVA REGIONAL DE ELETRIFICAÇÃO RURAL FRONTEIRA SUL LTDA,Coopersul — COOPERATIVA REGIONAL DE ELETRIFICAÇÃO RURAL FRONTEIRA SUL LTDA,68650.0,87,P,6.014206607287977e-05
2023,cejama,cejama,Cejama,COOPERATIVA DE ELETRICIDADE JACINTO MACHADO,Cejama,COOPERATIVA DE ELETRICIDADE JACINTO MACHADO,Cejama — COOPERATIVA DE ELETRICIDADE JACINTO MACHADO,67130.0,88,P,5.881044275997697e-05
2023,cerrp,cerrp,Cerrp,COOPERATIVA DE ELETRIFICAÇÃO E DESENVOLVIMENTO DA REGIÃO DE SÃO JOSÉ DO RIO PRETO,Cerrp,COOPERATIVA DE ELETRIFICAÇÃO E DESENVOLVIMENTO DA REGIÃO DE SÃO JOSÉ DO RIO PRETO,Cerrp — COOPERATIVA DE ELETRIFICAÇÃO E DESENVOLVIMENTO DA REGIÃO DE SÃO JOSÉ DO RIO PRETO,62892.0,89,P,5.5097666707291396e-05
2023,cernhe,cernhe,Cernhe,COOPERATIVA DE ELETRIFICAÇÃO E DESENVOLVIMENTO RURAL DA REGIÃO DE NOVO HORIZONTE,Cernhe,COOPERATIVA DE ELETRIFICAÇÃO E DESENVOLVIMENTO RURAL DA REGIÃO DE NOVO HORIZONTE,Cernhe — COOPERATIVA DE ELETRIFICAÇÃO E DESENVOLVIMENTO RURAL DA REGIÃO DE NOVO HORIZONTE,56083.0,90,P,4.913251990626826e-05
2023,certrel,certrel,Certrel,COOPERATIVA DE ENERGIA TREVISO,Certrel,COOPERATIVA DE ENERGIA TREVISO,Certrel — COOPERATIVA DE ENERGIA TREVISO,55976.0,91,P,4.9038780633583654e-05
2023,cervam,cervam,Cervam,COOPERATIVA DE ENERGIZAÇÃO E DE DESENVOLVIMENTO DO VALE DO MOGI,Cervam,COOPERATIVA DE ENERGIZAÇÃO E DE DESENVOLVIMENTO DO VALE DO MOGI,Cervam — COOPERATIVA DE ENERGIZAÇÃO E DE DESENVOLVIMENTO DO VALE DO MOGI,55940.0,92,P,4.9007242186699115e-05
2023,joao,joao_cesa,João Cesa,EMPRESA FORÇA E LUZ JOÃO CESA LTDA.,João Cesa,EMPRESA FORÇA E LUZ JOÃO CESA LTDA.,João Cesa — EMPRESA FORÇA E LUZ JOÃO CESA LTDA.,48466.0,93,P,4.245951018628101e-05
2023,cergapa,cergapa,Cergapa,COOPERATIVA DE ELETRICIDADE DE GRÃO PARÁ,Cergapa,COOPERATIVA DE ELETRICIDADE DE GRÃO PARÁ,Cergapa — COOPERATIVA DE ELETRICIDADE DE GRÃO PARÁ,47709.0,94,P,4.179632673373665e-05
2023,ceral,ceral_anitapolis,Ceral Anitápolis,COOPERATIVA DE DISTRIBUIÇÃO DE ENERGIA ELÉTRICA DE ANITÁPOLIS,Ceral Anitápolis,COOPERATIVA DE DISTRIBUIÇÃO DE ENERGIA ELÉTRICA DE ANITÁPOLIS,Ceral Anitápolis — COOPERATIVA DE DISTRIBUIÇÃO DE ENERGIA ELÉTRICA DE ANITÁPOLIS,46365.0,95,P,4.061889138338049e-05
2023,cermc,cermc,Cermc,COOPERATIVA DE ELETRIFICAÇÃO E DESENVOLVIMENTO DA REGIÃO DE MOGI DAS CRUZES,Cermc,COOPERATIVA DE ELETRIFICAÇÃO E DESENVOLVIMENTO DA REGIÃO DE MOGI DAS CRUZES,Cermc — COOPERATIVA DE ELETRIFICAÇÃO E DESENVOLVIMENTO DA REGIÃO DE MOGI DAS CRUZES,40744.0,96,P,3.569451332954717e-05
2023,cedri,cedri,Cedri,COOPERATIVA DE ELETRIFICAÇÃO E DISTRIBUIÇÃO DA REGIÃO DE ITARIRI,Cedri,COOPERATIVA DE ELETRIFICAÇÃO E DISTRIBUIÇÃO DA REGIÃO DE ITARIRI,Cedri — COOPERATIVA DE ELETRIFICAÇÃO E DISTRIBUIÇÃO DA REGIÃO DE ITARIRI,36331.0,97,P,3.182842538228398e-05
2023,castro_dis,castro_dis,Castro-Dis,COOPERATIVA DE DISTRIBUIÇÃO DE ENERGIA ELÉTRICA DE CASTRO,Castro-Dis,COOPERATIVA DE DISTRIBUIÇÃO DE ENERGIA ELÉTRICA DE CASTRO,Castro-Dis — COOPERATIVA DE DISTRIBUIÇÃO DE ENERGIA ELÉTRICA DE CASTRO,27930.0,98,P,2.446857837458896e-05
2023,cerpro,cerpro,Cerpro,COOPERATIVA DE ELETRIFICAÇÃO RURAL DA REGIÃO DE PROMISSÃO,Cerpro,COOPERATIVA DE ELETRIFICAÇÃO RURAL DA REGIÃO DE PROMISSÃO,Cerpro — COOPERATIVA DE ELETRIFICAÇÃO RURAL DA REGIÃO DE PROMISSÃO,24464.0,99,P,2.1432126793982968e-05
2023,cersad,cersad,Cersad,COOPERATIVA DE DISTRIBUIÇÃO DE ENERGIA ELÉTRICA SALTO DONNER,Cersad,COOPERATIVA DE DISTRIBUIÇÃO DE ENERGIA ELÉTRICA SALTO DONNER,Cersad — COOPERATIVA DE DISTRIBUIÇÃO DE ENERGIA ELÉTRICA SALTO DONNER,16531.0,100,P,1.448227959578697e-05
2023,coopermila,coopermila,Coopermila,COOPERATIVA DE ELETRIFICAÇÃO LAURO MÜLLER,Coopermila,COOPERATIVA DE ELETRIFICAÇÃO LAURO MÜLLER,Coopermila — COOPERATIVA DE ELETRIFICAÇÃO LAURO MÜLLER,16421.0,101,P,1.438591211919532e-05
2023,codesam,codesam,Codesam,COOPERATIVA DE DISTRIBUIÇÃO DE ENERGIA ELÉTRICA DE SANTA MARIA,Codesam,COOPERATIVA DE DISTRIBUIÇÃO DE ENERGIA ELÉTRICA DE SANTA MARIA,Codesam — COOPERATIVA DE DISTRIBUIÇÃO DE ENERGIA ELÉTRICA DE SANTA MARIA,4485.0,102,P,3.9291648410322765e-06
2024,cemig,cemig_d,Cemig-D,CEMIG DISTRIBUIÇÃO S.A.,Cemig-D,CEMIG DISTRIBUIÇÃO S.A.,Cemig-D — CEMIG DISTRIBUIÇÃO S.A.,125723050.0,1,GG,0.10819944822718318
2024,enel,enel_sp,Enel SP,ELETROPAULO METROPOLITANA ELETRICIDADE DE SÃO PAULO S.A.,Enel SP,ELETROPAULO METROPOLITANA ELETRICIDADE DE SÃO PAULO S.A.,Enel SP — ELETROPAULO METROPOLITANA ELETRICIDADE DE SÃO PAULO S.A.,101542485.0,2,GG,0.08738923251239152
2024,neoenergia,neoenergia_coelba,Neoenergia Coelba,COMPANHIA DE ELETRICIDADE DO ESTADO DA BAHIA,Neoenergia Coelba,COMPANHIA DE ELETRICIDADE DO ESTADO DA BAHIA,Neoenergia Coelba — COMPANHIA DE ELETRICIDADE DO ESTADO DA BAHIA,81153562.0,3,GG,0.06984216999245961
2024,copel,copel_dis,Copel-Dis,COPEL DISTRIBUIÇÃO S.A.,Copel-Dis,COPEL DISTRIBUIÇÃO S.A.,Copel-Dis — COPEL DISTRIBUIÇÃO S.A.,63185670.0,4,GG,0.054378688950553464
2024,cpfl,cpfl_paulista,CPFL Paulista,COMPANHIA PAULISTA DE FORÇA E LUZ,CPFL Paulista,COMPANHIA PAULISTA DE FORÇA E LUZ,CPFL Paulista — COMPANHIA PAULISTA DE FORÇA E LUZ,60020090.0,5,GG,0.05165433562537557
2024,light,light,Light,LIGHT SERVIÇOS DE ELETRICIDADE S.A.,Light,LIGHT SERVIÇOS DE ELETRICIDADE S.A.,Light — LIGHT SERVIÇOS DE ELETRICIDADE S.A.,55422100.0,6,GG,0.047697225286785265
2024,enel,enel_ce,Enel CE,COMPANHIA ENERGÉTICA DO CEARÁ,Enel CE,COMPANHIA ENERGÉTICA DO CEARÁ,Enel CE — COMPANHIA ENERGÉTICA DO CEARÁ,50609559.0,7,GG,0.04355546861789522
2024,neoenergia,neoenergia_pernambuco,Neoenergia Pernambuco,COMPANHIA ENERGÉTICA DE PERNAMBUCO,Neoenergia Pernambuco,COMPANHIA ENERGÉTICA DE PERNAMBUCO,Neoenergia Pernambuco — COMPANHIA ENERGÉTICA DE PERNAMBUCO,49203835.0,8,GG,0.04234567804122922
2024,enel,enel_go,Enel GO,CELG DISTRIBUIÇÃO S.A.,Enel GO,CELG DISTRIBUIÇÃO S.A.,Enel GO — CELG DISTRIBUIÇÃO S.A.,41755475.0,9,GG,0.035935489597682696
2024,celesc,celesc_dis,Celesc-Dis,CELESC DISTRIBUIÇÃO S.A.,Celesc-Dis,CELESC DISTRIBUIÇÃO S.A.,Celesc-Dis — CELESC DISTRIBUIÇÃO S.A.,41391177.0,10,GG,0.03562196838903984
2024,rge,rge,RGE,RGE SUL DISTRIBUIDORA DE ENERGIA S.A.,RGE,RGE SUL DISTRIBUIDORA DE ENERGIA S.A.,RGE — RGE SUL DISTRIBUIDORA DE ENERGIA S.A.,37417713.0,11,GG,0.03220233601175838
2024,enel,enel_rj,Enel RJ,AMPLA ENERGIA E SERVIÇOS S.A.,Enel RJ,AMPLA ENERGIA E SERVIÇOS S.A.,Enel RJ — AMPLA ENERGIA E SERVIÇOS S.A.,37088539.0,12,GG,0.03191904312973925
2024,equatorial,equatorial_pa,Equatorial PA,EQUATORIAL PARÁ DISTRIBUIDORA DE ENERGIA S.A.,Equatorial PA,EQUATORIAL PARÁ DISTRIBUIDORA DE ENERGIA S.A.,Equatorial PA — EQUATORIAL PARÁ DISTRIBUIDORA DE ENERGIA S.A.,36709738.0,13,GG,0.03159304038650398
2024,neoenergia,neoenergia_elektro,Neoenergia Elektro,ELEKTRO REDES S.A.,Neoenergia Elektro,ELEKTRO REDES S.A.,Neoenergia Elektro — ELEKTRO REDES S.A.,36086467.0,14,GG,0.031056642500070227
2024,equatorial,equatorial_ma,Equatorial MA,EQUATORIAL MARANHÃO DISTRIBUIDORA DE ENERGIA S.A.,Equatorial MA,EQUATORIAL MARANHÃO DISTRIBUIDORA DE ENERGIA S.A.,Equatorial MA — EQUATORIAL MARANHÃO DISTRIBUIDORA DE ENERGIA S.A.,33547981.0,15,GG,0.028871977201762326
2024,edp,edp_sp,EDP SP,EDP SÃO PAULO DISTRIBUIÇÃO DE ENERGIA S.A.,EDP SP,EDP SÃO PAULO DISTRIBUIÇÃO DE ENERGIA S.A.,EDP SP — EDP SÃO PAULO DISTRIBUIÇÃO DE ENERGIA S.A.,27333359.0,16,GG,0.023523565185505056
2024,cpfl,cpfl_piratininga,CPFL Piratininga,COMPANHIA PIRATININGA DE FORÇA E LUZ,CPFL Piratininga,COMPANHIA PIRATININGA DE FORÇA E LUZ,CPFL Piratininga — COMPANHIA PIRATININGA DE FORÇA E LUZ,23534373.0,17,GG,0.02025409161623678
2024,equatorial,ceee_equatorial,CEEE Equatorial,COMPANHIA ESTADUAL DE DISTRIBUIÇÃO DE ENERGIA ELÉTRICA,CEEE Equatorial,COMPANHIA ESTADUAL DE DISTRIBUIÇÃO DE ENERGIA ELÉTRICA,CEEE Equatorial — COMPANHIA ESTADUAL DE DISTRIBUIÇÃO DE ENERGIA ELÉTRICA,23384957.0,18,GG,0.020125501602263108
2024,energisa,energisa_pb,Energisa PB,ENERGISA PARAÍBA DISTRIBUIDORA DE ENERGIA S.A.,Energisa PB,ENERGISA PARAÍBA DISTRIBUIDORA DE ENERGIA S.A.,Energisa PB — ENERGISA PARAÍBA DISTRIBUIDORA DE ENERGIA S.A.,22020146.0,19,GG,0.018950921466525147
2024,edp,edp_es,EDP ES,EDP ESPÍRITO SANTO DISTRIBUIÇÃO DE ENERGIA S.A.,EDP ES,EDP ESPÍRITO SANTO DISTRIBUIÇÃO DE ENERGIA S.A.,EDP ES — EDP ESPÍRITO SANTO DISTRIBUIÇÃO DE ENERGIA S.A.,21759639.0,20,GG,0.018726724601596093
2024,energisa,energisa_mt,Energisa MT,ENERGISA MATO GROSSO DISTRIBUIDORA DE ENERGIA S.A.,Energisa MT,ENERGISA MATO GROSSO DISTRIBUIDORA DE ENERGIA S.A.,Energisa MT — ENERGISA MATO GROSSO DISTRIBUIDORA DE ENERGIA S.A.,19713721.0,21,GG,0.01696597190972247
2024,neoenergia,neoenergia_cosern,Neoenergia Cosern,COMPANHIA ENERGÉTICA DO RIO GRANDE DO NORTE,Neoenergia Cosern,COMPANHIA ENERGÉTICA DO RIO GRANDE DO NORTE,Neoenergia Cosern — COMPANHIA ENERGÉTICA DO RIO GRANDE DO NORTE,19262018.0,22,GG,0.01657722843457958
2024,equatorial,equatorial_pi,Equatorial PI,EQUATORIAL PIAUÍ DISTRIBUIDORA DE ENERGIA S.A.,Equatorial PI,EQUATORIAL PIAUÍ DISTRIBUIDORA DE ENERGIA S.A.,Equatorial PI — EQUATORIAL PIAUÍ DISTRIBUIDORA DE ENERGIA S.A.,18268633.0,23,GG,0.015722303988528037
2024,equatorial,equatorial_al,Equatorial AL,EQUATORIAL ALAGOAS DISTRIBUIDORA DE ENERGIA S.A.,Equatorial AL,EQUATORIAL ALAGOAS DISTRIBUIDORA DE ENERGIA S.A.,Equatorial AL — EQUATORIAL ALAGOAS DISTRIBUIDORA DE ENERGIA S.A.,16539542.0,24,GG,0.014234218135260969
2024,neoenergia,neoenergia_brasilia,Neoenergia Brasília,NEOENERGIA DISTRIBUIÇÃO BRASÍLIA S.A.,Neoenergia Brasília,NEOENERGIA DISTRIBUIÇÃO BRASÍLIA S.A.,Neoenergia Brasília — NEOENERGIA DISTRIBUIÇÃO BRASÍLIA S.A.,14230530.0,25,GG,0.012247042161165967
2024,amazonas,amazonas_energia,Amazonas Energia,AMAZONAS ENERGIA S.A.,Amazonas Energia,AMAZONAS ENERGIA S.A.,Amazonas Energia — AMAZONAS ENERGIA S.A.,14152589.0,26,GG,0.012179964778026799
2024,energisa,energisa_ms,Energisa MS,ENERGISA MATO GROSSO DO SUL DISTRIBUIDORA DE ENERGIA S.A.,Energisa MS,ENERGISA MATO GROSSO DO SUL DISTRIBUIDORA DE ENERGIA S.A.,Energisa MS — ENERGISA MATO GROSSO DO SUL DISTRIBUIDORA DE ENERGIA S.A.,13573392.0,27,G,0.011681497744218441
2024,energisa,energisa_se,Energisa SE,ENERGISA SERGIPE DISTRIBUIDORA DE ENERGIA S.A.,Energisa SE,ENERGISA SERGIPE DISTRIBUIDORA DE ENERGIA S.A.,Energisa SE — ENERGISA SERGIPE DISTRIBUIDORA DE ENERGIA S.A.,10498924.0,28,G,0.0090355569943549
2024,energisa,energisa_sul_sudeste,Energisa Sul-Sudeste,ENERGISA SUL-SUDESTE DISTRIBUIDORA DE ENERGIA S.A.,Energisa Sul-Sudeste,ENERGISA SUL-SUDESTE DISTRIBUIDORA DE ENERGIA S.A.,Energisa Sul-Sudeste — ENERGISA SUL-SUDESTE DISTRIBUIDORA DE ENERGIA S.A.,10471090.0,29,G,0.009011602568798446
2024,energisa,energisa_ro,Energisa RO,ENERGISA RONDÔNIA DISTRIBUIDORA DE ENERGIA S.A.,Energisa RO,ENERGISA RONDÔNIA DISTRIBUIDORA DE ENERGIA S.A.,Energisa RO — ENERGISA RONDÔNIA DISTRIBUIDORA DE ENERGIA S.A.,8429036.0,30,G,0.007254175302675708
2024,energisa,energisa_to,Energisa TO,ENERGISA TOCANTINS DISTRIBUIDORA DE ENERGIA S.A.,Energisa TO,ENERGISA TOCANTINS DISTRIBUIDORA DE ENERGIA S.A.,Energisa TO — ENERGISA TOCANTINS DISTRIBUIDORA DE ENERGIA S.A.,8029308.0,31,G,0.006910162418475432
2024,energisa,energisa_minas_rio,Energisa Minas Rio,ENERGISA MINAS RIO - DISTRIBUIDORA DE ENERGIA S.A.,Energisa Minas Rio,ENERGISA MINAS RIO - DISTRIBUIDORA DE ENERGIA S.A.,Energisa Minas Rio — ENERGISA MINAS RIO - DISTRIBUIDORA DE ENERGIA S.A.,7229182.0,32,G,0.006221560036396544
2024,cpfl,cpfl_santa_cruz,CPFL Santa Cruz,COMPANHIA JAGUARI DE ENERGIA - CPFL SANTA CRUZ,CPFL Santa Cruz,COMPANHIA JAGUARI DE ENERGIA - CPFL SANTA CRUZ,CPFL Santa Cruz — COMPANHIA JAGUARI DE ENERGIA - CPFL SANTA CRUZ,6110374.0,33,G,0.005258694370377796
2024,energisa,energisa_ac,Energisa AC,ENERGISA ACRE - DISTRIBUIDORA DE ENERGIA S.A.,Energisa AC,ENERGISA ACRE - DISTRIBUIDORA DE ENERGIA S.A.,Energisa AC — ENERGISA ACRE - DISTRIBUIDORA DE ENERGIA S.A.,3562014.0,34,G,0.003065531335562585
2024,equatorial,cea_equatorial,CEA Equatorial,COMPANHIA DE ELETRICIDADE DO AMAPA,CEA Equatorial,COMPANHIA DE ELETRICIDADE DO AMAPA,CEA Equatorial — COMPANHIA DE ELETRICIDADE DO AMAPA,3021017.0,35,G,0.0025999398875937245
2024,roraima,roraima_energia,Roraima Energia,RORAIMA ENERGIA S.A.,Roraima Energia,RORAIMA ENERGIA S.A.,Roraima Energia — RORAIMA ENERGIA S.A.,2647975.0,36,G,0.002278893440139858
2024,sulgipe,sulgipe,Sulgipe,COMPANHIA SUL SERGIPANA DE ELETRICIDADE,Sulgipe,COMPANHIA SUL SERGIPANA DE ELETRICIDADE,Sulgipe — COMPANHIA SUL SERGIPANA DE ELETRICIDADE,2054952.0,37,G,0.0017685275097394353
2024,santa,santa_maria,Santa Maria,EMPRESA LUZ E FORÇA SANTA MARIA S.A.,Santa Maria,EMPRESA LUZ E FORÇA SANTA MARIA S.A.,Santa Maria — EMPRESA LUZ E FORÇA SANTA MARIA S.A.,1680559.0,38,G,0.0014463183681371612
2024,dmed,dmed,Dmed,DME DISTRIBUIÇÃO S.A.,Dmed,DME DISTRIBUIÇÃO S.A.,Dmed — DME DISTRIBUIÇÃO S.A.,1080133.0,39,G,0.000929581286899833
2024,certel,certel_energia,Certel Energia,COOPERATIVA DE DISTRIBUIÇÃO DE ENERGIA TEUTÔNIA,Certel Energia,COOPERATIVA DE DISTRIBUIÇÃO DE ENERGIA TEUTÔNIA,Certel Energia — COOPERATIVA DE DISTRIBUIÇÃO DE ENERGIA TEUTÔNIA,899215.0,40,G,0.0007738801026351693
2024,cocel,cocel,Cocel,COMPANHIA CAMPOLARGUENSE DE ENERGIA,Cocel,COMPANHIA CAMPOLARGUENSE DE ENERGIA,Cocel — COMPANHIA CAMPOLARGUENSE DE ENERGIA,709049.0,41,G,0.000610219928374598
2024,coprel,coprel,Coprel,COPREL COOPERATIVA DE ENERGIA,Coprel,COPREL COOPERATIVA DE ENERGIA,Coprel — COPREL COOPERATIVA DE ENERGIA,708332.0,42,G,0.0006096028656770346
2024,cooperalianca,cooperalianca,Cooperaliança,COOPERATIVA ALIANÇA,Cooperaliança,COOPERATIVA ALIANÇA,Cooperaliança — COOPERATIVA ALIANÇA,540415.0,43,G,0.0004650905686243946
2024,dcelt,dcelt,Dcelt,DISTRIBUIDORA CATARINENSE DE ENERGIA ELÉTRICA S/A.,Dcelt,DISTRIBUIDORA CATARINENSE DE ENERGIA ELÉTRICA S/A.,Dcelt — DISTRIBUIDORA CATARINENSE DE ENERGIA ELÉTRICA S/A.,502939.0,44,G,0.00043283806980447324
2024,eletrocar,eletrocar,Eletrocar,CENTRAIS ELÉTRICAS DE CARAZINHO S.A.,Eletrocar,CENTRAIS ELÉTRICAS DE CARAZINHO S.A.,Eletrocar — CENTRAIS ELÉTRICAS DE CARAZINHO S.A.,495803.0,45,G,0.00042669670382147187
2024,chesp,chesp,Chesp,COMPANHIA HIDROELÉTRICA SÃO PATRÍCIO,Chesp,COMPANHIA HIDROELÉTRICA SÃO PATRÍCIO,Chesp — COMPANHIA HIDROELÉTRICA SÃO PATRÍCIO,487441.0,46,G,0.00041950022086885733
2024,demei,demei,Demei,DEPARTAMENTO MUNICIPAL DE ENERGIA DE IJUÍ,Demei,DEPARTAMENTO MUNICIPAL DE ENERGIA DE IJUÍ,Demei — DEPARTAMENTO MUNICIPAL DE ENERGIA DE IJUÍ,437353.0,47,G,0.00037639361501731977
2024,cetril,cetril,Cetril,COOPERATIVA DE ELETRIFICAÇÃO DE IBIÚNA E REGIÃO,Cetril,COOPERATIVA DE ELETRIFICAÇÃO DE IBIÚNA E REGIÃO,Cetril — COOPERATIVA DE ELETRIFICAÇÃO DE IBIÚNA E REGIÃO,396900.0,48,G,0.00034157905810723653
2024,cermissoes,cermissoes,Cermissões,COOPERATIVA DE DISTRIBUIÇÃO E GERAÇÃO DE ENERGIA DAS MISSÕES,Cermissões,COOPERATIVA DE DISTRIBUIÇÃO E GERAÇÃO DE ENERGIA DAS MISSÕES,Cermissões — COOPERATIVA DE DISTRIBUIÇÃO E GERAÇÃO DE ENERGIA DAS MISSÕES,344440.0,49,G,0.00029643106771090085
2024,coopera,coopera,Coopera,COOPERATIVA PIONEIRA DE ELETRIFICAÇÃO,Coopera,COOPERATIVA PIONEIRA DE ELETRIFICAÇÃO,Coopera — COOPERATIVA PIONEIRA DE ELETRIFICAÇÃO,334303.0,50,G,0.00028770698881940915
2024,certaja,certaja_energia,Certaja Energia,COOPERATIVA REGIONAL DE ENERGIA TAQUARI JACUÍ,Certaja Energia,COOPERATIVA REGIONAL DE ENERGIA TAQUARI JACUÍ,Certaja Energia — COOPERATIVA REGIONAL DE ENERGIA TAQUARI JACUÍ,320567.0,51,G,0.0002758855477960758
2024,creluz_d,creluz_d,Creluz-D,COOPERATIVA DE DISTRIBUIÇÃO DE ENERGIA,Creluz-D,COOPERATIVA DE DISTRIBUIÇÃO DE ENERGIA,Creluz-D — COOPERATIVA DE DISTRIBUIÇÃO DE ENERGIA,305895.0,52,M,0.0002632585688579317
2024,celetro,celetro,Celetro,COOPERATIVA DE ELETRIFICAÇÃO CENTRO JACUÍ LTDA.,Celetro,COOPERATIVA DE ELETRIFICAÇÃO CENTRO JACUÍ LTDA.,Celetro — COOPERATIVA DE ELETRIFICAÇÃO CENTRO JACUÍ LTDA.,289250.0,53,M,0.00024893359172970057
2024,ceprag,ceprag,Ceprag,COOPERATIVA DE ELETRICIDADE PRAIA GRANDE,Ceprag,COOPERATIVA DE ELETRICIDADE PRAIA GRANDE,Ceprag — COOPERATIVA DE ELETRICIDADE PRAIA GRANDE,261589.0,54,M,0.00022512805298869712
2024,cergal,cergal,Cergal,COOPERATIVA DE ELETRIFICAÇÃO RURAL ANITA GARIBALDI LTDA,Cergal,COOPERATIVA DE ELETRIFICAÇÃO RURAL ANITA GARIBALDI LTDA,Cergal — COOPERATIVA DE ELETRIFICAÇÃO RURAL ANITA GARIBALDI LTDA,247253.0,55,M,0.0002127902415071518
2024,hidropan,hidropan,Hidropan,HIDROPAN DISTRIBUIÇÃO DE ENERGIA S.A.,Hidropan,HIDROPAN DISTRIBUIÇÃO DE ENERGIA S.A.,Hidropan — HIDROPAN DISTRIBUIÇÃO DE ENERGIA S.A.,242931.0,56,M,0.00020907065297316472
2024,cersul,cersul,Cersul,COOPERATIVA DE DISTRIBUIÇÃOI DE ENERGIA,Cersul,COOPERATIVA DE DISTRIBUIÇÃOI DE ENERGIA,Cersul — COOPERATIVA DE DISTRIBUIÇÃOI DE ENERGIA,224524.0,57,M,0.00019322926793265098
2024,cerbranorte,cerbranorte,Cerbranorte,COOPERATIVA DE ELETRIFICAÇÃO DE BRAÇO DO NORTE,Cerbranorte,COOPERATIVA DE ELETRIFICAÇÃO DE BRAÇO DO NORTE,Cerbranorte — COOPERATIVA DE ELETRIFICAÇÃO DE BRAÇO DO NORTE,220243.0,58,M,0.00018954496471330836
2024,cerci,cerci,Cerci,COOPERATIVA DE ELETRIFICAÇÃO RURAL CACHOEIRAS- ITABORAÍ LTDA,Cerci,COOPERATIVA DE ELETRIFICAÇÃO RURAL CACHOEIRAS- ITABORAÍ LTDA,Cerci — COOPERATIVA DE ELETRIFICAÇÃO RURAL CACHOEIRAS- ITABORAÍ LTDA,216090.0,59,M,0.000185970820525051
2024,nova,nova_palma,Nova Palma,NOVA PALMA ENERGIA LTDA.,Nova Palma,NOVA PALMA ENERGIA LTDA.,Nova Palma — NOVA PALMA ENERGIA LTDA.,209135.0,60,M,0.00017998522629694358
2024,cerpalo,cerpalo,Cerpalo,COOPERATIVA DE ELETRIFICAÇÃO DE PAULO LOPES,Cerpalo,COOPERATIVA DE ELETRIFICAÇÃO DE PAULO LOPES,Cerpalo — COOPERATIVA DE ELETRIFICAÇÃO DE PAULO LOPES,208524.0,61,M,0.0001794593890469977
2024,cooperluz,cooperluz,Cooperluz,COOPERATIVA DISTRIBUIDORA DE ENERGIA FRONTEIRA NOROESTE,Cooperluz,COOPERATIVA DISTRIBUIDORA DE ENERGIA FRONTEIRA NOROESTE,Cooperluz — COOPERATIVA DISTRIBUIDORA DE ENERGIA FRONTEIRA NOROESTE,207509.0,62,M,0.00017858586235518906
2024,cemirim,cemirim,Cemirim,COOPERATIVA DE ELETRIFICAÇÃO E DESENVOLVIMENTO DA REGIÃO DE MOGI MIRIM,Cemirim,COOPERATIVA DE ELETRIFICAÇÃO E DESENVOLVIMENTO DA REGIÃO DE MOGI MIRIM,Cemirim — COOPERATIVA DE ELETRIFICAÇÃO E DESENVOLVIMENTO DA REGIÃO DE MOGI MIRIM,207314.0,63,M,0.00017841804195627018
2024,cermoful,cermoful,Cermoful,COOPERATIVA FUMACENSE DE ELETRICIDADE,Cermoful,COOPERATIVA FUMACENSE DE ELETRICIDADE,Cermoful — COOPERATIVA FUMACENSE DE ELETRICIDADE,198063.0,64,M,0.0001704564701080715
2024,cerfox,cerfox,Cerfox,COOPERATIVA DE DISTRIBUIÇÃO DE ENERGIA FONTOURA XAVIER,Cerfox,COOPERATIVA DE DISTRIBUIÇÃO DE ENERGIA FONTOURA XAVIER,Cerfox — COOPERATIVA DE DISTRIBUIÇÃO DE ENERGIA FONTOURA XAVIER,197797.0,65,M,0.00017022754587159753
2024,cerim,cerim,Cerim,COOPERATIVA DE ELETRIFICAÇÃO E DESENVOLVIMENTO DA REGIÃO DE ITU-MAIRINQUE,Cerim,COOPERATIVA DE ELETRIFICAÇÃO E DESENVOLVIMENTO DA REGIÃO DE ITU-MAIRINQUE,Cerim — COOPERATIVA DE ELETRIFICAÇÃO E DESENVOLVIMENTO DA REGIÃO DE ITU-MAIRINQUE,194050.0,66,M,0.0001670028123600636
2024,cerej,cerej,Cerej,COOPERATIVA DE PRESTAÇÃO DE SERVIÇOS PÚBLICOS DE DISTRIBUIÇÃO DE ENERGIA ELÉTRICA SENADOR ESTEVES JÚNIOR,Cerej,COOPERATIVA DE PRESTAÇÃO DE SERVIÇOS PÚBLICOS DE DISTRIBUIÇÃO DE ENERGIA ELÉTRICA SENADOR ESTEVES JÚNIOR,Cerej — COOPERATIVA DE PRESTAÇÃO DE SERVIÇOS PÚBLICOS DE DISTRIBUIÇÃO DE ENERGIA ELÉTRICA SENADOR ESTEVES JÚNIOR,192593.0,67,M,0.00016574889276403882
2024,ceriluz,ceriluz,Ceriluz,COOPERATIVA REGIONAL DE ENERGIA E DESENVOLVIMENTO IJUÍ LTDA,Ceriluz,COOPERATIVA REGIONAL DE ENERGIA E DESENVOLVIMENTO IJUÍ LTDA,Ceriluz — COOPERATIVA REGIONAL DE ENERGIA E DESENVOLVIMENTO IJUÍ LTDA,181084.0,68,M,0.00015584404675810233
2024,ceraca,ceraca,Ceraçá,COOPERATIVA DISTRIBUIDORA DE ENERGIA VALE DO ARAÇÁ,Ceraçá,COOPERATIVA DISTRIBUIDORA DE ENERGIA VALE DO ARAÇÁ,Ceraçá — COOPERATIVA DISTRIBUIDORA DE ENERGIA VALE DO ARAÇÁ,155995.0,69,M,0.00013425201604796766
2024,mux,mux_energia,Mux Energia,"MUXFELDT, MARIN & CIA LTDA",Mux Energia,"MUXFELDT, MARIN & CIA LTDA","Mux Energia — MUXFELDT, MARIN & CIA LTDA",155282.0,70,M,0.00013363839582012572
2024,coopercocal,coopercocal,Coopercocal,COOPERATIVA ENERGÉTICA COCAL,Coopercocal,COOPERATIVA ENERGÉTICA COCAL,Coopercocal — COOPERATIVA ENERGÉTICA COCAL,143859.0,71,M,0.00012380756291319964
2024,coorsel,coorsel,Coorsel,COOPERATIVA REGIONAL SUL DE ELETRIFICAÇÃO RURAL,Coorsel,COOPERATIVA REGIONAL SUL DE ELETRIFICAÇÃO RURAL,Coorsel — COOPERATIVA REGIONAL SUL DE ELETRIFICAÇÃO RURAL,113841.0,72,M,9.797354888885339e-05
2024,cooperzem,cooperzem,Cooperzem,COOPERZEM COOPERATIVA DE DISTRIBUIÇÃO DE ENERGIA ELÉTRICA,Cooperzem,COOPERZEM COOPERATIVA DE DISTRIBUIÇÃO DE ENERGIA ELÉTRICA,Cooperzem — COOPERZEM COOPERATIVA DE DISTRIBUIÇÃO DE ENERGIA ELÉTRICA,109034.0,73,M,9.383656090114493e-05
2024,certhil,certhil,Certhil,COOPERATIVA DE DISTRIBUIÇÃO DE ENERGIA ENTRE RIOS LTDA,Certhil,COOPERATIVA DE DISTRIBUIÇÃO DE ENERGIA ENTRE RIOS LTDA,Certhil — COOPERATIVA DE DISTRIBUIÇÃO DE ENERGIA ENTRE RIOS LTDA,108538.0,74,M,9.340969465568969e-05
2024,forcel,forcel,Forcel,FORÇA E LUZ CORONEL VIVIDA LTDA,Forcel,FORÇA E LUZ CORONEL VIVIDA LTDA,Forcel — FORÇA E LUZ CORONEL VIVIDA LTDA,105209.0,75,M,9.054469923004345e-05
2024,creral,creral,Creral,COOPERATIVA REGIONAL DE ELETRIFICAÇÃO RURAL DO ALTO URUGUAI,Creral,COOPERATIVA REGIONAL DE ELETRIFICAÇÃO RURAL DO ALTO URUGUAI,Creral — COOPERATIVA REGIONAL DE ELETRIFICAÇÃO RURAL DO ALTO URUGUAI,96425.0,76,M,8.298503572181981e-05
2024,cedrap,cedrap,Cedrap,COOPERATIVA DE ELETRIFICAÇÃO DA REGIÃO DO ALTO DA PARAÍBA,Cedrap,COOPERATIVA DE ELETRIFICAÇÃO DA REGIÃO DO ALTO DA PARAÍBA,Cedrap — COOPERATIVA DE ELETRIFICAÇÃO DA REGIÃO DO ALTO DA PARAÍBA,94589.0,77,P,8.14049421196911e-05
2024,ceripa,ceripa,Ceripa,COOPERATIVA DE ELETRIFICAÇÃO RURAL DE ITAÍ-PARANAPANEMA-AVARÉ,Ceripa,COOPERATIVA DE ELETRIFICAÇÃO RURAL DE ITAÍ-PARANAPANEMA-AVARÉ,Ceripa — COOPERATIVA DE ELETRIFICAÇÃO RURAL DE ITAÍ-PARANAPANEMA-AVARÉ,94384.0,78,P,8.122851554646866e-05
2024,ceral,ceral_araruama,Ceral Araruama,COOPERATIVA DE ELETRIFICAÇÃO RURAL DE ARARUAMA,Ceral Araruama,COOPERATIVA DE ELETRIFICAÇÃO RURAL DE ARARUAMA,Ceral Araruama — COOPERATIVA DE ELETRIFICAÇÃO RURAL DE ARARUAMA,93108.0,79,P,8.013036770533781e-05
2024,eflul,eflul,Eflul,EMPRESA FORÇA E LUZ DE URUSSANGA LTDA.,Eflul,EMPRESA FORÇA E LUZ DE URUSSANGA LTDA.,Eflul — EMPRESA FORÇA E LUZ DE URUSSANGA LTDA.,91532.0,80,P,7.877403463510097e-05
2024,ceris,ceris,Ceris,COOPERATIVA DE ELETRIFICAÇÃO RURAL DA REGIÃO DE ITAPECERICA DA SERRA,Ceris,COOPERATIVA DE ELETRIFICAÇÃO RURAL DA REGIÃO DE ITAPECERICA DA SERRA,Ceris — COOPERATIVA DE ELETRIFICAÇÃO RURAL DA REGIÃO DE ITAPECERICA DA SERRA,87164.0,81,P,7.501485769931763e-05
2024,coopernorte,coopernorte,Coopernorte,COOPERATIVA REGIONAL DE DISTRIBUIÇÃO DE ENERGIA DO LITORAL NORTE,Coopernorte,COOPERATIVA REGIONAL DE DISTRIBUIÇÃO DE ENERGIA DO LITORAL NORTE,Coopernorte — COOPERATIVA REGIONAL DE DISTRIBUIÇÃO DE ENERGIA DO LITORAL NORTE,85512.0,82,P,7.359311770437392e-05
2024,cegero,cegero,Cegero,COOPERATIVA DE ELETRICIDADE DE SÃO LUDGERO,Cegero,COOPERATIVA DE ELETRICIDADE DE SÃO LUDGERO,Cegero — COOPERATIVA DE ELETRICIDADE DE SÃO LUDGERO,85454.0,83,P,7.354320189341343e-05
2024,cergral,cergral,Cergral,COOPERATIVA DE ELETRICIDADE DE GRAVATAL,Cergral,COOPERATIVA DE ELETRICIDADE DE GRAVATAL,Cergral — COOPERATIVA DE ELETRICIDADE DE GRAVATAL,84211.0,84,P,7.247345442748424e-05
2024,cercos,cercos,Cercos,COOPERATIVA DE ELETRIFICAÇÃO E DESENVOLVIMENTO RURAL CENTRO SUL DE SERGIPE LTDA,Cercos,COOPERATIVA DE ELETRIFICAÇÃO E DESENVOLVIMENTO RURAL CENTRO SUL DE SERGIPE LTDA,Cercos — COOPERATIVA DE ELETRIFICAÇÃO E DESENVOLVIMENTO RURAL CENTRO SUL DE SERGIPE LTDA,82533.0,85,P,7.102933837935135e-05
2024,ceres,ceres,Ceres,COOPERATIVA DE ELETRIFICAÇÃO RURAL DE RESENDE LTDA.,Ceres,COOPERATIVA DE ELETRIFICAÇÃO RURAL DE RESENDE LTDA.,Ceres — COOPERATIVA DE ELETRIFICAÇÃO RURAL DE RESENDE LTDA.,71930.0,86,P,6.1904211765315e-05
2024,coopersul,coopersul,Coopersul,COOPERATIVA REGIONAL DE ELETRIFICAÇÃO RURAL FRONTEIRA SUL LTDA,Coopersul,COOPERATIVA REGIONAL DE ELETRIFICAÇÃO RURAL FRONTEIRA SUL LTDA,Coopersul — COOPERATIVA REGIONAL DE ELETRIFICAÇÃO RURAL FRONTEIRA SUL LTDA,71921.0,87,P,6.189646620844181e-05
2024,cejama,cejama,Cejama,COOPERATIVA DE ELETRICIDADE JACINTO MACHADO,Cejama,COOPERATIVA DE ELETRICIDADE JACINTO MACHADO,Cejama — COOPERATIVA DE ELETRICIDADE JACINTO MACHADO,69319.0,88,P,5.9657139654662456e-05
2024,cervam,cervam,Cervam,COOPERATIVA DE ENERGIZAÇÃO E DE DESENVOLVIMENTO DO VALE DO MOGI,Cervam,COOPERATIVA DE ENERGIZAÇÃO E DE DESENVOLVIMENTO DO VALE DO MOGI,Cervam — COOPERATIVA DE ENERGIZAÇÃO E DE DESENVOLVIMENTO DO VALE DO MOGI,58172.0,89,P,5.006383715851389e-05
2024,certrel,certrel,Certrel,COOPERATIVA DE ENERGIA TREVISO,Certrel,COOPERATIVA DE ENERGIA TREVISO,Certrel — COOPERATIVA DE ENERGIA TREVISO,57574.0,90,P,4.95491879351626e-05
2024,cernhe,cernhe,Cernhe,COOPERATIVA DE ELETRIFICAÇÃO E DESENVOLVIMENTO RURAL DA REGIÃO DE NOVO HORIZONTE,Cernhe,COOPERATIVA DE ELETRIFICAÇÃO E DESENVOLVIMENTO RURAL DA REGIÃO DE NOVO HORIZONTE,Cernhe — COOPERATIVA DE ELETRIFICAÇÃO E DESENVOLVIMENTO RURAL DA REGIÃO DE NOVO HORIZONTE,57247.0,91,P,4.9267766035437056e-05
2024,ceral,ceral_anitapolis,Ceral Anitápolis,COOPERATIVA DE DISTRIBUIÇÃO DE ENERGIA ELÉTRICA DE ANITÁPOLIS,Ceral Anitápolis,COOPERATIVA DE DISTRIBUIÇÃO DE ENERGIA ELÉTRICA DE ANITÁPOLIS,Ceral Anitápolis — COOPERATIVA DE DISTRIBUIÇÃO DE ENERGIA ELÉTRICA DE ANITÁPOLIS,48629.0,92,P,4.1850965020652066e-05
2024,joao,joao_cesa,João Cesa,EMPRESA FORÇA E LUZ JOÃO CESA LTDA.,João Cesa,EMPRESA FORÇA E LUZ JOÃO CESA LTDA.,João Cesa — EMPRESA FORÇA E LUZ JOÃO CESA LTDA.,48424.0,93,P,4.167453844742963e-05
2024,cergapa,cergapa,Cergapa,COOPERATIVA DE ELETRICIDADE DE GRÃO PARÁ,Cergapa,COOPERATIVA DE ELETRICIDADE DE GRÃO PARÁ,Cergapa — COOPERATIVA DE ELETRICIDADE DE GRÃO PARÁ,48230.0,94,P,4.1507578665941086e-05
2024,cerrp,cerrp,Cerrp,COOPERATIVA DE ELETRIFICAÇÃO E DESENVOLVIMENTO DA REGIÃO DE SÃO JOSÉ DO RIO PRETO,Cerrp,COOPERATIVA DE ELETRIFICAÇÃO E DESENVOLVIMENTO DA REGIÃO DE SÃO JOSÉ DO RIO PRETO,Cerrp — COOPERATIVA DE ELETRIFICAÇÃO E DESENVOLVIMENTO DA REGIÃO DE SÃO JOSÉ DO RIO PRETO,42519.0,95,P,3.659259252119322e-05
2024,cermc,cermc,Cermc,COOPERATIVA DE ELETRIFICAÇÃO E DESENVOLVIMENTO DA REGIÃO DE MOGI DAS CRUZES,Cermc,COOPERATIVA DE ELETRIFICAÇÃO E DESENVOLVIMENTO DA REGIÃO DE MOGI DAS CRUZES,Cermc — COOPERATIVA DE ELETRIFICAÇÃO E DESENVOLVIMENTO DA REGIÃO DE MOGI DAS CRUZES,42335.0,96,P,3.643423891400821e-05
2024,cedri,cedri,Cedri,COOPERATIVA DE ELETRIFICAÇÃO E DISTRIBUIÇÃO DA REGIÃO DE ITARIRI,Cedri,COOPERATIVA DE ELETRIFICAÇÃO E DISTRIBUIÇÃO DA REGIÃO DE ITARIRI,Cedri — COOPERATIVA DE ELETRIFICAÇÃO E DISTRIBUIÇÃO DA REGIÃO DE ITARIRI,40554.0,97,P,3.490147927054893e-05
2024,castro_dis,castro_dis,Castro-Dis,COOPERATIVA DE DISTRIBUIÇÃO DE ENERGIA ELÉTRICA DE CASTRO,Castro-Dis,COOPERATIVA DE DISTRIBUIÇÃO DE ENERGIA ELÉTRICA DE CASTRO,Castro-Dis — COOPERATIVA DE DISTRIBUIÇÃO DE ENERGIA ELÉTRICA DE CASTRO,28465.0,98,P,2.4497475155007526e-05
2024,cerpro,cerpro,Cerpro,COOPERATIVA DE ELETRIFICAÇÃO RURAL DA REGIÃO DE PROMISSÃO,Cerpro,COOPERATIVA DE ELETRIFICAÇÃO RURAL DA REGIÃO DE PROMISSÃO,Cerpro — COOPERATIVA DE ELETRIFICAÇÃO RURAL DA REGIÃO DE PROMISSÃO,25077.0,99,P,2.1581703300970446e-05
2024,coopermila,coopermila,Coopermila,COOPERATIVA DE ELETRIFICAÇÃO LAURO MÜLLER,Coopermila,COOPERATIVA DE ELETRIFICAÇÃO LAURO MÜLLER,Coopermila — COOPERATIVA DE ELETRIFICAÇÃO LAURO MÜLLER,17061.0,100,P,1.4682993979258155e-05
2024,cersad,cersad,Cersad,COOPERATIVA DE DISTRIBUIÇÃO DE ENERGIA ELÉTRICA SALTO DONNER,Cersad,COOPERATIVA DE DISTRIBUIÇÃO DE ENERGIA ELÉTRICA SALTO DONNER,Cersad — COOPERATIVA DE DISTRIBUIÇÃO DE ENERGIA ELÉTRICA SALTO DONNER,16848.0,101,P,1.4499682466592897e-05
2025,cemig,cemig_d,Cemig-D,CEMIG DISTRIBUIÇÃO S.A.,Cemig-D,CEMIG DISTRIBUIÇÃO S.A.,Cemig-D — CEMIG DISTRIBUIÇÃO S.A.,128137826.0,1,GG,0.10681884506128812
2025,enel,enel_sp,Enel SP,ELETROPAULO METROPOLITANA ELETRICIDADE DE SÃO PAULO S.A.,Enel SP,ELETROPAULO METROPOLITANA ELETRICIDADE DE SÃO PAULO S.A.,Enel SP — ELETROPAULO METROPOLITANA ELETRICIDADE DE SÃO PAULO S.A.,103295686.0,2,GG,0.08610982582405814
2025,neoenergia,neoenergia_coelba,Neoenergia Coelba,COMPANHIA DE ELETRICIDADE DO ESTADO DA BAHIA,Neoenergia Coelba,COMPANHIA DE ELETRICIDADE DO ESTADO DA BAHIA,Neoenergia Coelba — COMPANHIA DE ELETRICIDADE DO ESTADO DA BAHIA,83475206.0,3,GG,0.06958698593944546
2025,copel,copel_dis,Copel-Dis,COPEL DISTRIBUIÇÃO S.A.,Copel-Dis,COPEL DISTRIBUIÇÃO S.A.,Copel-Dis — COPEL DISTRIBUIÇÃO S.A.,64318959.0,4,GG,0.053617867029555684
2025,cpfl,cpfl_paulista,CPFL Paulista,COMPANHIA PAULISTA DE FORÇA E LUZ,CPFL Paulista,COMPANHIA PAULISTA DE FORÇA E LUZ,CPFL Paulista — COMPANHIA PAULISTA DE FORÇA E LUZ,61226839.0,5,GG,0.051040199704445066
2025,light,light,Light,LIGHT SERVIÇOS DE ELETRICIDADE S.A.,Light,LIGHT SERVIÇOS DE ELETRICIDADE S.A.,Light — LIGHT SERVIÇOS DE ELETRICIDADE S.A.,56108510.0,6,GG,0.046773434694527556
2025,enel,enel_ce,Enel CE,COMPANHIA ENERGÉTICA DO CEARÁ,Enel CE,COMPANHIA ENERGÉTICA DO CEARÁ,Enel CE — COMPANHIA ENERGÉTICA DO CEARÁ,51563889.0,7,GG,0.04298492679162872
2025,neoenergia,neoenergia_pernambuco,Neoenergia Pernambuco,COMPANHIA ENERGÉTICA DE PERNAMBUCO,Neoenergia Pernambuco,COMPANHIA ENERGÉTICA DE PERNAMBUCO,Neoenergia Pernambuco — COMPANHIA ENERGÉTICA DE PERNAMBUCO,50212957.0,8,GG,0.04185875663172343
2025,celesc,celesc_dis,Celesc-Dis,CELESC DISTRIBUIÇÃO S.A.,Celesc-Dis,CELESC DISTRIBUIÇÃO S.A.,Celesc-Dis — CELESC DISTRIBUIÇÃO S.A.,42541803.0,9,GG,0.03546389388005414
2025,enel,enel_go,Enel GO,CELG DISTRIBUIÇÃO S.A.,Enel GO,CELG DISTRIBUIÇÃO S.A.,Enel GO — CELG DISTRIBUIÇÃO S.A.,42519162.0,10,GG,0.03544501978528814
2025,rge,rge,RGE,RGE SUL DISTRIBUIDORA DE ENERGIA S.A.,RGE,RGE SUL DISTRIBUIDORA DE ENERGIA S.A.,RGE — RGE SUL DISTRIBUIDORA DE ENERGIA S.A.,37889306.0,11,GG,0.03158545788886519
2025,enel,enel_rj,Enel RJ,AMPLA ENERGIA E SERVIÇOS S.A.,Enel RJ,AMPLA ENERGIA E SERVIÇOS S.A.,Enel RJ — AMPLA ENERGIA E SERVIÇOS S.A.,37380032.0,12,GG,0.031160914549884684
2025,neoenergia,neoenergia_elektro,Neoenergia Elektro,ELEKTRO REDES S.A.,Neoenergia Elektro,ELEKTRO REDES S.A.,Neoenergia Elektro — ELEKTRO REDES S.A.,36737771.0,13,GG,0.030625509975064538
2025,equatorial,equatorial_pa,Equatorial PA,EQUATORIAL PARÁ DISTRIBUIDORA DE ENERGIA S.A.,Equatorial PA,EQUATORIAL PARÁ DISTRIBUIDORA DE ENERGIA S.A.,Equatorial PA — EQUATORIAL PARÁ DISTRIBUIDORA DE ENERGIA S.A.,34417693.0,14,GG,0.02869143586011816
2025,equatorial,equatorial_ma,Equatorial MA,EQUATORIAL MARANHÃO DISTRIBUIDORA DE ENERGIA S.A.,Equatorial MA,EQUATORIAL MARANHÃO DISTRIBUIDORA DE ENERGIA S.A.,Equatorial MA — EQUATORIAL MARANHÃO DISTRIBUIDORA DE ENERGIA S.A.,34240102.0,15,GG,0.02854339163223123
2025,edp,edp_sp,EDP SP,EDP SÃO PAULO DISTRIBUIÇÃO DE ENERGIA S.A.,EDP SP,EDP SÃO PAULO DISTRIBUIÇÃO DE ENERGIA S.A.,EDP SP — EDP SÃO PAULO DISTRIBUIÇÃO DE ENERGIA S.A.,27717944.0,16,GG,0.023106360221481055
2025,cpfl,cpfl_piratininga,CPFL Piratininga,COMPANHIA PIRATININGA DE FORÇA E LUZ,CPFL Piratininga,COMPANHIA PIRATININGA DE FORÇA E LUZ,CPFL Piratininga — COMPANHIA PIRATININGA DE FORÇA E LUZ,23980216.0,17,GG,0.019990498179984904
2025,energisa,energisa_pb,Energisa PB,ENERGISA PARAÍBA DISTRIBUIDORA DE ENERGIA S.A.,Energisa PB,ENERGISA PARAÍBA DISTRIBUIDORA DE ENERGIA S.A.,Energisa PB — ENERGISA PARAÍBA DISTRIBUIDORA DE ENERGIA S.A.,23958783.0,18,GG,0.019972631103746242
2025,equatorial,ceee_equatorial,CEEE Equatorial,COMPANHIA ESTADUAL DE DISTRIBUIÇÃO DE ENERGIA ELÉTRICA,CEEE Equatorial,COMPANHIA ESTADUAL DE DISTRIBUIÇÃO DE ENERGIA ELÉTRICA,CEEE Equatorial — COMPANHIA ESTADUAL DE DISTRIBUIÇÃO DE ENERGIA ELÉTRICA,23839367.0,19,GG,0.019873082987471515
2025,energisa,energisa_mt,Energisa MT,ENERGISA MATO GROSSO DISTRIBUIDORA DE ENERGIA S.A.,Energisa MT,ENERGISA MATO GROSSO DISTRIBUIDORA DE ENERGIA S.A.,Energisa MT — ENERGISA MATO GROSSO DISTRIBUIDORA DE ENERGIA S.A.,22983443.0,20,GG,0.019159563677878747
2025,edp,edp_es,EDP ES,EDP ESPÍRITO SANTO DISTRIBUIÇÃO DE ENERGIA S.A.,EDP ES,EDP ESPÍRITO SANTO DISTRIBUIÇÃO DE ENERGIA S.A.,EDP ES — EDP ESPÍRITO SANTO DISTRIBUIÇÃO DE ENERGIA S.A.,22175247.0,21,GG,0.0184858316036109
2025,neoenergia,neoenergia_cosern,Neoenergia Cosern,COMPANHIA ENERGÉTICA DO RIO GRANDE DO NORTE,Neoenergia Cosern,COMPANHIA ENERGÉTICA DO RIO GRANDE DO NORTE,Neoenergia Cosern — COMPANHIA ENERGÉTICA DO RIO GRANDE DO NORTE,19613957.0,22,GG,0.016350677229546313
2025,equatorial,equatorial_pi,Equatorial PI,EQUATORIAL PIAUÍ DISTRIBUIDORA DE ENERGIA S.A.,Equatorial PI,EQUATORIAL PIAUÍ DISTRIBUIDORA DE ENERGIA S.A.,Equatorial PI — EQUATORIAL PIAUÍ DISTRIBUIDORA DE ENERGIA S.A.,18729996.0,23,GG,0.015613785586798908
2025,energisa,energisa_ms,Energisa MS,ENERGISA MATO GROSSO DO SUL DISTRIBUIDORA DE ENERGIA S.A.,Energisa MS,ENERGISA MATO GROSSO DO SUL DISTRIBUIDORA DE ENERGIA S.A.,Energisa MS — ENERGISA MATO GROSSO DO SUL DISTRIBUIDORA DE ENERGIA S.A.,18158055.0,24,GG,0.015137001494463845
2025,equatorial,equatorial_al,Equatorial AL,EQUATORIAL ALAGOAS DISTRIBUIDORA DE ENERGIA S.A.,Equatorial AL,EQUATORIAL ALAGOAS DISTRIBUIDORA DE ENERGIA S.A.,Equatorial AL — EQUATORIAL ALAGOAS DISTRIBUIDORA DE ENERGIA S.A.,16935181.0,25,GG,0.014117583634701829
2025,neoenergia,neoenergia_brasilia,Neoenergia Brasília,NEOENERGIA DISTRIBUIÇÃO BRASÍLIA S.A.,Neoenergia Brasília,NEOENERGIA DISTRIBUIÇÃO BRASÍLIA S.A.,Neoenergia Brasília — NEOENERGIA DISTRIBUIÇÃO BRASÍLIA S.A.,14552444.0,26,GG,0.012131275435397756
2025,amazonas,amazonas_energia,Amazonas Energia,AMAZONAS ENERGIA S.A.,Amazonas Energia,AMAZONAS ENERGIA S.A.,Amazonas Energia — AMAZONAS ENERGIA S.A.,14296378.0,27,G,0.011917812516341648
2025,energisa,energisa_ro,Energisa RO,ENERGISA RONDÔNIA DISTRIBUIDORA DE ENERGIA S.A.,Energisa RO,ENERGISA RONDÔNIA DISTRIBUIDORA DE ENERGIA S.A.,Energisa RO — ENERGISA RONDÔNIA DISTRIBUIDORA DE ENERGIA S.A.,12758792.0,28,G,0.010636042988720618
2025,energisa,energisa_sul_sudeste,Energisa Sul-Sudeste,ENERGISA SUL-SUDESTE DISTRIBUIDORA DE ENERGIA S.A.,Energisa Sul-Sudeste,ENERGISA SUL-SUDESTE DISTRIBUIDORA DE ENERGIA S.A.,Energisa Sul-Sudeste — ENERGISA SUL-SUDESTE DISTRIBUIDORA DE ENERGIA S.A.,12699916.0,29,G,0.010586962506257708
2025,energisa,energisa_se,Energisa SE,ENERGISA SERGIPE DISTRIBUIDORA DE ENERGIA S.A.,Energisa SE,ENERGISA SERGIPE DISTRIBUIDORA DE ENERGIA S.A.,Energisa SE — ENERGISA SERGIPE DISTRIBUIDORA DE ENERGIA S.A.,11333060.0,30,G,0.009447517708083185
2025,energisa,energisa_to,Energisa TO,ENERGISA TOCANTINS DISTRIBUIDORA DE ENERGIA S.A.,Energisa TO,ENERGISA TOCANTINS DISTRIBUIDORA DE ENERGIA S.A.,Energisa TO — ENERGISA TOCANTINS DISTRIBUIDORA DE ENERGIA S.A.,10284309.0,31,G,0.008573253066065059
2025,energisa,energisa_minas_rio,Energisa Minas Rio,ENERGISA MINAS RIO - DISTRIBUIDORA DE ENERGIA S.A.,Energisa Minas Rio,ENERGISA MINAS RIO - DISTRIBUIDORA DE ENERGIA S.A.,Energisa Minas Rio — ENERGISA MINAS RIO - DISTRIBUIDORA DE ENERGIA S.A.,7716702.0,32,G,0.0064328326853471994
2025,cpfl,cpfl_santa_cruz,CPFL Santa Cruz,COMPANHIA JAGUARI DE ENERGIA - CPFL SANTA CRUZ,CPFL Santa Cruz,COMPANHIA JAGUARI DE ENERGIA - CPFL SANTA CRUZ,CPFL Santa Cruz — COMPANHIA JAGUARI DE ENERGIA - CPFL SANTA CRUZ,6241264.0,33,G,0.005202871259908806
2025,energisa,energisa_ac,Energisa AC,ENERGISA ACRE - DISTRIBUIDORA DE ENERGIA S.A.,Energisa AC,ENERGISA ACRE - DISTRIBUIDORA DE ENERGIA S.A.,Energisa AC — ENERGISA ACRE - DISTRIBUIDORA DE ENERGIA S.A.,4611069.0,34,G,0.003843900590898965
2025,equatorial,cea_equatorial,CEA Equatorial,COMPANHIA DE ELETRICIDADE DO AMAPA,CEA Equatorial,COMPANHIA DE ELETRICIDADE DO AMAPA,CEA Equatorial — COMPANHIA DE ELETRICIDADE DO AMAPA,3226577.0,35,G,0.0026897539891250835
2025,roraima,roraima_energia,Roraima Energia,RORAIMA ENERGIA S.A.,Roraima Energia,RORAIMA ENERGIA S.A.,Roraima Energia — RORAIMA ENERGIA S.A.,2719247.0,36,G,0.002266831216383931
2025,sulgipe,sulgipe,Sulgipe,COMPANHIA SUL SERGIPANA DE ELETRICIDADE,Sulgipe,COMPANHIA SUL SERGIPANA DE ELETRICIDADE,Sulgipe — COMPANHIA SUL SERGIPANA DE ELETRICIDADE,1920563.0,37,G,0.0016010285793942119
2025,santa,santa_maria,Santa Maria,EMPRESA LUZ E FORÇA SANTA MARIA S.A.,Santa Maria,EMPRESA LUZ E FORÇA SANTA MARIA S.A.,Santa Maria — EMPRESA LUZ E FORÇA SANTA MARIA S.A.,1711726.0,38,G,0.0014269369169832684
2025,dmed,dmed,Dmed,DME DISTRIBUIÇÃO S.A.,Dmed,DME DISTRIBUIÇÃO S.A.,Dmed — DME DISTRIBUIÇÃO S.A.,999893.0,39,G,0.0008335354108853584
2025,certel,certel_energia,Certel Energia,COOPERATIVA DE DISTRIBUIÇÃO DE ENERGIA TEUTÔNIA,Certel Energia,COOPERATIVA DE DISTRIBUIÇÃO DE ENERGIA TEUTÔNIA,Certel Energia — COOPERATIVA DE DISTRIBUIÇÃO DE ENERGIA TEUTÔNIA,921316.0,40,G,0.0007680316900060855
2025,cocel,cocel,Cocel,COMPANHIA CAMPOLARGUENSE DE ENERGIA,Cocel,COMPANHIA CAMPOLARGUENSE DE ENERGIA,Cocel — COMPANHIA CAMPOLARGUENSE DE ENERGIA,659259.0,41,G,0.0005495745259191439
2025,coprel,coprel,Coprel,COPREL COOPERATIVA DE ENERGIA,Coprel,COPREL COOPERATIVA DE ENERGIA,Coprel — COPREL COOPERATIVA DE ENERGIA,658139.0,42,G,0.0005486408663573792
2025,dcelt,dcelt,Dcelt,DISTRIBUIDORA CATARINENSE DE ENERGIA ELÉTRICA S/A.,Dcelt,DISTRIBUIDORA CATARINENSE DE ENERGIA ELÉTRICA S/A.,Dcelt — DISTRIBUIDORA CATARINENSE DE ENERGIA ELÉTRICA S/A.,511269.0,43,G,0.00042620642007489435
2025,cooperalianca,cooperalianca,Cooperaliança,COOPERATIVA ALIANÇA,Cooperaliança,COOPERATIVA ALIANÇA,Cooperaliança — COOPERATIVA ALIANÇA,505321.0,44,G,0.00042124802090223674
2025,eletrocar,eletrocar,Eletrocar,CENTRAIS ELÉTRICAS DE CARAZINHO S.A.,Eletrocar,CENTRAIS ELÉTRICAS DE CARAZINHO S.A.,Eletrocar — CENTRAIS ELÉTRICAS DE CARAZINHO S.A.,485011.0,45,G,0.0004043171050991642
2025,chesp,chesp,Chesp,COMPANHIA HIDROELÉTRICA SÃO PATRÍCIO,Chesp,COMPANHIA HIDROELÉTRICA SÃO PATRÍCIO,Chesp — COMPANHIA HIDROELÉTRICA SÃO PATRÍCIO,467262.0,46,G,0.0003895211019190197
2025,demei,demei,Demei,DEPARTAMENTO MUNICIPAL DE ENERGIA DE IJUÍ,Demei,DEPARTAMENTO MUNICIPAL DE ENERGIA DE IJUÍ,Demei — DEPARTAMENTO MUNICIPAL DE ENERGIA DE IJUÍ,448596.0,47,G,0.00037396066497268033
2025,cetril,cetril,Cetril,COOPERATIVA DE ELETRIFICAÇÃO DE IBIÚNA E REGIÃO,Cetril,COOPERATIVA DE ELETRIFICAÇÃO DE IBIÚNA E REGIÃO,Cetril — COOPERATIVA DE ELETRIFICAÇÃO DE IBIÚNA E REGIÃO,409368.0,48,G,0.00034125923882187136
2025,cermissoes,cermissoes,Cermissões,COOPERATIVA DE DISTRIBUIÇÃO E GERAÇÃO DE ENERGIA DAS MISSÕES,Cermissões,COOPERATIVA DE DISTRIBUIÇÃO E GERAÇÃO DE ENERGIA DAS MISSÕES,Cermissões — COOPERATIVA DE DISTRIBUIÇÃO E GERAÇÃO DE ENERGIA DAS MISSÕES,348307.0,49,G,0.00029035728658891155
2025,coopera,coopera,Coopera,COOPERATIVA PIONEIRA DE ELETRIFICAÇÃO,Coopera,COOPERATIVA PIONEIRA DE ELETRIFICAÇÃO,Coopera — COOPERATIVA PIONEIRA DE ELETRIFICAÇÃO,342767.0,50,G,0.00028573900625661114
2025,creluz_d,creluz_d,Creluz-D,COOPERATIVA DE DISTRIBUIÇÃO DE ENERGIA,Creluz-D,COOPERATIVA DE DISTRIBUIÇÃO DE ENERGIA,Creluz-D — COOPERATIVA DE DISTRIBUIÇÃO DE ENERGIA,309903.0,51,G,0.0002583427671156866
2025,celetro,celetro,Celetro,COOPERATIVA DE ELETRIFICAÇÃO CENTRO JACUÍ LTDA.,Celetro,COOPERATIVA DE ELETRIFICAÇÃO CENTRO JACUÍ LTDA.,Celetro — COOPERATIVA DE ELETRIFICAÇÃO CENTRO JACUÍ LTDA.,292157.0,52,M,0.00024354926480936828
2025,ceprag,ceprag,Ceprag,COOPERATIVA DE ELETRICIDADE PRAIA GRANDE,Ceprag,COOPERATIVA DE ELETRICIDADE PRAIA GRANDE,Ceprag — COOPERATIVA DE ELETRICIDADE PRAIA GRANDE,280269.0,53,M,0.00023363913546092284
2025,cergal,cergal,Cergal,COOPERATIVA DE ELETRIFICAÇÃO RURAL ANITA GARIBALDI LTDA,Cergal,COOPERATIVA DE ELETRIFICAÇÃO RURAL ANITA GARIBALDI LTDA,Cergal — COOPERATIVA DE ELETRIFICAÇÃO RURAL ANITA GARIBALDI LTDA,251375.0,54,M,0.00020955238601661074
2025,hidropan,hidropan,Hidropan,HIDROPAN DISTRIBUIÇÃO DE ENERGIA S.A.,Hidropan,HIDROPAN DISTRIBUIÇÃO DE ENERGIA S.A.,Hidropan — HIDROPAN DISTRIBUIÇÃO DE ENERGIA S.A.,245588.0,55,M,0.00020472820040595685
2025,certaja,certaja_energia,Certaja Energia,COOPERATIVA REGIONAL DE ENERGIA TAQUARI JACUÍ,Certaja Energia,COOPERATIVA REGIONAL DE ENERGIA TAQUARI JACUÍ,Certaja Energia — COOPERATIVA REGIONAL DE ENERGIA TAQUARI JACUÍ,243207.0,56,M,0.0002027433402125981
2025,cersul,cersul,Cersul,COOPERATIVA DE DISTRIBUIÇÃOI DE ENERGIA,Cersul,COOPERATIVA DE DISTRIBUIÇÃOI DE ENERGIA,Cersul — COOPERATIVA DE DISTRIBUIÇÃOI DE ENERGIA,226782.0,57,M,0.0001890510560143969
2025,cerbranorte,cerbranorte,Cerbranorte,COOPERATIVA DE ELETRIFICAÇÃO DE BRAÇO DO NORTE,Cerbranorte,COOPERATIVA DE ELETRIFICAÇÃO DE BRAÇO DO NORTE,Cerbranorte — COOPERATIVA DE ELETRIFICAÇÃO DE BRAÇO DO NORTE,223433.0,58,M,0.00018625924719979867
2025,cerci,cerci,Cerci,COOPERATIVA DE ELETRIFICAÇÃO RURAL CACHOEIRAS- ITABORAÍ LTDA,Cerci,COOPERATIVA DE ELETRIFICAÇÃO RURAL CACHOEIRAS- ITABORAÍ LTDA,Cerci — COOPERATIVA DE ELETRIFICAÇÃO RURAL CACHOEIRAS- ITABORAÍ LTDA,221227.0,59,M,0.00018442027131296566
2025,cerpalo,cerpalo,Cerpalo,COOPERATIVA DE ELETRIFICAÇÃO DE PAULO LOPES,Cerpalo,COOPERATIVA DE ELETRIFICAÇÃO DE PAULO LOPES,Cerpalo — COOPERATIVA DE ELETRIFICAÇÃO DE PAULO LOPES,216615.0,60,M,0.000180575594617556
2025,cemirim,cemirim,Cemirim,COOPERATIVA DE ELETRIFICAÇÃO E DESENVOLVIMENTO DA REGIÃO DE MOGI MIRIM,Cemirim,COOPERATIVA DE ELETRIFICAÇÃO E DESENVOLVIMENTO DA REGIÃO DE MOGI MIRIM,Cemirim — COOPERATIVA DE ELETRIFICAÇÃO E DESENVOLVIMENTO DA REGIÃO DE MOGI MIRIM,214588.0,61,M,0.00017888583753568362
2025,cooperluz,cooperluz,Cooperluz,COOPERATIVA DISTRIBUIDORA DE ENERGIA FRONTEIRA NOROESTE,Cooperluz,COOPERATIVA DISTRIBUIDORA DE ENERGIA FRONTEIRA NOROESTE,Cooperluz — COOPERATIVA DISTRIBUIDORA DE ENERGIA FRONTEIRA NOROESTE,210890.0,62,M,0.00017580309373264264
2025,cerim,cerim,Cerim,COOPERATIVA DE ELETRIFICAÇÃO E DESENVOLVIMENTO DA REGIÃO DE ITU-MAIRINQUE,Cerim,COOPERATIVA DE ELETRIFICAÇÃO E DESENVOLVIMENTO DA REGIÃO DE ITU-MAIRINQUE,Cerim — COOPERATIVA DE ELETRIFICAÇÃO E DESENVOLVIMENTO DA REGIÃO DE ITU-MAIRINQUE,202961.0,63,M,0.0001691932842101137
2025,cerfox,cerfox,Cerfox,COOPERATIVA DE DISTRIBUIÇÃO DE ENERGIA FONTOURA XAVIER,Cerfox,COOPERATIVA DE DISTRIBUIÇÃO DE ENERGIA FONTOURA XAVIER,Cerfox — COOPERATIVA DE DISTRIBUIÇÃO DE ENERGIA FONTOURA XAVIER,198486.0,64,M,0.00016546281408609846
2025,nova,nova_palma,Nova Palma,NOVA PALMA ENERGIA LTDA.,Nova Palma,NOVA PALMA ENERGIA LTDA.,Nova Palma — NOVA PALMA ENERGIA LTDA.,191472.0,65,M,0.00015961577108054696
2025,ceriluz,ceriluz,Ceriluz,COOPERATIVA REGIONAL DE ENERGIA E DESENVOLVIMENTO IJUÍ LTDA,Ceriluz,COOPERATIVA REGIONAL DE ENERGIA E DESENVOLVIMENTO IJUÍ LTDA,Ceriluz — COOPERATIVA REGIONAL DE ENERGIA E DESENVOLVIMENTO IJUÍ LTDA,188457.0,66,M,0.00015710239288526073
2025,cermoful,cermoful,Cermoful,COOPERATIVA FUMACENSE DE ELETRICIDADE,Cermoful,COOPERATIVA FUMACENSE DE ELETRICIDADE,Cermoful — COOPERATIVA FUMACENSE DE ELETRICIDADE,184887.0,67,M,0.0001541263530321357
2025,cerej,cerej,Cerej,COOPERATIVA DE PRESTAÇÃO DE SERVIÇOS PÚBLICOS DE DISTRIBUIÇÃO DE ENERGIA ELÉTRICA SENADOR ESTEVES JÚNIOR,Cerej,COOPERATIVA DE PRESTAÇÃO DE SERVIÇOS PÚBLICOS DE DISTRIBUIÇÃO DE ENERGIA ELÉTRICA SENADOR ESTEVES JÚNIOR,Cerej — COOPERATIVA DE PRESTAÇÃO DE SERVIÇOS PÚBLICOS DE DISTRIBUIÇÃO DE ENERGIA ELÉTRICA SENADOR ESTEVES JÚNIOR,183950.0,68,M,0.00015334524677376648
2025,ceraca,ceraca,Ceraçá,COOPERATIVA DISTRIBUIDORA DE ENERGIA VALE DO ARAÇÁ,Ceraçá,COOPERATIVA DISTRIBUIDORA DE ENERGIA VALE DO ARAÇÁ,Ceraçá — COOPERATIVA DISTRIBUIDORA DE ENERGIA VALE DO ARAÇÁ,166365.0,69,M,0.0001386859580294518
2025,mux,mux_energia,Mux Energia,"MUXFELDT, MARIN & CIA LTDA",Mux Energia,"MUXFELDT, MARIN & CIA LTDA","Mux Energia — MUXFELDT, MARIN & CIA LTDA",157789.0,70,M,0.00013153679338508202
2025,coopercocal,coopercocal,Coopercocal,COOPERATIVA ENERGÉTICA COCAL,Coopercocal,COOPERATIVA ENERGÉTICA COCAL,Coopercocal — COOPERATIVA ENERGÉTICA COCAL,146233.0,71,M,0.00012190342740673114
2025,coorsel,coorsel,Coorsel,COOPERATIVA REGIONAL SUL DE ELETRIFICAÇÃO RURAL,Coorsel,COOPERATIVA REGIONAL SUL DE ELETRIFICAÇÃO RURAL,Coorsel — COOPERATIVA REGIONAL SUL DE ELETRIFICAÇÃO RURAL,116310.0,72,M,9.695887824004772e-05
2025,certhil,certhil,Certhil,COOPERATIVA DE DISTRIBUIÇÃO DE ENERGIA ENTRE RIOS LTDA,Certhil,COOPERATIVA DE DISTRIBUIÇÃO DE ENERGIA ENTRE RIOS LTDA,Certhil — COOPERATIVA DE DISTRIBUIÇÃO DE ENERGIA ENTRE RIOS LTDA,108405.0,73,M,9.036907570812805e-05
2025,forcel,forcel,Forcel,FORÇA E LUZ CORONEL VIVIDA LTDA,Forcel,FORÇA E LUZ CORONEL VIVIDA LTDA,Forcel — FORÇA E LUZ CORONEL VIVIDA LTDA,107406.0,74,M,8.953628472401828e-05
2025,creral,creral,Creral,COOPERATIVA REGIONAL DE ELETRIFICAÇÃO RURAL DO ALTO URUGUAI,Creral,COOPERATIVA REGIONAL DE ELETRIFICAÇÃO RURAL DO ALTO URUGUAI,Creral — COOPERATIVA REGIONAL DE ELETRIFICAÇÃO RURAL DO ALTO URUGUAI,97540.0,75,M,8.131174433440164e-05
2025,ceral,ceral_araruama,Ceral Araruama,COOPERATIVA DE ELETRIFICAÇÃO RURAL DE ARARUAMA,Ceral Araruama,COOPERATIVA DE ELETRIFICAÇÃO RURAL DE ARARUAMA,Ceral Araruama — COOPERATIVA DE ELETRIFICAÇÃO RURAL DE ARARUAMA,97198.0,76,M,8.102664471821993e-05
2025,cedrap,cedrap,Cedrap,COOPERATIVA DE ELETRIFICAÇÃO DA REGIÃO DO ALTO DA PARAÍBA,Cedrap,COOPERATIVA DE ELETRIFICAÇÃO DA REGIÃO DO ALTO DA PARAÍBA,Cedrap — COOPERATIVA DE ELETRIFICAÇÃO DA REGIÃO DO ALTO DA PARAÍBA,96092.0,77,P,8.010465590097727e-05
2025,eflul,eflul,Eflul,EMPRESA FORÇA E LUZ DE URUSSANGA LTDA.,Eflul,EMPRESA FORÇA E LUZ DE URUSSANGA LTDA.,Eflul — EMPRESA FORÇA E LUZ DE URUSSANGA LTDA.,92553.0,78,P,7.715445841072252e-05
2025,ceris,ceris,Ceris,COOPERATIVA DE ELETRIFICAÇÃO RURAL DA REGIÃO DE ITAPECERICA DA SERRA,Ceris,COOPERATIVA DE ELETRIFICAÇÃO RURAL DA REGIÃO DE ITAPECERICA DA SERRA,Ceris — COOPERATIVA DE ELETRIFICAÇÃO RURAL DA REGIÃO DE ITAPECERICA DA SERRA,89940.0,79,P,7.497619730814111e-05
2025,cegero,cegero,Cegero,COOPERATIVA DE ELETRICIDADE DE SÃO LUDGERO,Cegero,COOPERATIVA DE ELETRICIDADE DE SÃO LUDGERO,Cegero — COOPERATIVA DE ELETRICIDADE DE SÃO LUDGERO,88346.0,80,P,7.364739968184384e-05
2025,cooperzem,cooperzem,Cooperzem,COOPERZEM COOPERATIVA DE DISTRIBUIÇÃO DE ENERGIA ELÉTRICA,Cooperzem,COOPERZEM COOPERATIVA DE DISTRIBUIÇÃO DE ENERGIA ELÉTRICA,Cooperzem — COOPERZEM COOPERATIVA DE DISTRIBUIÇÃO DE ENERGIA ELÉTRICA,88065.0,81,P,7.341315116679394e-05
2025,coopernorte,coopernorte,Coopernorte,COOPERATIVA REGIONAL DE DISTRIBUIÇÃO DE ENERGIA DO LITORAL NORTE,Coopernorte,COOPERATIVA REGIONAL DE DISTRIBUIÇÃO DE ENERGIA DO LITORAL NORTE,Coopernorte — COOPERATIVA REGIONAL DE DISTRIBUIÇÃO DE ENERGIA DO LITORAL NORTE,87242.0,82,P,7.272707811381862e-05
2025,cergral,cergral,Cergral,COOPERATIVA DE ELETRICIDADE DE GRAVATAL,Cergral,COOPERATIVA DE ELETRICIDADE DE GRAVATAL,Cergral — COOPERATIVA DE ELETRICIDADE DE GRAVATAL,86946.0,83,P,7.248032522963795e-05
2025,cercos,cercos,Cercos,COOPERATIVA DE ELETRIFICAÇÃO E DESENVOLVIMENTO RURAL CENTRO SUL DE SERGIPE LTDA,Cercos,COOPERATIVA DE ELETRIFICAÇÃO E DESENVOLVIMENTO RURAL CENTRO SUL DE SERGIPE LTDA,Cercos — COOPERATIVA DE ELETRIFICAÇÃO E DESENVOLVIMENTO RURAL CENTRO SUL DE SERGIPE LTDA,84776.0,84,P,7.067135982871882e-05
2025,ceripa,ceripa,Ceripa,COOPERATIVA DE ELETRIFICAÇÃO RURAL DE ITAÍ-PARANAPANEMA-AVARÉ,Ceripa,COOPERATIVA DE ELETRIFICAÇÃO RURAL DE ITAÍ-PARANAPANEMA-AVARÉ,Ceripa — COOPERATIVA DE ELETRIFICAÇÃO RURAL DE ITAÍ-PARANAPANEMA-AVARÉ,75708.0,85,P,6.311205187685954e-05
2025,ceres,ceres,Ceres,COOPERATIVA DE ELETRIFICAÇÃO RURAL DE RESENDE LTDA.,Ceres,COOPERATIVA DE ELETRIFICAÇÃO RURAL DE RESENDE LTDA.,Ceres — COOPERATIVA DE ELETRIFICAÇÃO RURAL DE RESENDE LTDA.,73725.0,86,P,6.145897427777077e-05
2025,cejama,cejama,Cejama,COOPERATIVA DE ELETRICIDADE JACINTO MACHADO,Cejama,COOPERATIVA DE ELETRICIDADE JACINTO MACHADO,Cejama — COOPERATIVA DE ELETRICIDADE JACINTO MACHADO,72398.0,87,P,6.035275442200133e-05
2025,certrel,certrel,Certrel,COOPERATIVA DE ENERGIA TREVISO,Certrel,COOPERATIVA DE ENERGIA TREVISO,Certrel — COOPERATIVA DE ENERGIA TREVISO,59305.0,88,P,4.9438107420050126e-05
2025,cervam,cervam,Cervam,COOPERATIVA DE ENERGIZAÇÃO E DE DESENVOLVIMENTO DO VALE DO MOGI,Cervam,COOPERATIVA DE ENERGIZAÇÃO E DE DESENVOLVIMENTO DO VALE DO MOGI,Cervam — COOPERATIVA DE ENERGIZAÇÃO E DE DESENVOLVIMENTO DO VALE DO MOGI,58385.0,89,P,4.867117278002912e-05
2025,cernhe,cernhe,Cernhe,COOPERATIVA DE ELETRIFICAÇÃO E DESENVOLVIMENTO RURAL DA REGIÃO DE NOVO HORIZONTE,Cernhe,COOPERATIVA DE ELETRIFICAÇÃO E DESENVOLVIMENTO RURAL DA REGIÃO DE NOVO HORIZONTE,Cernhe — COOPERATIVA DE ELETRIFICAÇÃO E DESENVOLVIMENTO RURAL DA REGIÃO DE NOVO HORIZONTE,57970.0,90,P,4.8325218567410944e-05
2025,cedri,cedri,Cedri,COOPERATIVA DE ELETRIFICAÇÃO E DISTRIBUIÇÃO DA REGIÃO DE ITARIRI,Cedri,COOPERATIVA DE ELETRIFICAÇÃO E DISTRIBUIÇÃO DA REGIÃO DE ITARIRI,Cedri — COOPERATIVA DE ELETRIFICAÇÃO E DISTRIBUIÇÃO DA REGIÃO DE ITARIRI,51236.0,91,P,4.2711590452300624e-05
2025,ceral,ceral_anitapolis,Ceral Anitápolis,COOPERATIVA DE DISTRIBUIÇÃO DE ENERGIA ELÉTRICA DE ANITÁPOLIS,Ceral Anitápolis,COOPERATIVA DE DISTRIBUIÇÃO DE ENERGIA ELÉTRICA DE ANITÁPOLIS,Ceral Anitápolis — COOPERATIVA DE DISTRIBUIÇÃO DE ENERGIA ELÉTRICA DE ANITÁPOLIS,49556.0,92,P,4.131110110965355e-05
2025,cergapa,cergapa,Cergapa,COOPERATIVA DE ELETRICIDADE DE GRÃO PARÁ,Cergapa,COOPERATIVA DE ELETRICIDADE DE GRÃO PARÁ,Cergapa — COOPERATIVA DE ELETRICIDADE DE GRÃO PARÁ,48804.0,93,P,4.068421540389725e-05
2025,joao,joao_cesa,João Cesa,EMPRESA FORÇA E LUZ JOÃO CESA LTDA.,João Cesa,EMPRESA FORÇA E LUZ JOÃO CESA LTDA.,João Cesa — EMPRESA FORÇA E LUZ JOÃO CESA LTDA.,48772.0,94,P,4.065753941641826e-05
2025,cermc,cermc,Cermc,COOPERATIVA DE ELETRIFICAÇÃO E DESENVOLVIMENTO DA REGIÃO DE MOGI DAS CRUZES,Cermc,COOPERATIVA DE ELETRIFICAÇÃO E DESENVOLVIMENTO DA REGIÃO DE MOGI DAS CRUZES,Cermc — COOPERATIVA DE ELETRIFICAÇÃO E DESENVOLVIMENTO DA REGIÃO DE MOGI DAS CRUZES,44123.0,95,P,3.678201861048599e-05
2025,cerrp,cerrp,Cerrp,COOPERATIVA DE ELETRIFICAÇÃO E DESENVOLVIMENTO DA REGIÃO DE SÃO JOSÉ DO RIO PRETO,Cerrp,COOPERATIVA DE ELETRIFICAÇÃO E DESENVOLVIMENTO DA REGIÃO DE SÃO JOSÉ DO RIO PRETO,Cerrp — COOPERATIVA DE ELETRIFICAÇÃO E DESENVOLVIMENTO DA REGIÃO DE SÃO JOSÉ DO RIO PRETO,39714.0,96,P,3.3106567710646164e-05
2025,castro_dis,castro_dis,Castro-Dis,COOPERATIVA DE DISTRIBUIÇÃO DE ENERGIA ELÉTRICA DE CASTRO,Castro-Dis,COOPERATIVA DE DISTRIBUIÇÃO DE ENERGIA ELÉTRICA DE CASTRO,Castro-Dis — COOPERATIVA DE DISTRIBUIÇÃO DE ENERGIA ELÉTRICA DE CASTRO,28963.0,97,P,2.4144269542313665e-05
2025,coopersul,coopersul,Coopersul,COOPERATIVA REGIONAL DE ELETRIFICAÇÃO RURAL FRONTEIRA SUL LTDA,Coopersul,COOPERATIVA REGIONAL DE ELETRIFICAÇÃO RURAL FRONTEIRA SUL LTDA,Coopersul — COOPERATIVA REGIONAL DE ELETRIFICAÇÃO RURAL FRONTEIRA SUL LTDA,26752.0,98,P,2.2301125532437078e-05
2025,cerpro,cerpro,Cerpro,COOPERATIVA DE ELETRIFICAÇÃO RURAL DA REGIÃO DE PROMISSÃO,Cerpro,COOPERATIVA DE ELETRIFICAÇÃO RURAL DA REGIÃO DE PROMISSÃO,Cerpro — COOPERATIVA DE ELETRIFICAÇÃO RURAL DA REGIÃO DE PROMISSÃO,26244.0,99,P,2.1877644231208088e-05
2025,coopermila,coopermila,Coopermila,COOPERATIVA DE ELETRIFICAÇÃO LAURO MÜLLER,Coopermila,COOPERATIVA DE ELETRIFICAÇÃO LAURO MÜLLER,Coopermila — COOPERATIVA DE ELETRIFICAÇÃO LAURO MÜLLER,17856.0,100,P,1.488520101327738e-05
2025,cersad,cersad,Cersad,COOPERATIVA DE DISTRIBUIÇÃO DE ENERGIA ELÉTRICA SALTO DONNER,Cersad,COOPERATIVA DE DISTRIBUIÇÃO DE ENERGIA ELÉTRICA SALTO DONNER,Cersad — COOPERATIVA DE DISTRIBUIÇÃO DE ENERGIA ELÉTRICA SALTO DONNER,17261.0,101,P,1.4389194371089879e-05
