dimension_id,dimension_label,id,label,periodo_regulatorio,regime_regulatorio,meses_com_dados,qtd_serv_realizado,qtd_fora_prazo,compensacao_rs,compensacao_anualizada,exposicao_uc_mes,taxa_fora_prazo,fora_prazo_por_100k_uc_mes,compensacao_rs_por_uc_mes,share_serv_periodo,suppressed_low_volume,selector_enabled
economico,Grupo Econômico,amazonas,Grupo Amazonas,operacional_2023_plus,REN_1000,40,3610158,9226,2508019.81,752405.943,14976037,0.002555566820067155,61.60508284000634,0.1674688577492163,0.002393565383319267,False,True
economico,Grupo Econômico,amazonas,Grupo Amazonas,pos_2022,REN_1000,40,3610158,9226,2508019.81,752405.943,14976037,0.002555566820067155,61.60508284000634,0.1674688577492163,0.002393565383319267,False,True
economico,Grupo Econômico,cpfl,Grupo CPFL,operacional_2023_plus,REN_1000,40,136815193,74211,27938148.0242,8381444.407260001,95446184,0.0005424178292830387,77.75166789276773,0.29271100062208877,0.09070963372709573,False,True
economico,Grupo Econômico,cpfl,Grupo CPFL,pos_2022,REN_1000,40,136815193,74211,27938148.0242,8381444.407260001,95446184,0.0005424178292830387,77.75166789276773,0.29271100062208877,0.09070963372709573,False,True
economico,Grupo Econômico,castro_dis,Grupo Castro DIS,operacional_2023_plus,REN_1000,39,27097,21,90.86,27.956923076923076,27930,0.0007749935417204857,75.18796992481204,0.0032531328320802005,1.796554089649322e-05,False,True
economico,Grupo Econômico,castro_dis,Grupo Castro DIS,pos_2022,REN_1000,39,27097,21,90.86,27.956923076923076,27930,0.0007749935417204857,75.18796992481204,0.0032531328320802005,1.796554089649322e-05,False,True
economico,Grupo Econômico,cedrap,Grupo Cedrap,operacional_2023_plus,REN_1000,40,47135,72,3877.07,1163.121,91619,0.001527527315158587,78.58631943155896,0.0423173140942381,3.1250904902985864e-05,False,True
economico,Grupo Econômico,cedrap,Grupo Cedrap,pos_2022,REN_1000,40,47135,72,3877.07,1163.121,91619,0.001527527315158587,78.58631943155896,0.0423173140942381,3.1250904902985864e-05,False,True
economico,Grupo Econômico,cedri,Grupo Cedri,operacional_2023_plus,REN_1000,40,37425,47,5938.19,1781.4569999999999,36331,0.0012558450233800934,129.366106080207,0.16344691860945199,2.4813092521358777e-05,False,True
economico,Grupo Econômico,cedri,Grupo Cedri,pos_2022,REN_1000,40,37425,47,5938.19,1781.4569999999999,36331,0.0012558450233800934,129.366106080207,0.16344691860945199,2.4813092521358777e-05,False,True
economico,Grupo Econômico,cegero,Grupo Cegero,operacional_2023_plus,REN_1000,40,60495,39,823.53,247.05899999999997,89528,0.0006446813786263328,43.56179072468948,0.009198574747565007,4.0108698251959897e-05,False,True
economico,Grupo Econômico,cegero,Grupo Cegero,pos_2022,REN_1000,40,60495,39,823.53,247.05899999999997,89528,0.0006446813786263328,43.56179072468948,0.009198574747565007,4.0108698251959897e-05,False,True
economico,Grupo Econômico,cejama,Grupo Cejama,operacional_2023_plus,REN_1000,40,22537,25,900.87,270.261,61532,0.001109286950348316,40.62926607293766,0.01464067477085094,1.4942222208520048e-05,False,True
economico,Grupo Econômico,cejama,Grupo Cejama,pos_2022,REN_1000,40,22537,25,900.87,270.261,61532,0.001109286950348316,40.62926607293766,0.01464067477085094,1.4942222208520048e-05,False,True
economico,Grupo Econômico,celesc,Grupo Celesc,operacional_2023_plus,REN_1000,40,39308879,564472,27672657.39,8301797.217,0,0.014359910899519674,,,0.026062120281573738,False,True
economico,Grupo Econômico,celesc,Grupo Celesc,pos_2022,REN_1000,40,39308879,564472,27672657.39,8301797.217,0,0.014359910899519674,,,0.026062120281573738,False,True
economico,Grupo Econômico,celetro,Grupo Celetro,operacional_2023_plus,REN_1000,40,140590,137,12840.51,3852.153,311496,0.0009744647556725229,43.98130313069831,0.04122207026735496,9.32123627943308e-05,False,True
economico,Grupo Econômico,celetro,Grupo Celetro,pos_2022,REN_1000,40,140590,137,12840.51,3852.153,311496,0.0009744647556725229,43.98130313069831,0.04122207026735496,9.32123627943308e-05,False,True
economico,Grupo Econômico,cemig,Grupo Cemig,operacional_2023_plus,REN_1000,40,193141878,233995,170184562.71,51055368.81300001,134571534,0.0012115187157908862,173.88149859390026,1.264640133402953,0.12805470376921815,False,True
economico,Grupo Econômico,cemig,Grupo Cemig,pos_2022,REN_1000,40,193141878,233995,170184562.71,51055368.81300001,134571534,0.0012115187157908862,173.88149859390026,1.264640133402953,0.12805470376921815,False,True
economico,Grupo Econômico,cemirim,Grupo Cemirim,operacional_2023_plus,REN_1000,40,150414,189,8199.64,2459.892,216691,0.0012565319717579482,87.22097364449839,0.03784024255737432,9.972575814315722e-05,False,True
economico,Grupo Econômico,cemirim,Grupo Cemirim,pos_2022,REN_1000,40,150414,189,8199.64,2459.892,216691,0.0012565319717579482,87.22097364449839,0.03784024255737432,9.972575814315722e-05,False,True
economico,Grupo Econômico,ceprag,Grupo Ceprag,operacional_2023_plus,REN_1000,38,216714,145,11674.099999999999,3686.5578947368417,266538,0.0006690845999796967,54.401248602450686,0.04379900802137031,0.0001436832206459251,False,True
economico,Grupo Econômico,ceprag,Grupo Ceprag,pos_2022,REN_1000,38,216714,145,11674.099999999999,3686.5578947368417,266538,0.0006690845999796967,54.401248602450686,0.04379900802137031,0.0001436832206459251,False,True
economico,Grupo Econômico,ceraca,Grupo Ceraca,operacional_2023_plus,REN_1000,40,118463,180,22117.04,6635.112000000001,165432,0.0015194617728742307,108.80603510808066,0.13369263504037912,7.854197406433466e-05,False,True
economico,Grupo Econômico,ceraca,Grupo Ceraca,pos_2022,REN_1000,40,118463,180,22117.04,6635.112000000001,165432,0.0015194617728742307,108.80603510808066,0.13369263504037912,7.854197406433466e-05,False,True
economico,Grupo Econômico,ceral,Grupo Ceral,operacional_2023_plus,REN_1000,40,107912,81,3854.75,1156.4250000000002,139866,0.0007506116094595596,57.912573463171896,0.0275603077231064,7.154657154749147e-05,False,True
economico,Grupo Econômico,ceral,Grupo Ceral,pos_2022,REN_1000,40,107912,81,3854.75,1156.4250000000002,139866,0.0007506116094595596,57.912573463171896,0.0275603077231064,7.154657154749147e-05,False,True
economico,Grupo Econômico,cerbranorte,Grupo Cerbranorte,operacional_2023_plus,REN_1000,40,257825,52,9501.4,2850.42,215380,0.00020168719092407642,24.14337450088216,0.04411458816974649,0.00017094016244006217,False,True
economico,Grupo Econômico,cerbranorte,Grupo Cerbranorte,pos_2022,REN_1000,40,257825,52,9501.4,2850.42,215380,0.00020168719092407642,24.14337450088216,0.04411458816974649,0.00017094016244006217,False,True
economico,Grupo Econômico,cerci,Grupo Cerci,operacional_2023_plus,REN_1000,40,160560,1170,987.02,296.106,214999,0.0072869955156950675,544.1885776212913,0.004590812050288606,0.00010645264222389753,False,True
economico,Grupo Econômico,cerci,Grupo Cerci,pos_2022,REN_1000,40,160560,1170,987.02,296.106,214999,0.0072869955156950675,544.1885776212913,0.004590812050288606,0.00010645264222389753,False,True
economico,Grupo Econômico,cercos,Grupo Cercos,operacional_2023_plus,REN_1000,40,13003,112,43012.62,12903.786000000002,45214,0.008613396908405752,247.71088600875837,0.9513119830141107,8.621099320112977e-06,False,True
economico,Grupo Econômico,cercos,Grupo Cercos,pos_2022,REN_1000,40,13003,112,43012.62,12903.786000000002,45214,0.008613396908405752,247.71088600875837,0.9513119830141107,8.621099320112977e-06,False,True
economico,Grupo Econômico,cerej,Grupo Cerej,operacional_2023_plus,REN_1000,40,194068,263,22429.3,6728.789999999999,185554,0.001355195086258425,141.73771516647443,0.1208774804100154,0.00012866873051262673,False,True
economico,Grupo Econômico,cerej,Grupo Cerej,pos_2022,REN_1000,40,194068,263,22429.3,6728.789999999999,185554,0.001355195086258425,141.73771516647443,0.1208774804100154,0.00012866873051262673,False,True
economico,Grupo Econômico,ceres,Grupo Ceres,operacional_2023_plus,REN_1000,40,46113,270,873.62,262.086,75605,0.005855181835924793,357.1192381456253,0.01155505588254745,3.057331023212872e-05,False,True
economico,Grupo Econômico,ceres,Grupo Ceres,pos_2022,REN_1000,40,46113,270,873.62,262.086,75605,0.005855181835924793,357.1192381456253,0.01155505588254745,3.057331023212872e-05,False,True
economico,Grupo Econômico,cerfox,Grupo Cerfox,operacional_2023_plus,REN_1000,40,106192,269,18334.33,5500.299000000001,193631,0.0025331475064034954,138.92403592399978,0.09468695611756382,7.040619695465948e-05,False,True
economico,Grupo Econômico,cerfox,Grupo Cerfox,pos_2022,REN_1000,40,106192,269,18334.33,5500.299000000001,193631,0.0025331475064034954,138.92403592399978,0.09468695611756382,7.040619695465948e-05,False,True
economico,Grupo Econômico,cergal,Grupo Cergal,operacional_2023_plus,REN_1000,40,184822,88,10011.46,3003.438,264438,0.0004761337935960005,33.278121903811105,0.03785938480853735,0.0001225385540676706,False,True
economico,Grupo Econômico,cergal,Grupo Cergal,pos_2022,REN_1000,40,184822,88,10011.46,3003.438,264438,0.0004761337935960005,33.278121903811105,0.03785938480853735,0.0001225385540676706,False,True
economico,Grupo Econômico,cergapa,Grupo Cergapa,operacional_2023_plus,REN_1000,39,10070,6,1.0,0.3076923076923077,51698,0.0005958291956305859,11.605864830360943,1.9343108050601572e-05,6.676495435940758e-06,False,True
economico,Grupo Econômico,cergapa,Grupo Cergapa,pos_2022,REN_1000,39,10070,6,1.0,0.3076923076923077,51698,0.0005958291956305859,11.605864830360943,1.9343108050601572e-05,6.676495435940758e-06,False,True
economico,Grupo Econômico,cergral,Grupo Cergral,operacional_2023_plus,REN_1000,40,96744,99,4015.92,1204.7759999999998,89126,0.0010233192756139917,111.07869757422077,0.045058905369925725,6.414209279589401e-05,False,True
economico,Grupo Econômico,cergral,Grupo Cergral,pos_2022,REN_1000,40,96744,99,4015.92,1204.7759999999998,89126,0.0010233192756139917,111.07869757422077,0.045058905369925725,6.414209279589401e-05,False,True
economico,Grupo Econômico,ceriluz,Grupo Ceriluz,operacional_2023_plus,REN_1000,40,187673,27,5241.89,1572.5670000000002,194410,0.0001438672584761793,13.888174476621574,0.026963067743428836,0.00012442879125613803,False,True
economico,Grupo Econômico,ceriluz,Grupo Ceriluz,pos_2022,REN_1000,40,187673,27,5241.89,1572.5670000000002,194410,0.0001438672584761793,13.888174476621574,0.026963067743428836,0.00012442879125613803,False,True
economico,Grupo Econômico,cerim,Grupo Cerim,operacional_2023_plus,REN_1000,40,197424,64,9707.529999999999,2912.259,201856,0.00032417537887997406,31.70577045022194,0.04809136215916296,0.0001308937869856175,False,True
economico,Grupo Econômico,cerim,Grupo Cerim,pos_2022,REN_1000,40,197424,64,9707.529999999999,2912.259,201856,0.00032417537887997406,31.70577045022194,0.04809136215916296,0.0001308937869856175,False,True
economico,Grupo Econômico,ceripa,Grupo Ceripa,operacional_2023_plus,REN_1000,40,96397,11,0.0,0.0,89441,0.000114111435003164,12.298610257040956,0.0,6.3912028851875e-05,False,True
economico,Grupo Econômico,ceripa,Grupo Ceripa,pos_2022,REN_1000,40,96397,11,0.0,0.0,89441,0.000114111435003164,12.298610257040956,0.0,6.3912028851875e-05,False,True
economico,Grupo Econômico,ceris,Grupo Ceris,operacional_2023_plus,REN_1000,40,81426,29,1255.7,376.71000000000004,91144,0.00035615159776975413,31.817782849117883,0.013777099973668043,5.3986128834847285e-05,False,True
economico,Grupo Econômico,ceris,Grupo Ceris,pos_2022,REN_1000,40,81426,29,1255.7,376.71000000000004,91144,0.00035615159776975413,31.817782849117883,0.013777099973668043,5.3986128834847285e-05,False,True
economico,Grupo Econômico,cermc,Grupo Cermc,operacional_2023_plus,REN_1000,38,39283,99,0.0,0.0,40744,0.002520174121121096,242.98056155507558,0.0,2.6044962285011003e-05,False,True
economico,Grupo Econômico,cermc,Grupo Cermc,pos_2022,REN_1000,38,39283,99,0.0,0.0,40744,0.002520174121121096,242.98056155507558,0.0,2.6044962285011003e-05,False,True
economico,Grupo Econômico,cermissoes,Grupo Cermissoes,operacional_2023_plus,REN_1000,40,274917,558,88675.75,26602.725000000002,340883,0.0020297035105140823,163.6925279348046,0.26013544236585573,0.00018227230345208793,False,True
economico,Grupo Econômico,cermissoes,Grupo Cermissoes,pos_2022,REN_1000,40,274917,558,88675.75,26602.725000000002,340883,0.0020297035105140823,163.6925279348046,0.26013544236585573,0.00018227230345208793,False,True
economico,Grupo Econômico,cermoful,Grupo Cermoful,operacional_2023_plus,REN_1000,38,131992,189,43333.56,13684.282105263155,177252,0.0014319049639372084,106.62785187191119,0.24447430776521561,8.751181584713929e-05,False,True
economico,Grupo Econômico,cermoful,Grupo Cermoful,pos_2022,REN_1000,38,131992,189,43333.56,13684.282105263155,177252,0.0014319049639372084,106.62785187191119,0.24447430776521561,8.751181584713929e-05,False,True
economico,Grupo Econômico,cernhe,Grupo Cernhe,operacional_2023_plus,REN_1000,40,35873,54,859.81,257.943,56010,0.0015053104005798234,96.411355115158,0.015351008748437778,2.378410335387317e-05,False,True
economico,Grupo Econômico,cernhe,Grupo Cernhe,pos_2022,REN_1000,40,35873,54,859.81,257.943,56010,0.0015053104005798234,96.411355115158,0.015351008748437778,2.378410335387317e-05,False,True
economico,Grupo Econômico,cerpalo,Grupo Cerpalo,operacional_2023_plus,REN_1000,40,295009,31,0.0,0.0,216297,0.00010508153988522384,14.332145152267485,0.0,0.00019559346991672764,False,True
economico,Grupo Econômico,cerpalo,Grupo Cerpalo,pos_2022,REN_1000,40,295009,31,0.0,0.0,216297,0.00010508153988522384,14.332145152267485,0.0,0.00019559346991672764,False,True
economico,Grupo Econômico,cerpro,Grupo Cerpro,operacional_2023_plus,REN_1000,40,13735,8,711.51,213.45299999999997,26515,0.0005824535857298871,30.171600980577033,0.026834244767112953,9.106421530550776e-06,False,True
economico,Grupo Econômico,cerpro,Grupo Cerpro,pos_2022,REN_1000,40,13735,8,711.51,213.45299999999997,26515,0.0005824535857298871,30.171600980577033,0.026834244767112953,9.106421530550776e-06,False,True
economico,Grupo Econômico,cerrp,Grupo Cerrp,operacional_2023_plus,REN_1000,40,45821,25,0.0,0.0,66314,0.0005456013618209991,37.69942998461863,0.0,3.0379711754740962e-05,False,True
economico,Grupo Econômico,cerrp,Grupo Cerrp,pos_2022,REN_1000,40,45821,25,0.0,0.0,66314,0.0005456013618209991,37.69942998461863,0.0,3.0379711754740962e-05,False,True
economico,Grupo Econômico,cersad,Grupo Cersad,operacional_2023_plus,REN_1000,40,5519,19,1572.73,471.81899999999996,17925,0.0034426526544663887,105.99721059972106,0.087739470013947,3.6591438243254267e-06,False,True
economico,Grupo Econômico,cersad,Grupo Cersad,pos_2022,REN_1000,40,5519,19,1572.73,471.81899999999996,17925,0.0034426526544663887,105.99721059972106,0.087739470013947,3.6591438243254267e-06,False,True
economico,Grupo Econômico,cersul,Grupo Cersul,operacional_2023_plus,REN_1000,40,226570,44,7816.93,2345.0789999999997,241262,0.00019420046784658163,18.23743482189487,0.03240017076870788,0.00015021783226624603,False,True
economico,Grupo Econômico,cersul,Grupo Cersul,pos_2022,REN_1000,40,226570,44,7816.93,2345.0789999999997,241262,0.00019420046784658163,18.23743482189487,0.03240017076870788,0.00015021783226624603,False,True
economico,Grupo Econômico,certaja,Grupo Certaja,operacional_2023_plus,REN_1000,38,213117,197,13139.83,4149.42,316205,0.0009243748738955597,62.30135513353678,0.041554782498695465,0.00014129837912824097,False,True
economico,Grupo Econômico,certaja,Grupo Certaja,pos_2022,REN_1000,38,213117,197,13139.83,4149.42,316205,0.0009243748738955597,62.30135513353678,0.041554782498695465,0.00014129837912824097,False,True
economico,Grupo Econômico,certel,Grupo Certel,operacional_2023_plus,REN_1000,40,502364,342,169510.38,50853.114,955970,0.0006807812661735316,35.77518122953649,0.1773176773329707,0.00033307159415898145,False,True
economico,Grupo Econômico,certel,Grupo Certel,pos_2022,REN_1000,40,502364,342,169510.38,50853.114,955970,0.0006807812661735316,35.77518122953649,0.1773176773329707,0.00033307159415898145,False,True
economico,Grupo Econômico,certhil,Grupo Certhil,operacional_2023_plus,REN_1000,40,75847,68,5146.43,1543.929,51685,0.0008965417221511728,131.56621843861856,0.09957299022927349,5.0287204501469586e-05,False,True
economico,Grupo Econômico,certhil,Grupo Certhil,pos_2022,REN_1000,40,75847,68,5146.43,1543.929,51685,0.0008965417221511728,131.56621843861856,0.09957299022927349,5.0287204501469586e-05,False,True
economico,Grupo Econômico,certrel,Grupo Certrel,operacional_2023_plus,REN_1000,40,38970,73,4890.820000000001,1467.246,60693,0.0018732358224275083,120.27746198078856,0.08058293378149047,2.583744062945495e-05,False,True
economico,Grupo Econômico,certrel,Grupo Certrel,pos_2022,REN_1000,40,38970,73,4890.820000000001,1467.246,60693,0.0018732358224275083,120.27746198078856,0.08058293378149047,2.583744062945495e-05,False,True
economico,Grupo Econômico,cervam,Grupo Cervam,operacional_2023_plus,REN_1000,40,36129,40,250.14,75.042,59025,0.001107143845664148,67.76789495976281,0.004237865311308767,2.3953833525829557e-05,False,True
economico,Grupo Econômico,cervam,Grupo Cervam,pos_2022,REN_1000,40,36129,40,250.14,75.042,59025,0.001107143845664148,67.76789495976281,0.004237865311308767,2.3953833525829557e-05,False,True
economico,Grupo Econômico,cetril,Grupo Cetril,operacional_2023_plus,REN_1000,40,355183,144,5645.27,1693.5810000000001,417343,0.00040542480918287195,34.50399311837026,0.013526691474398757,0.00023548934244525783,False,True
economico,Grupo Econômico,cetril,Grupo Cetril,pos_2022,REN_1000,40,355183,144,5645.27,1693.5810000000001,417343,0.00040542480918287195,34.50399311837026,0.013526691474398757,0.00023548934244525783,False,True
economico,Grupo Econômico,chesp,Grupo Chesp,operacional_2023_plus,REN_1000,40,151333,523,634.71,190.413,264959,0.003455954748799006,197.38903000086805,0.0023955027004178005,0.00010033506294014129,False,True
economico,Grupo Econômico,chesp,Grupo Chesp,pos_2022,REN_1000,40,151333,523,634.71,190.413,264959,0.003455954748799006,197.38903000086805,0.0023955027004178005,0.00010033506294014129,False,True
economico,Grupo Econômico,cocel,Grupo Cocel,operacional_2023_plus,REN_1000,39,710935,396,96934.64,29826.043076923073,767765,0.0005570129477378381,51.57828241714587,0.1262556120687971,0.0004713559367180281,False,True
economico,Grupo Econômico,cocel,Grupo Cocel,pos_2022,REN_1000,39,710935,396,96934.64,29826.043076923073,767765,0.0005570129477378381,51.57828241714587,0.1262556120687971,0.0004713559367180281,False,True
economico,Grupo Econômico,codesam,Grupo Codesam,operacional_2023_plus,REN_1000,7,540,0,0.0,0.0,4485,0.0,0.0,0.0,3.580245814705074e-07,False,True
economico,Grupo Econômico,codesam,Grupo Codesam,pos_2022,REN_1000,7,540,0,0.0,0.0,4485,0.0,0.0,0.0,3.580245814705074e-07,False,True
economico,Grupo Econômico,coopera,Grupo Coopera,operacional_2023_plus,REN_1000,40,327093,306,49463.68,14839.104000000001,325842,0.000935513752969339,93.91054560185611,0.15180265281946465,0.0002168654341239494,False,True
economico,Grupo Econômico,coopera,Grupo Coopera,pos_2022,REN_1000,40,327093,306,49463.68,14839.104000000001,325842,0.000935513752969339,93.91054560185611,0.15180265281946465,0.0002168654341239494,False,True
economico,Grupo Econômico,cooperalianca,Grupo Cooperalianca,operacional_2023_plus,REN_1000,40,523939,130,17930.73,5379.218999999999,571161,0.0002481204873086371,22.760657677957703,0.03139347749583742,0.0003473760022056966,False,True
economico,Grupo Econômico,cooperalianca,Grupo Cooperalianca,pos_2022,REN_1000,40,523939,130,17930.73,5379.218999999999,571161,0.0002481204873086371,22.760657677957703,0.03139347749583742,0.0003473760022056966,False,True
economico,Grupo Econômico,coopercocal,Grupo Coopercocal,operacional_2023_plus,REN_1000,40,115473,6,1234.07,370.221,152790,5.1960198487958224e-05,3.92695857058708,0.008076902938673997,7.655957869656278e-05,False,True
economico,Grupo Econômico,coopercocal,Grupo Coopercocal,pos_2022,REN_1000,40,115473,6,1234.07,370.221,152790,5.1960198487958224e-05,3.92695857058708,0.008076902938673997,7.655957869656278e-05,False,True
economico,Grupo Econômico,cooperluz,Grupo Cooperluz,operacional_2023_plus,REN_1000,40,121563,16,1181.47,354.44100000000003,221251,0.00013161899591158493,7.231605732855445,0.005339953265747951,8.059730036536905e-05,False,True
economico,Grupo Econômico,cooperluz,Grupo Cooperluz,pos_2022,REN_1000,40,121563,16,1181.47,354.44100000000003,221251,0.00013161899591158493,7.231605732855445,0.005339953265747951,8.059730036536905e-05,False,True
economico,Grupo Econômico,coopermila,Grupo Coopermila,operacional_2023_plus,REN_1000,40,2938,13,3233.68,970.104,17806,0.004424778761061947,73.00909805683477,0.18160620015725035,1.9479189265932422e-06,False,True
economico,Grupo Econômico,coopermila,Grupo Coopermila,pos_2022,REN_1000,40,2938,13,3233.68,970.104,17806,0.004424778761061947,73.00909805683477,0.18160620015725035,1.9479189265932422e-06,False,True
economico,Grupo Econômico,coopernorte,Grupo Coopernorte,operacional_2023_plus,REN_1000,40,200372,132,23977.99,7193.397,83715,0.0006587746790968798,157.67783551334887,0.28642405781520636,0.0001328483359970528,False,True
economico,Grupo Econômico,coopernorte,Grupo Coopernorte,pos_2022,REN_1000,40,200372,132,23977.99,7193.397,83715,0.0006587746790968798,157.67783551334887,0.28642405781520636,0.0001328483359970528,False,True
economico,Grupo Econômico,coopersul,Grupo Coopersul,operacional_2023_plus,REN_1000,28,53623,372,65718.17000000001,28164.930000000004,40172,0.006937321671670738,926.0181220750771,1.6359197948820077,3.555250394850559e-05,False,True
economico,Grupo Econômico,coopersul,Grupo Coopersul,pos_2022,REN_1000,28,53623,372,65718.17000000001,28164.930000000004,40172,0.006937321671670738,926.0181220750771,1.6359197948820077,3.555250394850559e-05,False,True
economico,Grupo Econômico,cooperzem,Grupo Cooperzem,operacional_2023_plus,REN_1000,39,97579,3,0.0,0.0,104735,3.0744319986882425e-05,2.8643719864419723,0.0,6.46957048802049e-05,False,True
economico,Grupo Econômico,cooperzem,Grupo Cooperzem,pos_2022,REN_1000,39,97579,3,0.0,0.0,104735,3.0744319986882425e-05,2.8643719864419723,0.0,6.46957048802049e-05,False,True
economico,Grupo Econômico,coorsel,Grupo Coorsel,operacional_2023_plus,REN_1000,40,66186,32,1065.43,319.629,112027,0.0004834859335811199,28.564542476367304,0.009510475153311255,4.3881879535568524e-05,False,True
economico,Grupo Econômico,coorsel,Grupo Coorsel,pos_2022,REN_1000,40,66186,32,1065.43,319.629,112027,0.0004834859335811199,28.564542476367304,0.009510475153311255,4.3881879535568524e-05,False,True
economico,Grupo Econômico,copel,Grupo Copel,operacional_2023_plus,REN_1000,40,78595316,33775,8694905.2283,2608471.5684899995,67273170,0.0004297329881592435,50.20575067296517,0.12924774064162578,0.05210936132674495,False,True
economico,Grupo Econômico,copel,Grupo Copel,pos_2022,REN_1000,40,78595316,33775,8694905.2283,2608471.5684899995,67273170,0.0004297329881592435,50.20575067296517,0.12924774064162578,0.05210936132674495,False,True
economico,Grupo Econômico,coprel,Grupo Coprel,operacional_2023_plus,REN_1000,38,56406,1561,109733.51,34652.68736842105,94016,0.027674360883593943,1660.35568413887,1.167179097174949,3.7397656560047115e-05,False,True
economico,Grupo Econômico,coprel,Grupo Coprel,pos_2022,REN_1000,38,56406,1561,109733.51,34652.68736842105,94016,0.027674360883593943,1660.35568413887,1.167179097174949,3.7397656560047115e-05,False,True
economico,Grupo Econômico,creluz_d,Grupo Creluz D,operacional_2023_plus,REN_1000,40,135081,63,21733.81,6520.143000000001,303195,0.0004663868345659271,20.778706772868947,0.071682613499563,8.955984905484743e-05,False,True
economico,Grupo Econômico,creluz_d,Grupo Creluz D,pos_2022,REN_1000,40,135081,63,21733.81,6520.143000000001,303195,0.0004663868345659271,20.778706772868947,0.071682613499563,8.955984905484743e-05,False,True
economico,Grupo Econômico,creral,Grupo Creral,operacional_2023_plus,REN_1000,40,49153,202,20690.79,6207.237000000001,103746,0.004109616910463247,194.70630192971296,0.19943699034179632,3.2588856024110835e-05,False,True
economico,Grupo Econômico,creral,Grupo Creral,pos_2022,REN_1000,40,49153,202,20690.79,6207.237000000001,103746,0.004109616910463247,194.70630192971296,0.19943699034179632,3.2588856024110835e-05,False,True
economico,Grupo Econômico,dmed,Grupo DMED,operacional_2023_plus,REN_1000,40,1045739,5268,382376.56,114712.96800000001,1132315,0.005037585860334175,465.2415626393716,0.33769451080308927,0.0006933338292636795,False,True
economico,Grupo Econômico,dmed,Grupo DMED,pos_2022,REN_1000,40,1045739,5268,382376.56,114712.96800000001,1132315,0.005037585860334175,465.2415626393716,0.33769451080308927,0.0006933338292636795,False,True
economico,Grupo Econômico,dcelt,Grupo Dcelt,operacional_2023_plus,REN_1000,39,302363,4517,113091.14,34797.27384615385,445457,0.014938997165658496,1014.0148207346612,0.25387667047548923,0.00020046923430956857,False,True
economico,Grupo Econômico,dcelt,Grupo Dcelt,pos_2022,REN_1000,39,302363,4517,113091.14,34797.27384615385,445457,0.014938997165658496,1014.0148207346612,0.25387667047548923,0.00020046923430956857,False,True
economico,Grupo Econômico,demei,Grupo Demei,operacional_2023_plus,REN_1000,40,276905,397,27593.96,8278.187999999998,433548,0.0014337047001679276,91.57002223513891,0.06364683956563057,0.00018359036431868676,False,True
economico,Grupo Econômico,demei,Grupo Demei,pos_2022,REN_1000,40,276905,397,27593.96,8278.187999999998,433548,0.0014337047001679276,91.57002223513891,0.06364683956563057,0.00018359036431868676,False,True
economico,Grupo Econômico,edp,Grupo EDP,operacional_2023_plus,REN_1000,40,53415184,67664,37033009.31995,11109902.795984998,49998566,0.001266755909705375,135.3318813183562,0.7406814291423878,0.035414720177352116,False,True
economico,Grupo Econômico,edp,Grupo EDP,pos_2022,REN_1000,40,53415184,67664,37033009.31995,11109902.795984998,49998566,0.001266755909705375,135.3318813183562,0.7406814291423878,0.035414720177352116,False,True
economico,Grupo Econômico,enel,Grupo ENEL,operacional_2023_plus,REN_1000,40,251124995,266983,178563738.85744762,53569121.65723428,243323578,0.001063147855911356,109.72343995368998,0.7338530048142216,0.16649800228084863,False,True
economico,Grupo Econômico,enel,Grupo ENEL,pos_2022,REN_1000,40,251124995,266983,178563738.85744762,53569121.65723428,243323578,0.001063147855911356,109.72343995368998,0.7338530048142216,0.16649800228084863,False,True
economico,Grupo Econômico,eflul,Grupo Eflul,operacional_2023_plus,REN_1000,38,28213,487,221.26000000000002,69.87157894736842,90086,0.017261546095771452,540.5945429922518,0.00245609750682681,1.8705458364865602e-05,False,True
economico,Grupo Econômico,eflul,Grupo Eflul,pos_2022,REN_1000,38,28213,487,221.26000000000002,69.87157894736842,90086,0.017261546095771452,540.5945429922518,0.00245609750682681,1.8705458364865602e-05,False,True
economico,Grupo Econômico,eletrocar,Grupo Eletrocar,operacional_2023_plus,REN_1000,40,403203,1157,30186.28,9055.883999999998,518135,0.0028695223001812984,223.30087718451753,0.058259488357281404,0.0002673270098567648,False,True
economico,Grupo Econômico,eletrocar,Grupo Eletrocar,pos_2022,REN_1000,40,403203,1157,30186.28,9055.883999999998,518135,0.0028695223001812984,223.30087718451753,0.058259488357281404,0.0002673270098567648,False,True
economico,Grupo Econômico,energisa,Grupo Energisa,operacional_2023_plus,REN_1000,40,33688669,238594,78945823.59821354,23683747.079464063,106816985,0.007082321952226726,223.3670984066813,0.7390755655405696,0.022335873368561958,False,True
economico,Grupo Econômico,energisa,Grupo Energisa,pos_2022,REN_1000,40,33688669,238594,78945823.59821354,23683747.079464063,106816985,0.007082321952226726,223.3670984066813,0.7390755655405696,0.022335873368561958,False,True
economico,Grupo Econômico,equatorial,Grupo Equatorial,operacional_2023_plus,REN_1000,40,39445053,139843,97039254.92,29111776.476000004,130819678,0.0035452607960749856,106.89752653266736,0.7417787324014052,0.02615240479890182,False,True
economico,Grupo Econômico,equatorial,Grupo Equatorial,pos_2022,REN_1000,40,39445053,139843,97039254.92,29111776.476000004,130819678,0.0035452607960749856,106.89752653266736,0.7417787324014052,0.02615240479890182,False,True
economico,Grupo Econômico,forcel,Grupo Forcel,operacional_2023_plus,REN_1000,40,56936,301,2579.59,773.877,111972,0.0052866376282141355,268.81720430107526,0.023037813024684745,3.774905105667557e-05,False,True
economico,Grupo Econômico,forcel,Grupo Forcel,pos_2022,REN_1000,40,56936,301,2579.59,773.877,111972,0.0052866376282141355,268.81720430107526,0.023037813024684745,3.774905105667557e-05,False,True
economico,Grupo Econômico,hidropan,Grupo Hidropan,operacional_2023_plus,REN_1000,39,145028,40,4376.0,1346.4615384615386,239737,0.0002758088093333701,16.68495059169006,0.018253335947308925,9.615479444723101e-05,False,True
economico,Grupo Econômico,hidropan,Grupo Hidropan,pos_2022,REN_1000,39,145028,40,4376.0,1346.4615384615386,239737,0.0002758088093333701,16.68495059169006,0.018253335947308925,9.615479444723101e-05,False,True
economico,Grupo Econômico,joao,Grupo JOAO,operacional_2023_plus,REN_1000,40,16482,28,186.82,56.04599999999999,53962,0.0016988229583788375,51.888365887105735,0.0034620658982246763,1.0927705836660931e-05,False,True
economico,Grupo Econômico,joao,Grupo JOAO,pos_2022,REN_1000,40,16482,28,186.82,56.04599999999999,53962,0.0016988229583788375,51.888365887105735,0.0034620658982246763,1.0927705836660931e-05,False,True
economico,Grupo Econômico,light,Grupo Light,operacional_2023_plus,REN_1000,40,108520958,11310,16171651.948872,4851495.584661599,60070061,0.00010421950016327722,18.828014840870562,0.2692131767416051,0.07195031586801576,False,True
economico,Grupo Econômico,light,Grupo Light,pos_2022,REN_1000,40,108520958,11310,16171651.948872,4851495.584661599,60070061,0.00010421950016327722,18.828014840870562,0.2692131767416051,0.07195031586801576,False,True
economico,Grupo Econômico,mux,Grupo MUX,operacional_2023_plus,REN_1000,40,77007,13,1554.5900000000001,466.377,152664,0.00016881582193826536,8.515432583975265,0.01018308180055547,5.105629434314697e-05,False,True
economico,Grupo Econômico,mux,Grupo MUX,pos_2022,REN_1000,40,77007,13,1554.5900000000001,466.377,152664,0.00016881582193826536,8.515432583975265,0.01018308180055547,5.105629434314697e-05,False,True
economico,Grupo Econômico,nova,Grupo NOVA,operacional_2023_plus,REN_1000,39,178272,100,4882.49,1502.3046153846153,206717,0.0005609405851732185,48.37531504423923,0.023619199195034756,0.00011819584849613017,False,True
economico,Grupo Econômico,nova,Grupo NOVA,pos_2022,REN_1000,39,178272,100,4882.49,1502.3046153846153,206717,0.0005609405851732185,48.37531504423923,0.023619199195034756,0.00011819584849613017,False,True
economico,Grupo Econômico,neoenergia,Grupo Neoenergia,operacional_2023_plus,REN_1000,40,507670865,165134,164622214.62487713,49386664.38746314,196040511,0.00032527767769379475,84.23463046370043,0.8397356943477725,0.33659009067851015,False,True
economico,Grupo Econômico,neoenergia,Grupo Neoenergia,pos_2022,REN_1000,40,507670865,165134,164622214.62487713,49386664.38746314,196040511,0.00032527767769379475,84.23463046370043,0.8397356943477725,0.33659009067851015,False,True
economico,Grupo Econômico,rge,Grupo RGE,operacional_2023_plus,REN_1000,40,51513234,15699,9545668.5447,2863700.56341,40145552,0.0003047566378767833,39.105203983743955,0.23777649251653085,0.03415371119081909,False,True
economico,Grupo Econômico,rge,Grupo RGE,pos_2022,REN_1000,40,51513234,15699,9545668.5447,2863700.56341,40145552,0.0003047566378767833,39.105203983743955,0.23777649251653085,0.03415371119081909,False,True
economico,Grupo Econômico,roraima,Grupo Roraima,operacional_2023_plus,REN_1000,40,458135,3789,1531625.1199999999,459487.53599999996,2536562,0.008270487956606678,149.37541443891377,0.6038193113355794,0.0003037473919110943,False,True
economico,Grupo Econômico,roraima,Grupo Roraima,pos_2022,REN_1000,40,458135,3789,1531625.1199999999,459487.53599999996,2536562,0.008270487956606678,149.37541443891377,0.6038193113355794,0.0003037473919110943,False,True
economico,Grupo Econômico,santa,Grupo Santa,operacional_2023_plus,REN_1000,40,530339,714,245976.42,73792.926,1650186,0.0013463086818054112,43.267849806021864,0.1490598150753915,0.00035161925650460636,False,True
economico,Grupo Econômico,santa,Grupo Santa,pos_2022,REN_1000,40,530339,714,245976.42,73792.926,1650186,0.0013463086818054112,43.267849806021864,0.1490598150753915,0.00035161925650460636,False,True
economico,Grupo Econômico,sulgipe,Grupo Sulgipe,operacional_2023_plus,REN_1000,40,443679,195,98044.52,29413.356000000003,2015858,0.00043950694082884245,9.673300401119523,0.04863662023813185,0.00029416294126343194,False,True
economico,Grupo Econômico,sulgipe,Grupo Sulgipe,pos_2022,REN_1000,40,443679,195,98044.52,29413.356000000003,2015858,0.00043950694082884245,9.673300401119523,0.04863662023813185,0.00029416294126343194,False,True
porte,Porte,G,G,operacional_2023_plus,REN_1000,24,14806828,57082,13139804.6591,6569902.32955,72611822,0.0038551133301474158,78.61254328530691,0.18095957789215095,0.019486575043464932,False,True
porte,Porte,G,G,pos_2022,REN_1000,24,14806828,57082,13139804.6591,6569902.32955,72611822,0.0038551133301474158,78.61254328530691,0.18095957789215095,0.019486575043464932,False,True
porte,Porte,GG,GG,operacional_2023_plus,REN_1000,24,742952145,581009,343034701.0396834,171517350.5198417,1080005971,0.0007820274884595696,53.79683220288418,0.3176229671416172,0.9777646317797262,False,True
porte,Porte,GG,GG,pos_2022,REN_1000,24,742952145,581009,343034701.0396834,171517350.5198417,1080005971,0.0007820274884595696,53.79683220288418,0.3176229671416172,0.9777646317797262,False,True
porte,Porte,M,M,operacional_2023_plus,REN_1000,24,1581025,1519,46947.89,23473.945,4567642,0.0009607691212978922,33.25567108805812,0.010278364635407065,0.0020807131890837214,False,True
porte,Porte,M,M,pos_2022,REN_1000,24,1581025,1519,46947.89,23473.945,4567642,0.0009607691212978922,33.25567108805812,0.010278364635407065,0.0020807131890837214,False,True
porte,Porte,P,P,operacional_2023_plus,REN_1000,24,507639,952,90080.31,45040.155,1414867,0.0018753484267363225,67.28547630271962,0.06366698071267476,0.0006680799877252234,False,True
porte,Porte,P,P,pos_2022,REN_1000,24,507639,952,90080.31,45040.155,1414867,0.0018753484267363225,67.28547630271962,0.06366698071267476,0.0006680799877252234,False,True
