group_id,group_label,distributor_id,distributor_label,ano,mes,taxa_fora_prazo,taxa_var_abs,taxa_var_pct,qtd_fora_prazo,compensacao_rs
amazonas,Grupo Amazonas,amazonas_energia,Amazonas Energia — AMAZONAS ENERGIA S.A.,2024,1,0.0011699709061178433,-0.004427628713164132,-0.7909870327117252,2447,516712.7
amazonas,Grupo Amazonas,amazonas_energia,Amazonas Energia — AMAZONAS ENERGIA S.A.,2025,1,0.00399874107571767,0.002828770169599827,2.4178124044008524,2414,546871.16
cedrap,Grupo Cedrap,cedrap,Cedrap — COOPERATIVA DE ELETRIFICAÇÃO DA REGIÃO DO ALTO DA PARAÍBA,2024,1,0.0012223180903077366,-0.0014490977600929759,-0.5424455948614706,17,3252.29
cedri,Grupo Cedri,cedri,Cedri — COOPERATIVA DE ELETRIFICAÇÃO E DISTRIBUIÇÃO DA REGIÃO DE ITARIRI,2025,1,0.0031037244693632358,0.002560443049587792,4.712922173274596,31,5938.1900000000005
cegero,Grupo Cegero,cegero,Cegero — COOPERATIVA DE ELETRICIDADE DE SÃO LUDGERO,2024,1,0.0002969121140142518,-0.0010367304697732932,-0.777367551378705,6,697.41
cegero,Grupo Cegero,cegero,Cegero — COOPERATIVA DE ELETRICIDADE DE SÃO LUDGERO,2025,1,0.0006208866261020738,0.000323974512087822,1.0911461567117846,10,126.12
cejama,Grupo Cejama,cejama,Cejama — COOPERATIVA DE ELETRICIDADE JACINTO MACHADO,2024,1,0.000542740841248304,-0.0012158522842512962,-0.6913778216356234,4,624.98
cejama,Grupo Cejama,cejama,Cejama — COOPERATIVA DE ELETRICIDADE JACINTO MACHADO,2025,1,0.001170177198261451,0.000627436357013147,1.1560514877967232,7,201.52
celesc,Grupo Celesc,celesc_dis,Celesc-Dis — CELESC DISTRIBUIÇÃO S.A.,2025,1,0.020535159432861824,0.011391124765261579,1.2457438296492218,390787,19333108.650000002
celetro,Grupo Celetro,celetro,Celetro — COOPERATIVA DE ELETRIFICAÇÃO CENTRO JACUÍ LTDA.,2025,1,0.0001972127267946358,-0.0018022240515776539,-0.9013658601622885,9,1654.81
cemirim,Grupo Cemirim,cemirim,Cemirim — COOPERATIVA DE ELETRIFICAÇÃO E DESENVOLVIMENTO DA REGIÃO DE MOGI MIRIM,2024,1,0.0005767151267571789,-0.002340863283162588,-0.802330890303977,24,3264.26
cemirim,Grupo Cemirim,cemirim,Cemirim — COOPERATIVA DE ELETRIFICAÇÃO E DESENVOLVIMENTO DA REGIÃO DE MOGI MIRIM,2025,1,0.0009854700462941742,0.00040875491953699537,0.7087639990221692,43,4679.97
ceprag,Grupo Ceprag,ceprag,Ceprag — COOPERATIVA DE ELETRICIDADE PRAIA GRANDE,2024,1,0.0008829031051253274,0.0005787626475321844,1.9029452776927527,59,2793.08
ceraca,Grupo Ceraca,ceraca,Ceraçá — COOPERATIVA DISTRIBUIDORA DE ENERGIA VALE DO ARAÇÁ,2024,1,0.001143379830779785,-0.0020389265457666167,-0.6407071804253373,35,11028.779999999999
ceral,Grupo Ceral,ceral_anitapolis,Ceral Anitápolis — COOPERATIVA DE DISTRIBUIÇÃO DE ENERGIA ELÉTRICA DE ANITÁPOLIS,2024,1,0.003472222222222222,-0.004535785785785786,-0.56640625,3,0.0
ceral,Grupo Ceral,ceral_anitapolis,Ceral Anitápolis — COOPERATIVA DE DISTRIBUIÇÃO DE ENERGIA ELÉTRICA DE ANITÁPOLIS,2025,1,0.01783264746227709,0.01436042524005487,4.135802469135803,26,0.0
ceral,Grupo Ceral,ceral_araruama,Ceral Araruama — COOPERATIVA DE ELETRIFICAÇÃO RURAL DE ARARUAMA,2025,1,0.0004496402877697842,0.0001813679615506355,0.6760591526778577,13,571.84
cerci,Grupo Cerci,cerci,Cerci — COOPERATIVA DE ELETRIFICAÇÃO RURAL CACHOEIRAS- ITABORAÍ LTDA,2024,1,0.008272898200376041,0.004458170891850741,1.1686735463076086,462,103.1
cercos,Grupo Cercos,cercos,Cercos — COOPERATIVA DE ELETRIFICAÇÃO E DESENVOLVIMENTO RURAL CENTRO SUL DE SERGIPE LTDA,2024,1,0.009870129870129871,-0.010200708382526564,-0.508235294117647,38,20817.6
cercos,Grupo Cercos,cercos,Cercos — COOPERATIVA DE ELETRIFICAÇÃO E DESENVOLVIMENTO RURAL CENTRO SUL DE SERGIPE LTDA,2025,1,0.0013227513227513227,-0.008547378547378548,-0.8659844054580896,5,4179.629999999999
cerej,Grupo Cerej,cerej,Cerej — COOPERATIVA DE PRESTAÇÃO DE SERVIÇOS PÚBLICOS DE DISTRIBUIÇÃO DE ENERGIA ELÉTRICA SENADOR ESTEVES JÚNIOR,2024,1,0.0007939868727503706,-0.0018238698900462664,-0.6967034697871857,45,12534.93
ceres,Grupo Ceres,ceres,Ceres — COOPERATIVA DE ELETRIFICAÇÃO RURAL DE RESENDE LTDA.,2024,1,0.0041946308724832215,-0.011842335694518681,-0.7384398816971903,75,0.0
cerfox,Grupo Cerfox,cerfox,Cerfox — COOPERATIVA DE DISTRIBUIÇÃO DE ENERGIA FONTOURA XAVIER,2024,1,0.0017351448682272057,-0.003284739087702125,-0.6543456216397778,53,3988.45
cergapa,Grupo Cergapa,cergapa,Cergapa — COOPERATIVA DE ELETRICIDADE DE GRÃO PARÁ,2024,1,0.0,-0.0019723865877712033,-1.0,0,0.0
cergral,Grupo Cergral,cergral,Cergral — COOPERATIVA DE ELETRICIDADE DE GRAVATAL,2024,1,0.0005821613506143334,-0.001748673805551622,-0.750234867929509,19,2964.6400000000003
ceriluz,Grupo Ceriluz,ceriluz,Ceriluz — COOPERATIVA REGIONAL DE ENERGIA E DESENVOLVIMENTO IJUÍ LTDA,2024,1,0.00022983976884686103,0.00010233753755781348,0.8026333070659313,14,4604.74
ceripa,Grupo Ceripa,ceripa,Ceripa — COOPERATIVA DE ELETRIFICAÇÃO RURAL DE ITAÍ-PARANAPANEMA-AVARÉ,2024,1,7.105048136701127e-05,-7.388755762132123e-05,-0.5097872038083058,2,0.0
ceripa,Grupo Ceripa,ceripa,Ceripa — COOPERATIVA DE ELETRIFICAÇÃO RURAL DE ITAÍ-PARANAPANEMA-AVARÉ,2025,1,0.00011645962732919254,4.540914596218128e-05,0.6391110248447203,3,0.0
ceris,Grupo Ceris,ceris,Ceris — COOPERATIVA DE ELETRIFICAÇÃO RURAL DA REGIÃO DE ITAPECERICA DA SERRA,2025,1,0.000661844655604406,0.0004877196338387783,2.800973857136104,14,734.26
cermoful,Grupo Cermoful,cermoful,Cermoful — COOPERATIVA FUMACENSE DE ELETRICIDADE,2024,1,0.0024031240612796636,0.0010335042575918354,0.7545920808161721,88,40854.01
cermoful,Grupo Cermoful,cermoful,Cermoful — COOPERATIVA FUMACENSE DE ELETRICIDADE,2025,1,0.0006723173337815449,-0.0017308067274981187,-0.7202319494801546,28,1021.98
cernhe,Grupo Cernhe,cernhe,Cernhe — COOPERATIVA DE ELETRIFICAÇÃO E DESENVOLVIMENTO RURAL DA REGIÃO DE NOVO HORIZONTE,2025,1,0.00026380583890256773,-0.0019266703515736228,-0.8795668996314365,3,262.29
cerpalo,Grupo Cerpalo,cerpalo,Cerpalo — COOPERATIVA DE ELETRIFICAÇÃO DE PAULO LOPES,2024,1,6.190992106485064e-05,-7.184429219286697e-05,-0.5371366661507506,6,0.0
cerpalo,Grupo Cerpalo,cerpalo,Cerpalo — COOPERATIVA DE ELETRIFICAÇÃO DE PAULO LOPES,2025,1,0.00011201287129721088,5.0102950232360234e-05,0.8092879036281986,11,0.0
cerpro,Grupo Cerpro,cerpro,Cerpro — COOPERATIVA DE ELETRIFICAÇÃO RURAL DA REGIÃO DE PROMISSÃO,2024,1,0.0006657789613848203,0.0002616569165272733,0.6474700399467379,3,114.35
cerrp,Grupo Cerrp,cerrp,Cerrp — COOPERATIVA DE ELETRIFICAÇÃO E DESENVOLVIMENTO DA REGIÃO DE SÃO JOSÉ DO RIO PRETO,2024,1,0.00039674667724657806,-0.0007859854339302405,-0.6645506843880182,6,0.0
cerrp,Grupo Cerrp,cerrp,Cerrp — COOPERATIVA DE ELETRIFICAÇÃO E DESENVOLVIMENTO DA REGIÃO DE SÃO JOSÉ DO RIO PRETO,2025,1,7.287567409998542e-05,-0.0003238710031465926,-0.8163168634309867,1,0.0
cersad,Grupo Cersad,cersad,Cersad — COOPERATIVA DE DISTRIBUIÇÃO DE ENERGIA ELÉTRICA SALTO DONNER,2024,1,0.0068415051311288486,0.0068415051311288486,inf,12,1240.42
cersul,Grupo Cersul,cersul,Cersul — COOPERATIVA DE DISTRIBUIÇÃOI DE ENERGIA,2025,1,8.366800535475234e-05,-0.00016763036958242303,-0.6670571173583222,5,1274.67
certaja,Grupo Certaja,certaja_energia,Certaja Energia — COOPERATIVA REGIONAL DE ENERGIA TAQUARI JACUÍ,2024,1,0.001958260049681783,0.001338648457634055,2.160463869324996,108,9420.779999999999
certaja,Grupo Certaja,certaja_energia,Certaja Energia — COOPERATIVA REGIONAL DE ENERGIA TAQUARI JACUÍ,2025,1,0.0005845488778020963,-0.0013737111718796866,-0.7014957855586721,43,2441.82
certel,Grupo Certel,certel_energia,Certel Energia — COOPERATIVA DE DISTRIBUIÇÃO DE ENERGIA TEUTÔNIA,2025,1,0.0009988123877097354,0.00050786559315265,1.0344615725841089,164,155224.88
certhil,Grupo Certhil,certhil,Certhil — COOPERATIVA DE DISTRIBUIÇÃO DE ENERGIA ENTRE RIOS LTDA,2024,1,0.000714224495043282,0.00029586446635573724,0.7072006072948851,25,1971.7199999999998
cetril,Grupo Cetril,cetril,Cetril — COOPERATIVA DE ELETRIFICAÇÃO DE IBIÚNA E REGIÃO,2024,1,0.000374859427714607,-0.0005235087129804128,-0.5827329457335853,36,2768.16
chesp,Grupo Chesp,chesp,Chesp — COMPANHIA HIDROELÉTRICA SÃO PATRÍCIO,2024,1,0.0023989152730939053,0.001885756413772741,3.6748004628962807,69,0.0
chesp,Grupo Chesp,chesp,Chesp — COMPANHIA HIDROELÉTRICA SÃO PATRÍCIO,2025,1,0.004783347096492732,0.0023844318233988263,0.9939625005278325,307,309.82
coopera,Grupo Coopera,coopera,Coopera — COOPERATIVA PIONEIRA DE ELETRIFICAÇÃO,2024,1,0.0020010321112995124,0.0012868439227118195,1.8018275060758895,190,37422.68
coopera,Grupo Coopera,coopera,Coopera — COOPERATIVA PIONEIRA DE ELETRIFICAÇÃO,2025,1,0.00038177774808395294,-0.0016192543632155595,-0.8092095844298979,40,2293.98
coopercocal,Grupo Coopercocal,coopercocal,Coopercocal — COOPERATIVA ENERGÉTICA COCAL,2024,1,0.0,-7.763372408974459e-05,-1.0,0,0.0
coopercocal,Grupo Coopercocal,coopercocal,Coopercocal — COOPERATIVA ENERGÉTICA COCAL,2025,1,9.795598511069027e-05,9.795598511069027e-05,inf,3,1234.07
coopermila,Grupo Coopermila,coopermila,Coopermila — COOPERATIVA DE ELETRIFICAÇÃO LAURO MÜLLER,2024,1,0.0035746201966041107,0.0014286974498229949,0.6657730116175156,4,198.79
coopermila,Grupo Coopermila,coopermila,Coopermila — COOPERATIVA DE ELETRIFICAÇÃO LAURO MÜLLER,2025,1,0.010638297872340425,0.007063677675736315,1.976063829787234,7,2605.25
coopersul,Grupo Coopersul,coopersul,Coopersul — COOPERATIVA REGIONAL DE ELETRIFICAÇÃO RURAL FRONTEIRA SUL LTDA,2024,1,0.002823315118397086,-0.0031718377367413128,-0.5290670335490705,62,7714.950000000001
coopersul,Grupo Coopersul,coopersul,Coopersul — COOPERATIVA REGIONAL DE ELETRIFICAÇÃO RURAL FRONTEIRA SUL LTDA,2025,1,0.02075147347740668,0.017928158359009592,6.350038025223397,169,369.73
cooperzem,Grupo Cooperzem,cooperzem,Cooperzem — COOPERZEM COOPERATIVA DE DISTRIBUIÇÃO DE ENERGIA ELÉTRICA,2024,1,3.158360179394858e-05,3.158360179394858e-05,inf,1,0.0
coorsel,Grupo Coorsel,coorsel,Coorsel — COOPERATIVA REGIONAL SUL DE ELETRIFICAÇÃO RURAL,2024,1,0.0009062987764966517,0.00043652113791224834,0.9292079955692059,18,596.24
coorsel,Grupo Coorsel,coorsel,Coorsel — COOPERATIVA REGIONAL SUL DE ELETRIFICAÇÃO RURAL,2025,1,0.00027224218664924317,-0.0006340565898474086,-0.6996109961644101,5,469.19
copel,Grupo Copel,copel_dis,Copel-Dis — COPEL DISTRIBUIÇÃO S.A.,2025,1,0.0006437377233674251,0.00025059219760741774,0.6374031527460133,10129,2503281.5387
coprel,Grupo Coprel,coprel,Coprel — COPREL COOPERATIVA DE ENERGIA,2024,1,0.009732087924380559,0.003344136742869263,0.5235069348288428,174,26371.72
coprel,Grupo Coprel,coprel,Coprel — COPREL COOPERATIVA DE ENERGIA,2025,1,0.0771101761767026,0.06737808825232204,6.923292183122217,1173,27364.58
cpfl,Grupo CPFL,cpfl_paulista,CPFL Paulista — COMPANHIA PAULISTA DE FORÇA E LUZ,2025,1,0.0007629277473998475,0.0002960973014706298,0.6342716162851234,21159,7686946.6618
creral,Grupo Creral,creral,Creral — COOPERATIVA REGIONAL DE ELETRIFICAÇÃO RURAL DO ALTO URUGUAI,2024,1,0.0014547378165707862,-0.0017882070533664248,-0.5514145707327573,22,2085.4900000000002
creral,Grupo Creral,creral,Creral — COOPERATIVA REGIONAL DE ELETRIFICAÇÃO RURAL DO ALTO URUGUAI,2025,1,0.006605271514766592,0.005150533698195806,3.540523687173417,104,9024.570000000002
dcelt,Grupo Dcelt,dcelt,Dcelt — DISTRIBUIDORA CATARINENSE DE ENERGIA ELÉTRICA S/A.,2025,1,0.020437249204372492,0.009317617302532001,0.8379429629311539,1477,41850.42
demei,Grupo Demei,demei,Demei — DEPARTAMENTO MUNICIPAL DE ENERGIA DE IJUÍ,2024,1,0.0012225761586432769,-0.0016293913135115002,-0.5713218434011202,109,14273.43
dmed,Grupo DMED,dmed,Dmed — DME DISTRIBUIÇÃO S.A.,2024,1,0.0008686976145437607,-0.0009590060415198184,-0.5247054347887445,276,91379.95
dmed,Grupo DMED,dmed,Dmed — DME DISTRIBUIÇÃO S.A.,2025,1,0.012818369957971063,0.011949672343427302,13.755847999770623,4218,136297.47
edp,Grupo EDP,edp_es,EDP ES — EDP ESPÍRITO SANTO DISTRIBUIÇÃO DE ENERGIA S.A.,2024,1,0.0018247825475772197,-0.01714140102730201,-0.9037875732683432,16473,8455710.99
edp,Grupo EDP,edp_es,EDP ES — EDP ESPÍRITO SANTO DISTRIBUIÇÃO DE ENERGIA S.A.,2025,1,0.0008505848198975167,-0.0009741977276797031,-0.5338705858257764,8936,7010581.7700000005
edp,Grupo EDP,edp_sp,EDP SP — EDP SÃO PAULO DISTRIBUIÇÃO DE ENERGIA S.A.,2024,1,0.00115483004730986,-0.012426126796058331,-0.9149669599403976,13372,7168734.33
enel,Grupo ENEL,enel_ce,Enel CE — COMPANHIA ENERGÉTICA DO CEARÁ,2024,1,0.0016306476529357376,-0.0017237579987283977,-0.5138788142314373,21811,28734341.29
enel,Grupo ENEL,enel_rj,Enel RJ — AMPLA ENERGIA E SERVIÇOS S.A.,2024,1,0.0007258094575986754,-0.0008442330775526268,-0.5377135068963399,8042,6743429.300000001
enel,Grupo ENEL,enel_sp,Enel SP — ELETROPAULO METROPOLITANA ELETRICIDADE DE SÃO PAULO S.A.,2024,1,0.00028334759193594756,-0.00032840563338867645,-0.5368269749855581,12735,15926437.21
enel,Grupo ENEL,enel_sp,Enel SP — ELETROPAULO METROPOLITANA ELETRICIDADE DE SÃO PAULO S.A.,2025,1,0.000848131633220535,0.0005647840412845875,1.9932551303003851,26791,7883179.839799999
energisa,Grupo Energisa,energisa_ms,Energisa MS — ENERGISA MATO GROSSO DO SUL DISTRIBUIDORA DE ENERGIA S.A.,2025,1,0.006428824030257682,0.004193770420665912,1.8763623398867373,12398,3461325.69
energisa,Grupo Energisa,energisa_minas_rio,Energisa Minas Rio — ENERGISA MINAS RIO - DISTRIBUIDORA DE ENERGIA S.A.,2024,1,0.002108455829044491,-0.0029475274928924627,-0.58297808857551,1236,316774.61852754
energisa,Grupo Energisa,energisa_minas_rio,Energisa Minas Rio — ENERGISA MINAS RIO - DISTRIBUIDORA DE ENERGIA S.A.,2025,1,0.008921865215936043,0.006813409386891551,3.231468875484695,5571,1143648.12
energisa,Grupo Energisa,energisa_ro,Energisa RO — ENERGISA RONDÔNIA DISTRIBUIDORA DE ENERGIA S.A.,2025,1,0.00647781051506982,-0.006697573460940412,-0.5083399066877572,7761,4997325.609999999
energisa,Grupo Energisa,energisa_sul_sudeste,Energisa Sul-Sudeste — ENERGISA SUL-SUDESTE DISTRIBUIDORA DE ENERGIA S.A.,2024,1,0.0027572758533926027,-0.0040182543120254564,-0.5930538590964306,2367,1115422.05
equatorial,Grupo Equatorial,ceee_equatorial,CEEE Equatorial — COMPANHIA ESTADUAL DE DISTRIBUIÇÃO DE ENERGIA ELÉTRICA,2024,1,0.00244861116771037,0.0014606299920265995,1.4783986051310278,20850,5364701.67
equatorial,Grupo Equatorial,ceee_equatorial,CEEE Equatorial — COMPANHIA ESTADUAL DE DISTRIBUIÇÃO DE ENERGIA ELÉTRICA,2025,1,0.0008109341490457913,-0.001637677018664579,-0.6688187329456339,7060,5318498.970000001
equatorial,Grupo Equatorial,equatorial_al,Equatorial AL — EQUATORIAL ALAGOAS DISTRIBUIDORA DE ENERGIA S.A.,2024,1,0.008845067465509096,-0.009703776495826455,-0.5231472385046558,4550,2312783.67
equatorial,Grupo Equatorial,equatorial_pa,Equatorial PA — EQUATORIAL PARÁ DISTRIBUIDORA DE ENERGIA S.A.,2025,1,0.0019099836972906266,-0.002630490351974938,-0.579342668504058,2984,5949178.49
equatorial,Grupo Equatorial,equatorial_pi,Equatorial PI — EQUATORIAL PIAUÍ DISTRIBUIDORA DE ENERGIA S.A.,2025,1,0.011413550502364542,-0.011704029658488978,-0.5062826462394261,6374,2925041.31
forcel,Grupo Forcel,forcel,Forcel — FORÇA E LUZ CORONEL VIVIDA LTDA,2024,1,0.002955082742316785,-0.008563855172560215,-0.7434587490483632,50,1893.2399999999998
hidropan,Grupo Hidropan,hidropan,Hidropan — HIDROPAN DISTRIBUIÇÃO DE ENERGIA S.A.,2024,1,0.00012027422523353245,-0.0004188357532020684,-0.7769022462122731,6,0.0
hidropan,Grupo Hidropan,hidropan,Hidropan — HIDROPAN DISTRIBUIÇÃO DE ENERGIA S.A.,2025,1,0.00022810797110632365,0.0001078337458727912,0.8965657077683438,9,1377.08
light,Grupo Light,light,Light — LIGHT SERVIÇOS DE ELETRICIDADE S.A.,2024,1,5.1376641766233686e-05,-0.00017100274374143634,-0.7689685055611342,1823,8396516.80787
mux,Grupo MUX,mux_energia,"Mux Energia — MUXFELDT, MARIN & CIA LTDA",2024,1,0.00013643185228978127,-0.00018401249720818925,-0.5742416662876892,3,523.98
neoenergia,Grupo Neoenergia,neoenergia_brasilia,Neoenergia Brasília — NEOENERGIA DISTRIBUIÇÃO BRASÍLIA S.A.,2024,1,0.007524518248430703,0.0028742323186877255,0.6180764714496996,4084,6817583.02
neoenergia,Grupo Neoenergia,neoenergia_cosern,Neoenergia Cosern — COMPANHIA ENERGÉTICA DO RIO GRANDE DO NORTE,2025,1,0.00033375130847744646,0.0001144708506397748,0.5220294219036836,1840,1180588.79773975
neoenergia,Grupo Neoenergia,neoenergia_elektro,Neoenergia Elektro — ELEKTRO REDES S.A.,2025,1,1.6338385686024888e-05,-1.752394135305523e-05,-0.5175055256194016,734,502892.99
neoenergia,Grupo Neoenergia,neoenergia_pernambuco,Neoenergia Pernambuco — COMPANHIA ENERGÉTICA DE PERNAMBUCO,2025,1,0.006005529543221921,0.005670235947658316,16.911256351696903,8895,6894282.01
rge,Grupo RGE,rge,RGE — RGE SUL DISTRIBUIDORA DE ENERGIA S.A.,2024,1,0.0005417712224459608,0.0004072258537534672,3.0266805740760274,7948,3895370.7328999997
rge,Grupo RGE,rge,RGE — RGE SUL DISTRIBUIDORA DE ENERGIA S.A.,2025,1,0.00025837630819068054,-0.0002833949142552802,-0.5230896410034913,3921,2667010.1066000005
santa,Grupo Santa,santa_maria,Santa Maria — EMPRESA LUZ E FORÇA SANTA MARIA S.A.,2025,1,0.000321857513114282,-0.002132569403767573,-0.868866532182928,57,7844.3099999999995
sulgipe,Grupo Sulgipe,sulgipe,Sulgipe — COMPANHIA SUL SERGIPANA DE ELETRICIDADE,2025,1,0.0006554962915072823,0.00040934975792949996,1.6630327958697229,73,18621.350000000002
