group_id,group_label,distributor_id,distributor_label,ano,meses_com_dados,qtd_serv_realizado,qtd_fora_prazo,compensacao_rs,uc_ativa_media_ano,exposicao_uc_mes,taxa_fora_prazo,fora_prazo_por_100k_uc_mes,compensacao_rs_por_uc_mes,compensacao_media_por_transgressao_rs
amazonas,Grupo Amazonas,amazonas_energia,AMAZONAS ENERGIA S.A.,2023,12,689224,3858,1331110.07,1159625.1666666667,13915502,0.0055975996192819755,27.724475911828407,0.09565663315631732,345.0259383100052
amazonas,Grupo Amazonas,amazonas_energia,AMAZONAS ENERGIA S.A.,2024,12,2091505,2447,516712.69999999995,1179382.4166666667,14152589,0.0011699709061178433,17.290122676494033,0.03651011839600514,211.16170821413974
amazonas,Grupo Amazonas,amazonas_energia,AMAZONAS ENERGIA S.A.,2025,12,603690,2414,546871.1599999999,1191364.8333333333,14296378,0.00399874107571767,16.885395727505248,0.03825242729312277,226.5414913007456
ampla,Grupo Ampla,enel_rj,AMPLA ENERGIA E SERVIÇOS S.A.,2023,12,12152537,19080,4838734.66,3073576.25,36882915,0.0015700425351513022,51.73126907133018,0.13119176344928268,253.60244549266247
ampla,Grupo Ampla,enel_rj,AMPLA ENERGIA E SERVIÇOS S.A.,2024,12,11080043,8042,6743429.3,3090711.5833333335,37088539,0.0007258094575986754,21.683248294034986,0.1818197610857629,838.5263989057448
ampla,Grupo Ampla,enel_rj,AMPLA ENERGIA E SERVIÇOS S.A.,2025,12,9839070,9000,9587764.6288,3115002.6666666665,37380032,0.0009147205985931597,24.077025937270466,0.2564942862756244,1065.3071809777778
celesc,Grupo Celesc,celesc_dis,CELESC DISTRIBUIÇÃO S.A.,2023,12,1513417,10603,3723961.58,3369700.6666666665,40436408,0.007006000329056698,26.221419073622958,0.09209427256743477,351.21772894463834
celesc,Grupo Celesc,celesc_dis,CELESC DISTRIBUIÇÃO S.A.,2024,12,12436742,113722,2160911.43,3449264.75,41391177,0.009144034667600245,274.74937472785564,0.05220705441645209,19.001700902200103
celesc,Grupo Celesc,celesc_dis,CELESC DISTRIBUIÇÃO S.A.,2025,12,19030142,390787,19333108.65,3545150.25,42541803,0.020535159432861824,918.5952931990212,0.4544496774149417,49.47224101620576
cemig,Grupo Cemig,cemig_d,CEMIG DISTRIBUIÇÃO S.A.,2023,12,61990419,107304,81427220.05,10337222.5,124046670,0.001730977169229974,86.5029266807404,0.6564240704728309,758.8460826250652
cemig,Grupo Cemig,cemig_d,CEMIG DISTRIBUIÇÃO S.A.,2024,12,49352569,57485,34935633.06,10476920.833333334,125723050,0.0011647823236922074,45.7235168889078,0.27787770866201544,607.7347666347744
cemig,Grupo Cemig,cemig_d,CEMIG DISTRIBUIÇÃO S.A.,2025,12,56055721,49799,42312798.18,10678152.166666666,128137826,0.0008883838992990564,38.86362173804947,0.33021317358700936,849.6716436073013
centrais,Grupo Centrais,eletrocar,CENTRAIS ELÉTRICAS DE CARAZINHO S.A.,2023,12,107201,444,0.0,39842.666666666664,478112,0.0041417524090260355,92.86527006224483,0.0,0.0
centrais,Grupo Centrais,eletrocar,CENTRAIS ELÉTRICAS DE CARAZINHO S.A.,2024,12,135067,330,0.0,41316.916666666664,495803,0.0024432318775126417,66.55869367470547,0.0,0.0
centrais,Grupo Centrais,eletrocar,CENTRAIS ELÉTRICAS DE CARAZINHO S.A.,2025,12,123966,261,25646.739999999998,40417.583333333336,485011,0.0021054160011616087,53.81321248384057,0.05287867697846028,98.26337164750957
companhia,Grupo Companhia,cocel,COMPANHIA CAMPOLARGUENSE DE ENERGIA,2023,12,205786,149,16286.769999999999,59006.583333333336,708079,0.0007240531425850155,21.042849738517877,0.023001345895020186,109.30718120805368
companhia,Grupo Companhia,cocel,COMPANHIA CAMPOLARGUENSE DE ENERGIA,2024,12,203167,116,26393.0,59087.416666666664,709049,0.0005709588663513267,16.35994127345219,0.037223097416398586,227.52586206896552
companhia,Grupo Companhia,cocel,COMPANHIA CAMPOLARGUENSE DE ENERGIA,2025,10,185003,71,16452.68,59946.2,599462,0.000383777560363886,11.843953411559031,0.027445743016237895,231.72788732394366
companhia,Grupo Companhia,cea_equatorial,COMPANHIA DE ELETRICIDADE DO AMAPA,2023,12,186003,2417,662784.65,232051.75,2784621,0.01299441406859029,86.79816750645779,0.23801610703934217,274.21789408357466
companhia,Grupo Companhia,cea_equatorial,COMPANHIA DE ELETRICIDADE DO AMAPA,2024,11,199462,2354,269207.54,251972.63636363635,2771699,0.011801746698619286,84.92985710208794,0.09712726381905105,114.36174171622768
companhia,Grupo Companhia,cea_equatorial,COMPANHIA DE ELETRICIDADE DO AMAPA,2025,12,156973,2089,1713057.45,268881.4166666667,3226577,0.01330802112465201,64.74353471186338,0.5309209884035,820.0370751555768
companhia,Grupo Companhia,neoenergia_coelba,COMPANHIA DE ELETRICIDADE DO ESTADO DA BAHIA,2023,12,68708813,35045,19076328.16,6617578.166666667,79410938,0.0005100510177639075,44.131200162879324,0.24022292949114893,544.338084177486
companhia,Grupo Companhia,neoenergia_coelba,COMPANHIA DE ELETRICIDADE DO ESTADO DA BAHIA,2024,12,72185466,28707,41095381.800000004,6762796.833333333,81153562,0.00039768393266312085,35.37367836053826,0.5063903639867342,1431.545678754311
companhia,Grupo Companhia,neoenergia_coelba,COMPANHIA DE ELETRICIDADE DO ESTADO DA BAHIA,2025,12,40075691,23697,35872530.09,6956267.166666667,83475206,0.0005913060862755929,28.38807010551133,0.42973874290289266,1513.800484871503
companhia,Grupo Companhia,neoenergia_pernambuco,COMPANHIA ENERGÉTICA DE PERNAMBUCO,2023,12,36100762,20333,10499861.71,4017691.1666666665,48212294,0.0005632291085711709,42.17389033593797,0.21778390611324158,516.3951069689667
companhia,Grupo Companhia,neoenergia_pernambuco,COMPANHIA ENERGÉTICA DE PERNAMBUCO,2024,12,32550577,10914,11363770.79,4100319.5833333335,49203835,0.0003352935955636055,22.18119786801171,0.2309529488910773,1041.2104443833607
companhia,Grupo Companhia,neoenergia_pernambuco,COMPANHIA ENERGÉTICA DE PERNAMBUCO,2025,12,1481135,8895,6894282.01,4184413.0833333335,50212957,0.006005529543221921,17.714551246205236,0.13730085662949504,775.0738628442945
companhia,Grupo Companhia,enel_ce,COMPANHIA ENERGÉTICA DO CEARÁ,2023,12,10591146,35527,9778555.31,4154017.5,49848210,0.0033544056516641354,71.27036256667992,0.1961666288518685,275.24292256593577
companhia,Grupo Companhia,enel_ce,COMPANHIA ENERGÉTICA DO CEARÁ,2024,12,13375667,21811,28734341.29,4217463.25,50609559,0.0016306476529357376,43.09660157283726,0.5677650992769963,1317.4242946219797
companhia,Grupo Companhia,enel_ce,COMPANHIA ENERGÉTICA DO CEARÁ,2025,12,13108905,27974,20058850.50108,4296990.75,51563889,0.0021339692369423684,54.251144633408074,0.38900965171730933,717.0533531522127
companhia,Grupo Companhia,neoenergia_cosern,COMPANHIA ENERGÉTICA DO RIO GRANDE DO NORTE,2023,12,16441663,6835,1865132.675445803,1576295.75,18915549,0.00041571220624093806,36.134293538083405,0.09860314788885076,272.879689165443
companhia,Grupo Companhia,neoenergia_cosern,COMPANHIA ENERGÉTICA DO RIO GRANDE DO NORTE,2024,12,17666873,3874,3118335.6222180594,1605168.1666666667,19262018,0.00021928045783767167,20.112119093648445,0.16189039083122336,804.9394997981568
companhia,Grupo Companhia,neoenergia_cosern,COMPANHIA ENERGÉTICA DO RIO GRANDE DO NORTE,2025,12,5513087,1840,1180588.79773975,1634496.4166666667,19613957,0.00033375130847744646,9.381074915173924,0.060191260628324514,641.6243465976902
companhia,Grupo Companhia,ceee_equatorial,COMPANHIA ESTADUAL DE DISTRIBUIÇÃO DE ENERGIA ELÉTRICA,2023,12,7954605,7859,4329850.6,1902412.0,22828944,0.0009879811756837707,34.42559585760953,0.1896649534030133,550.9416719684438
companhia,Grupo Companhia,ceee_equatorial,COMPANHIA ESTADUAL DE DISTRIBUIÇÃO DE ENERGIA ELÉTRICA,2024,12,8515031,20850,5364701.67,1948746.4166666667,23384957,0.00244861116771037,89.15988171370168,0.22940823325011886,257.29984028776977
companhia,Grupo Companhia,ceee_equatorial,COMPANHIA ESTADUAL DE DISTRIBUIÇÃO DE ENERGIA ELÉTRICA,2025,12,8706009,7060,5318498.97,1986613.9166666667,23839367,0.0008109341490457913,29.614880294430634,0.22309732343144847,753.3284660056656
companhia,Grupo Companhia,chesp,COMPANHIA HIDROELÉTRICA SÃO PATRÍCIO,2023,12,27282,14,0.0,40208.166666666664,482498,0.0005131588593211641,2.9015664313634457,0.0,0.0
companhia,Grupo Companhia,chesp,COMPANHIA HIDROELÉTRICA SÃO PATRÍCIO,2024,12,28763,69,0.0,40620.083333333336,487441,0.0023989152730939053,14.155559339489292,0.0,0.0
companhia,Grupo Companhia,chesp,COMPANHIA HIDROELÉTRICA SÃO PATRÍCIO,2025,12,64181,307,309.82,38938.5,467262,0.004783347096492732,65.70189743655594,0.0006630541323711322,1.009185667752443
companhia,Grupo Companhia,cpfl_santa_cruz,COMPANHIA JAGUARI DE ENERGIA - CPFL SANTA CRUZ,2023,12,2924577,1267,280367.46790000005,500426.25,6005115,0.00043322504416878064,21.09868004193092,0.04668810970314474,221.28450505130232
companhia,Grupo Companhia,cpfl_santa_cruz,COMPANHIA JAGUARI DE ENERGIA - CPFL SANTA CRUZ,2024,12,2171376,1283,482346.8212,509197.8333333333,6110374,0.0005908695684211302,20.99707808392743,0.07893900131154001,375.9523158222915
companhia,Grupo Companhia,cpfl_santa_cruz,COMPANHIA JAGUARI DE ENERGIA - CPFL SANTA CRUZ,2025,12,2387897,1436,763491.7206,520105.3333333333,6241264,0.0006013659718153672,23.008159885561643,0.12232966280548299,531.6794711699164
companhia,Grupo Companhia,cpfl_paulista,COMPANHIA PAULISTA DE FORÇA E LUZ,2023,12,35910212,12880,4958174.8692,4911562.833333333,58938754,0.0003586723464623378,21.85319357107549,0.08412418880114092,384.951465
companhia,Grupo Companhia,cpfl_paulista,COMPANHIA PAULISTA DE FORÇA E LUZ,2024,12,25861638,12073,5193360.1075,5001674.166666667,60020090,0.00046683044592921765,20.114931517097027,0.08652702965790288,430.1631829288495
companhia,Grupo Companhia,cpfl_paulista,COMPANHIA PAULISTA DE FORÇA E LUZ,2025,12,27733950,21159,7686946.661800001,5102236.583333333,61226839,0.0007629277473998475,34.55837398367079,0.12554864479938285,363.29442137152046
companhia,Grupo Companhia,cpfl_piratininga,COMPANHIA PIRATININGA DE FORÇA E LUZ,2023,12,9595492,6326,1885966.4926,1923839.6666666667,23086076,0.0006592679145582113,27.40179838271346,0.0816928131311705,298.12938548846034
companhia,Grupo Companhia,cpfl_piratininga,COMPANHIA PIRATININGA DE FORÇA E LUZ,2024,12,8238989,3336,1562654.253,1961197.75,23534373,0.0004049040483001009,14.175011163458656,0.06639880539838473,468.4215386690648
companhia,Grupo Companhia,cpfl_piratininga,COMPANHIA PIRATININGA DE FORÇA E LUZ,2025,12,9834665,4916,1706306.3203999999,1998351.3333333333,23980216,0.0004998645098740018,20.50023235820728,0.07115475191716371,347.0924166802278
companhia,Grupo Companhia,sulgipe,COMPANHIA SUL SERGIPANA DE ELETRICIDADE,2023,12,169074,81,67356.92,166272.66666666666,1995272,0.0004790801660811242,4.059596887040965,0.033758264537366335,831.5669135802469
companhia,Grupo Companhia,sulgipe,COMPANHIA SUL SERGIPANA DE ELETRICIDADE,2024,12,117816,29,5182.74,171246.0,2054952,0.0002461465335777823,1.4112251770357653,0.002522073508286325,178.71517241379308
companhia,Grupo Companhia,sulgipe,COMPANHIA SUL SERGIPANA DE ELETRICIDADE,2025,11,111366,73,18621.35,174596.63636363635,1920563,0.0006554962915072823,3.800968778425909,0.009695776707142644,255.08698630136985
cooperativa,Grupo Cooperativa,cooperalianca,COOPERATIVA ALIANÇA,2023,12,137073,36,433.2,43889.5,526674,0.0002626337790812195,6.835347862244956,0.0008225201927568097,12.033333333333333
cooperativa,Grupo Cooperativa,cooperalianca,COOPERATIVA ALIANÇA,2024,12,137703,34,9628.67,45034.583333333336,540415,0.0002469082009832756,6.29146119186181,0.017817177539483545,283.1961764705882
cooperativa,Grupo Cooperativa,cooperalianca,COOPERATIVA ALIANÇA,2025,11,160164,37,5997.71,45938.27272727273,505321,0.00023101321145825528,7.322078441228447,0.011869108942632505,162.10027027027027
cooperativa,Grupo Cooperativa,creluz_d,COOPERATIVA DE DISTRIBUIÇÃO DE ENERGIA,2023,12,38795,19,668.0500000000001,25266.25,303195,0.0004897538342569918,6.266594106103332,0.0022033674697801747,35.160526315789475
cooperativa,Grupo Cooperativa,creluz_d,COOPERATIVA DE DISTRIBUIÇÃO DE ENERGIA,2024,12,37124,26,16239.5,25491.25,305895,0.0007003555651330676,8.499648572222494,0.05308847807254123,624.5961538461538
cooperativa,Grupo Cooperativa,creluz_d,COOPERATIVA DE DISTRIBUIÇÃO DE ENERGIA,2025,12,44004,17,4622.89,25825.25,309903,0.00038632851558949186,5.485587425742894,0.014917216032113274,271.93470588235294
cooperativa,Grupo Cooperativa,ceral_anitapolis,COOPERATIVA DE DISTRIBUIÇÃO DE ENERGIA ELÉTRICA DE ANITÁPOLIS,2023,12,999,8,0.0,3863.75,46365,0.008008008008008008,17.254394478593767,0.0,0.0
cooperativa,Grupo Cooperativa,ceral_anitapolis,COOPERATIVA DE DISTRIBUIÇÃO DE ENERGIA ELÉTRICA DE ANITÁPOLIS,2024,12,864,3,0.0,4052.4166666666665,48629,0.003472222222222222,6.169158321166382,0.0,0.0
cooperativa,Grupo Cooperativa,ceral_anitapolis,COOPERATIVA DE DISTRIBUIÇÃO DE ENERGIA ELÉTRICA DE ANITÁPOLIS,2025,12,1458,26,0.0,4129.666666666667,49556,0.01783264746227709,52.46589716684156,0.0,0.0
cooperativa,Grupo Cooperativa,castro_dis,COOPERATIVA DE DISTRIBUIÇÃO DE ENERGIA ELÉTRICA DE CASTRO,2023,12,8602,11,0.0,2327.5,27930,0.0012787723785166241,39.38417472252059,0.0,0.0
cooperativa,Grupo Cooperativa,castro_dis,COOPERATIVA DE DISTRIBUIÇÃO DE ENERGIA ELÉTRICA DE CASTRO,2024,11,8880,6,0.0,2373.3636363636365,26107,0.0006756756756756757,22.982341900639675,0.0,0.0
cooperativa,Grupo Cooperativa,castro_dis,COOPERATIVA DE DISTRIBUIÇÃO DE ENERGIA ELÉTRICA DE CASTRO,2025,12,8650,3,90.86,2413.5833333333335,28963,0.0003468208092485549,10.358043020405345,0.0031371059627800985,30.286666666666665
cooperativa,Grupo Cooperativa,codesam,COOPERATIVA DE DISTRIBUIÇÃO DE ENERGIA ELÉTRICA DE SANTA MARIA,2023,7,540,0,0.0,640.7142857142857,4485,0.0,0.0,0.0,
cooperativa,Grupo Cooperativa,cersad,COOPERATIVA DE DISTRIBUIÇÃO DE ENERGIA ELÉTRICA SALTO DONNER,2023,12,1520,0,0.0,1377.5833333333333,16531,0.0,0.0,0.0,
cooperativa,Grupo Cooperativa,cersad,COOPERATIVA DE DISTRIBUIÇÃO DE ENERGIA ELÉTRICA SALTO DONNER,2024,12,1754,12,1240.42,1404.0,16848,0.0068415051311288486,71.22507122507123,0.07362416904083571,103.36833333333334
cooperativa,Grupo Cooperativa,cersad,COOPERATIVA DE DISTRIBUIÇÃO DE ENERGIA ELÉTRICA SALTO DONNER,2025,12,1686,6,332.31,1438.4166666666667,17261,0.0035587188612099642,34.76044261630265,0.019252071143039222,55.385
cooperativa,Grupo Cooperativa,certhil,COOPERATIVA DE DISTRIBUIÇÃO DE ENERGIA ENTRE RIOS LTDA,2023,12,16732,7,0.0,8629.5,103554,0.0004183600286875448,6.759758193792611,0.0,0.0
cooperativa,Grupo Cooperativa,certhil,COOPERATIVA DE DISTRIBUIÇÃO DE ENERGIA ENTRE RIOS LTDA,2024,12,35003,25,1971.72,9044.833333333334,108538,0.000714224495043282,23.03340765446203,0.01816617221618235,78.86880000000001
cooperativa,Grupo Cooperativa,certhil,COOPERATIVA DE DISTRIBUIÇÃO DE ENERGIA ENTRE RIOS LTDA,2025,12,19909,20,1347.21,9033.75,108405,0.0010045707971269276,18.44933351782667,0.012427563304275633,67.3605
cooperativa,Grupo Cooperativa,cerfox,COOPERATIVA DE DISTRIBUIÇÃO DE ENERGIA FONTOURA XAVIER,2023,12,30678,154,88.27,16135.916666666666,193631,0.005019883955929331,79.53271945091437,0.0004558670873981955,0.5731818181818181
cooperativa,Grupo Cooperativa,cerfox,COOPERATIVA DE DISTRIBUIÇÃO DE ENERGIA FONTOURA XAVIER,2024,12,30545,53,3988.45,16483.083333333332,197797,0.0017351448682272057,26.795148561403863,0.02016436043013797,75.25377358490566
cooperativa,Grupo Cooperativa,cerfox,COOPERATIVA DE DISTRIBUIÇÃO DE ENERGIA FONTOURA XAVIER,2025,12,32937,56,13480.23,16540.5,198486,0.0017002155630446002,28.213576776195804,0.06791526858317463,240.71839285714285
cooperativa,Grupo Cooperativa,certel_energia,COOPERATIVA DE DISTRIBUIÇÃO DE ENERGIA TEUTÔNIA,2023,12,128056,102,0.0,73481.75,881781,0.0007965265196476541,11.56749805223746,0.0,0.0
cooperativa,Grupo Cooperativa,certel_energia,COOPERATIVA DE DISTRIBUIÇÃO DE ENERGIA TEUTÔNIA,2024,12,136471,67,10150.78,74934.58333333333,899215,0.0004909467945570854,7.450943322787098,0.011288490516728481,151.50417910447763
cooperativa,Grupo Cooperativa,certel_energia,COOPERATIVA DE DISTRIBUIÇÃO DE ENERGIA TEUTÔNIA,2025,12,164195,164,155224.88,76776.33333333333,921316,0.0009988123877097354,17.80062432433606,0.1684816935774479,946.4931707317073
cooperativa,Grupo Cooperativa,cermissoes,COOPERATIVA DE DISTRIBUIÇÃO E GERAÇÃO DE ENERGIA DAS MISSÕES,2023,12,88332,218,52555.5,28423.0,341076,0.002467961780555178,63.91537369970329,0.15408735882911725,241.0802752293578
cooperativa,Grupo Cooperativa,cermissoes,COOPERATIVA DE DISTRIBUIÇÃO E GERAÇÃO DE ENERGIA DAS MISSÕES,2024,12,77172,177,20364.78,28703.333333333332,344440,0.0022935779816513763,51.387759842062486,0.05912431773313204,115.05525423728812
cooperativa,Grupo Cooperativa,cermissoes,COOPERATIVA DE DISTRIBUIÇÃO E GERAÇÃO DE ENERGIA DAS MISSÕES,2025,12,83616,142,14232.35,29025.583333333332,348307,0.0016982395713738996,40.76863226980796,0.04086151010459164,100.22781690140846
cooperativa,Grupo Cooperativa,cersul,COOPERATIVA DE DISTRIBUIÇÃOI DE ENERGIA,2023,12,72387,18,5812.81,18552.0,222624,0.0002486634340420241,8.085381630012938,0.026110437329308612,322.93388888888893
cooperativa,Grupo Cooperativa,cersul,COOPERATIVA DE DISTRIBUIÇÃOI DE ENERGIA,2024,12,71628,18,550.24,18710.333333333332,224524,0.0002512983749371754,8.016960324954125,0.002450695694001532,30.56888888888889
cooperativa,Grupo Cooperativa,cersul,COOPERATIVA DE DISTRIBUIÇÃOI DE ENERGIA,2025,12,59760,5,1274.67,18898.5,226782,8.366800535475234e-05,2.2047605189124355,0.005620684181284229,254.93400000000003
cooperativa,Grupo Cooperativa,cergral,COOPERATIVA DE ELETRICIDADE DE GRAVATAL,2023,12,27887,65,71.09,6853.0,82236,0.0023308351561659555,79.04080937788804,0.0008644632521037016,1.0936923076923077
cooperativa,Grupo Cooperativa,cergral,COOPERATIVA DE ELETRICIDADE DE GRAVATAL,2024,12,32637,19,2964.6400000000003,7017.583333333333,84211,0.0005821613506143334,22.562373086651387,0.03520490197242641,156.03368421052633
cooperativa,Grupo Cooperativa,cergral,COOPERATIVA DE ELETRICIDADE DE GRAVATAL,2025,12,25504,11,825.1399999999999,7245.5,86946,0.00043130489335006274,12.651530835231062,0.009490258321256871,75.01272727272726
cooperativa,Grupo Cooperativa,cergapa,COOPERATIVA DE ELETRICIDADE DE GRÃO PARÁ,2023,12,3042,6,1.0,3975.75,47709,0.0019723865877712033,12.576243476073698,2.0960405793456162e-05,0.16666666666666666
cooperativa,Grupo Cooperativa,cergapa,COOPERATIVA DE ELETRICIDADE DE GRÃO PARÁ,2024,12,5173,0,0.0,4019.1666666666665,48230,0.0,0.0,0.0,
cooperativa,Grupo Cooperativa,cergapa,COOPERATIVA DE ELETRICIDADE DE GRÃO PARÁ,2025,12,1544,0,0.0,4067.0,48804,0.0,0.0,0.0,
cooperativa,Grupo Cooperativa,cegero,COOPERATIVA DE ELETRICIDADE DE SÃO LUDGERO,2023,12,17246,23,0.0,6879.083333333333,82549,0.001333642583787545,27.862239397206505,0.0,0.0
cooperativa,Grupo Cooperativa,cegero,COOPERATIVA DE ELETRICIDADE DE SÃO LUDGERO,2024,12,20208,6,697.41,7121.166666666667,85454,0.0002969121140142518,7.021321412689868,0.008161232944040068,116.235
cooperativa,Grupo Cooperativa,cegero,COOPERATIVA DE ELETRICIDADE DE SÃO LUDGERO,2025,12,16106,10,126.12,7362.166666666667,88346,0.0006208866261020738,11.319131596223936,0.001427568876915763,12.612
cooperativa,Grupo Cooperativa,cejama,COOPERATIVA DE ELETRICIDADE JACINTO MACHADO,2023,12,6255,11,0.0,5594.166666666667,67130,0.0017585931254996002,16.386116490391775,0.0,0.0
cooperativa,Grupo Cooperativa,cejama,COOPERATIVA DE ELETRICIDADE JACINTO MACHADO,2024,12,7370,4,624.98,5776.583333333333,69319,0.000542740841248304,5.770423693359685,0.00901599849968984,156.245
cooperativa,Grupo Cooperativa,cejama,COOPERATIVA DE ELETRICIDADE JACINTO MACHADO,2025,12,5982,7,201.52,6033.166666666667,72398,0.001170177198261451,9.668775380535374,0.0027835023066935553,28.78857142857143
cooperativa,Grupo Cooperativa,ceprag,COOPERATIVA DE ELETRICIDADE PRAIA GRANDE,2023,12,72335,22,5143.929999999999,20529.333333333332,246352,0.000304140457593143,8.93031109956485,0.02088040689744755,233.81499999999997
cooperativa,Grupo Cooperativa,ceprag,COOPERATIVA DE ELETRICIDADE PRAIA GRANDE,2024,12,66825,59,2793.08,21799.083333333332,261589,0.0008829031051253274,22.55446521069311,0.010677360286556392,47.34033898305085
cooperativa,Grupo Cooperativa,ceprag,COOPERATIVA DE ELETRICIDADE PRAIA GRANDE,2025,12,69141,59,2698.89,23355.75,280269,0.000853328705109848,21.05120437865051,0.009629641522965436,45.74389830508474
cooperativa,Grupo Cooperativa,celetro,COOPERATIVA DE ELETRIFICAÇÃO CENTRO JACUÍ LTDA.,2023,12,34481,56,744.12,23953.916666666668,287447,0.0016240828282242394,19.4818523066861,0.002588720703294868,13.287857142857144
cooperativa,Grupo Cooperativa,celetro,COOPERATIVA DE ELETRIFICAÇÃO CENTRO JACUÍ LTDA.,2024,12,35510,71,1752.33,24104.166666666668,289250,0.0019994367783722896,24.546240276577354,0.0060581849611063094,24.680704225352113
cooperativa,Grupo Cooperativa,celetro,COOPERATIVA DE ELETRIFICAÇÃO CENTRO JACUÍ LTDA.,2025,12,45636,9,1654.81,24346.416666666668,292157,0.0001972127267946358,3.080535465520251,0.0056641121041084075,183.86777777777777
cooperativa,Grupo Cooperativa,cedrap,COOPERATIVA DE ELETRIFICAÇÃO DA REGIÃO DO ALTO DA PARAÍBA,2023,12,12353,33,0.0,7634.916666666667,91619,0.0026714158504007124,36.01872973946452,0.0,0.0
cooperativa,Grupo Cooperativa,cedrap,COOPERATIVA DE ELETRIFICAÇÃO DA REGIÃO DO ALTO DA PARAÍBA,2024,12,13908,17,3252.29,7882.416666666667,94589,0.0012223180903077366,17.9724915159268,0.03438338496019622,191.31117647058824
cooperativa,Grupo Cooperativa,cedrap,COOPERATIVA DE ELETRIFICAÇÃO DA REGIÃO DO ALTO DA PARAÍBA,2025,12,13033,19,624.78,8007.666666666667,96092,0.0014578377963630784,19.77271781209674,0.006501894018232527,32.88315789473684
cooperativa,Grupo Cooperativa,cerbranorte,COOPERATIVA DE ELETRIFICAÇÃO DE BRAÇO DO NORTE,2023,12,58036,21,1189.3400000000001,17948.333333333332,215380,0.00036184437245847406,9.750208933048565,0.005522054044015229,56.6352380952381
cooperativa,Grupo Cooperativa,cerbranorte,COOPERATIVA DE ELETRIFICAÇÃO DE BRAÇO DO NORTE,2024,12,58676,12,2249.85,18353.583333333332,220243,0.00020451291839934557,5.448527308472913,0.010215307637473154,187.48749999999998
cooperativa,Grupo Cooperativa,cerbranorte,COOPERATIVA DE ELETRIFICAÇÃO DE BRAÇO DO NORTE,2025,12,84858,16,5275.59,18619.416666666668,223433,0.00018855028400386527,7.160983382042939,0.023611507700294944,329.724375
cooperativa,Grupo Cooperativa,cetril,COOPERATIVA DE ELETRIFICAÇÃO DE IBIÚNA E REGIÃO,2023,12,94616,85,0.0,32113.166666666668,385358,0.0008983681406950198,22.057411549779687,0.0,0.0
cooperativa,Grupo Cooperativa,cetril,COOPERATIVA DE ELETRIFICAÇÃO DE IBIÚNA E REGIÃO,2024,12,96036,36,2768.16,33075.0,396900,0.000374859427714607,9.070294784580499,0.006974452003023431,76.89333333333333
cooperativa,Grupo Cooperativa,cetril,COOPERATIVA DE ELETRIFICAÇÃO DE IBIÚNA E REGIÃO,2025,12,105178,21,1679.65,34114.0,409368,0.00019966152617467532,5.129858709034414,0.0041030319907760255,79.98333333333333
cooperativa,Grupo Cooperativa,cerpalo,COOPERATIVA DE ELETRIFICAÇÃO DE PAULO LOPES,2023,12,74764,10,0.0,16613.833333333332,199366,0.00013375421325771762,5.015900404281572,0.0,0.0
cooperativa,Grupo Cooperativa,cerpalo,COOPERATIVA DE ELETRIFICAÇÃO DE PAULO LOPES,2024,12,96915,6,0.0,17377.0,208524,6.190992106485064e-05,2.8773666340565116,0.0,0.0
cooperativa,Grupo Cooperativa,cerpalo,COOPERATIVA DE ELETRIFICAÇÃO DE PAULO LOPES,2025,12,98203,11,0.0,18051.25,216615,0.00011201287129721088,5.078134016573182,0.0,0.0
cooperativa,Grupo Cooperativa,cerim,COOPERATIVA DE ELETRIFICAÇÃO E DESENVOLVIMENTO DA REGIÃO DE ITU-MAIRINQUE,2023,12,42441,22,103.3,15505.75,186069,0.0005183666737353031,11.823570825876423,0.000555170393778652,4.695454545454545
cooperativa,Grupo Cooperativa,cerim,COOPERATIVA DE ELETRIFICAÇÃO E DESENVOLVIMENTO DA REGIÃO DE ITU-MAIRINQUE,2024,12,46382,19,2143.51,16170.833333333334,194050,0.00040964167133801906,9.79129090440608,0.01104617366658078,112.81631578947369
cooperativa,Grupo Cooperativa,cerim,COOPERATIVA DE ELETRIFICAÇÃO E DESENVOLVIMENTO DA REGIÃO DE ITU-MAIRINQUE,2025,12,68702,21,6614.75,16913.416666666668,202961,0.00030566795726470845,10.346815398032135,0.03259123674006336,314.98809523809524
cooperativa,Grupo Cooperativa,cermc,COOPERATIVA DE ELETRIFICAÇÃO E DESENVOLVIMENTO DA REGIÃO DE MOGI DAS CRUZES,2023,12,10707,50,0.0,3395.3333333333335,40744,0.004669842159335014,122.71745533084625,0.0,0.0
cooperativa,Grupo Cooperativa,cermc,COOPERATIVA DE ELETRIFICAÇÃO E DESENVOLVIMENTO DA REGIÃO DE MOGI DAS CRUZES,2024,12,11145,28,0.0,3527.9166666666665,42335,0.002512337371018394,66.1391283807724,0.0,0.0
cooperativa,Grupo Cooperativa,cermc,COOPERATIVA DE ELETRIFICAÇÃO E DESENVOLVIMENTO DA REGIÃO DE MOGI DAS CRUZES,2025,12,14094,19,0.0,3676.9166666666665,44123,0.0013480913864055628,43.06144187838542,0.0,0.0
cooperativa,Grupo Cooperativa,cemirim,COOPERATIVA DE ELETRIFICAÇÃO E DESENVOLVIMENTO DA REGIÃO DE MOGI MIRIM,2023,12,38388,112,0.0,16642.333333333332,199708,0.0029175784099197666,56.08187954413443,0.0,0.0
cooperativa,Grupo Cooperativa,cemirim,COOPERATIVA DE ELETRIFICAÇÃO E DESENVOLVIMENTO DA REGIÃO DE MOGI MIRIM,2024,12,41615,24,3264.2599999999998,17276.166666666668,207314,0.0005767151267571789,11.57664219493136,0.015745487521344432,136.01083333333332
cooperativa,Grupo Cooperativa,cemirim,COOPERATIVA DE ELETRIFICAÇÃO E DESENVOLVIMENTO DA REGIÃO DE MOGI MIRIM,2025,12,43634,43,4679.97,17882.333333333332,214588,0.0009854700462941742,20.038399164911365,0.021809094637165172,108.83651162790699
cooperativa,Grupo Cooperativa,cerrp,COOPERATIVA DE ELETRIFICAÇÃO E DESENVOLVIMENTO DA REGIÃO DE SÃO JOSÉ DO RIO PRETO,2023,12,13528,16,0.0,5241.0,62892,0.0011827321111768185,25.440437575526303,0.0,0.0
cooperativa,Grupo Cooperativa,cerrp,COOPERATIVA DE ELETRIFICAÇÃO E DESENVOLVIMENTO DA REGIÃO DE SÃO JOSÉ DO RIO PRETO,2024,12,15123,6,0.0,3543.25,42519,0.00039674667724657806,14.111338460452973,0.0,0.0
cooperativa,Grupo Cooperativa,cerrp,COOPERATIVA DE ELETRIFICAÇÃO E DESENVOLVIMENTO DA REGIÃO DE SÃO JOSÉ DO RIO PRETO,2025,11,13722,1,0.0,3610.3636363636365,39714,7.287567409998542e-05,2.518003726645515,0.0,0.0
cooperativa,Grupo Cooperativa,cercos,COOPERATIVA DE ELETRIFICAÇÃO E DESENVOLVIMENTO RURAL CENTRO SUL DE SERGIPE LTDA,2023,12,3388,68,16964.96,7275.833333333333,87310,0.020070838252656435,77.88340396289085,0.19430718130798305,249.48470588235293
cooperativa,Grupo Cooperativa,cercos,COOPERATIVA DE ELETRIFICAÇÃO E DESENVOLVIMENTO RURAL CENTRO SUL DE SERGIPE LTDA,2024,12,3850,38,20817.6,6877.75,82533,0.009870129870129871,46.042189184932084,0.2522336519937479,547.8315789473684
cooperativa,Grupo Cooperativa,cercos,COOPERATIVA DE ELETRIFICAÇÃO E DESENVOLVIMENTO RURAL CENTRO SUL DE SERGIPE LTDA,2025,12,3780,5,4179.63,7064.666666666667,84776,0.0013227513227513227,5.897895630838916,0.04930204303104652,835.926
cooperativa,Grupo Cooperativa,cernhe,COOPERATIVA DE ELETRIFICAÇÃO E DESENVOLVIMENTO RURAL DA REGIÃO DE NOVO HORIZONTE,2023,12,7795,25,0.0,4673.583333333333,56083,0.003207184092366902,44.576787974965676,0.0,0.0
cooperativa,Grupo Cooperativa,cernhe,COOPERATIVA DE ELETRIFICAÇÃO E DESENVOLVIMENTO RURAL DA REGIÃO DE NOVO HORIZONTE,2024,12,10500,23,162.41,4770.583333333333,57247,0.0021904761904761906,40.17677782241864,0.0028370045591908748,7.061304347826087
cooperativa,Grupo Cooperativa,cernhe,COOPERATIVA DE ELETRIFICAÇÃO E DESENVOLVIMENTO RURAL DA REGIÃO DE NOVO HORIZONTE,2025,12,11372,3,262.29,4830.833333333333,57970,0.00026380583890256773,5.175090564084871,0.004524581680179404,87.43
cooperativa,Grupo Cooperativa,cedri,COOPERATIVA DE ELETRIFICAÇÃO E DISTRIBUIÇÃO DA REGIÃO DE ITARIRI,2023,12,10707,4,0.0,3027.5833333333335,36331,0.0003735873727468012,11.009881368528253,0.0,0.0
cooperativa,Grupo Cooperativa,cedri,COOPERATIVA DE ELETRIFICAÇÃO E DISTRIBUIÇÃO DA REGIÃO DE ITARIRI,2024,12,11044,6,0.0,3379.5,40554,0.0005432814197754436,14.795088030773783,0.0,0.0
cooperativa,Grupo Cooperativa,cedri,COOPERATIVA DE ELETRIFICAÇÃO E DISTRIBUIÇÃO DA REGIÃO DE ITARIRI,2025,12,9988,31,5938.19,4269.666666666667,51236,0.0031037244693632358,60.504332890936055,0.11589878210633148,191.55451612903224
cooperativa,Grupo Cooperativa,coopermila,COOPERATIVA DE ELETRIFICAÇÃO LAURO MÜLLER,2023,12,932,2,429.64,1368.4166666666667,16421,0.002145922746781116,12.17952621643018,0.026164058218135312,214.82
cooperativa,Grupo Cooperativa,coopermila,COOPERATIVA DE ELETRIFICAÇÃO LAURO MÜLLER,2024,12,1119,4,198.79,1421.75,17061,0.0035746201966041107,23.445284567141435,0.011651720297755113,49.6975
cooperativa,Grupo Cooperativa,coopermila,COOPERATIVA DE ELETRIFICAÇÃO LAURO MÜLLER,2025,12,658,7,2605.25,1488.0,17856,0.010638297872340425,39.202508960573475,0.14590333781362008,372.17857142857144
cooperativa,Grupo Cooperativa,cergal,COOPERATIVA DE ELETRIFICAÇÃO RURAL ANITA GARIBALDI LTDA,2023,12,55241,41,251.44,20326.333333333332,243916,0.0007422023497040242,16.809065415962873,0.0010308466849243182,6.132682926829268
cooperativa,Grupo Cooperativa,cergal,COOPERATIVA DE ELETRIFICAÇÃO RURAL ANITA GARIBALDI LTDA,2024,12,49821,19,1587.5900000000001,20604.416666666668,247253,0.00038136528773007365,7.684436589242598,0.006420912991955609,83.55736842105264
cooperativa,Grupo Cooperativa,cergal,COOPERATIVA DE ELETRIFICAÇÃO RURAL ANITA GARIBALDI LTDA,2025,12,55434,24,4150.44,20947.916666666668,251375,0.0004329472886676047,9.547488811536548,0.01651094977623073,172.93499999999997
cooperativa,Grupo Cooperativa,cerci,COOPERATIVA DE ELETRIFICAÇÃO RURAL CACHOEIRAS- ITABORAÍ LTDA,2023,12,40632,155,311.33000000000004,17916.583333333332,214999,0.0038147273085253003,72.09335857376081,0.0014480532467592874,2.0085806451612904
cooperativa,Grupo Cooperativa,cerci,COOPERATIVA DE ELETRIFICAÇÃO RURAL CACHOEIRAS- ITABORAÍ LTDA,2024,12,55845,462,103.1,18007.5,216090,0.008272898200376041,213.7998056365403,0.00047711601647461706,0.22316017316017314
cooperativa,Grupo Cooperativa,cerci,COOPERATIVA DE ELETRIFICAÇÃO RURAL CACHOEIRAS- ITABORAÍ LTDA,2025,12,48437,348,1.37,18435.583333333332,221227,0.0071845902925449555,157.3044881501806,6.192734159935271e-06,0.003936781609195403
cooperativa,Grupo Cooperativa,ceris,COOPERATIVA DE ELETRIFICAÇÃO RURAL DA REGIÃO DE ITAPECERICA DA SERRA,2023,12,29772,4,4.35,7011.333333333333,84136,0.00013435442697836894,4.754207473614148,5.170200627555386e-05,1.0875
cooperativa,Grupo Cooperativa,ceris,COOPERATIVA DE ELETRIFICAÇÃO RURAL DA REGIÃO DE ITAPECERICA DA SERRA,2024,12,22972,4,66.98,7263.666666666667,87164,0.00017412502176562773,4.589050525446285,0.0007684365104859805,16.745
cooperativa,Grupo Cooperativa,ceris,COOPERATIVA DE ELETRIFICAÇÃO RURAL DA REGIÃO DE ITAPECERICA DA SERRA,2025,12,21153,14,734.26,7495.0,89940,0.000661844655604406,15.565932844118302,0.008163887035801646,52.44714285714286
cooperativa,Grupo Cooperativa,cerpro,COOPERATIVA DE ELETRIFICAÇÃO RURAL DA REGIÃO DE PROMISSÃO,2023,12,4949,2,0.0,2038.6666666666667,24464,0.00040412204485754696,8.175277959450622,0.0,0.0
cooperativa,Grupo Cooperativa,cerpro,COOPERATIVA DE ELETRIFICAÇÃO RURAL DA REGIÃO DE PROMISSÃO,2024,12,4506,3,114.35,2089.75,25077,0.0006657789613848203,11.963153487259241,0.004559955337560314,38.11666666666667
cooperativa,Grupo Cooperativa,cerpro,COOPERATIVA DE ELETRIFICAÇÃO RURAL DA REGIÃO DE PROMISSÃO,2025,12,3636,2,597.1600000000001,2187.0,26244,0.00055005500550055,7.620789513793629,0.02275415333028502,298.58000000000004
cooperativa,Grupo Cooperativa,ceral_araruama,COOPERATIVA DE ELETRIFICAÇÃO RURAL DE ARARUAMA,2023,12,32048,13,0.0,7481.5,89778,0.0004056415376934598,14.480162177816391,0.0,0.0
cooperativa,Grupo Cooperativa,ceral_araruama,COOPERATIVA DE ELETRIFICAÇÃO RURAL DE ARARUAMA,2024,12,33548,9,3154.5899999999997,7759.0,93108,0.0002682723262191487,9.666194097177472,0.03388097693001675,350.51
cooperativa,Grupo Cooperativa,ceral_araruama,COOPERATIVA DE ELETRIFICAÇÃO RURAL DE ARARUAMA,2025,12,28912,13,571.8399999999999,8099.833333333333,97198,0.0004496402877697842,13.374760797547273,0.005883248626514948,43.9876923076923
cooperativa,Grupo Cooperativa,ceripa,COOPERATIVA DE ELETRIFICAÇÃO RURAL DE ITAÍ-PARANAPANEMA-AVARÉ,2023,12,27598,4,0.0,7453.416666666667,89441,0.0001449380389883325,4.472221911651256,0.0,0.0
cooperativa,Grupo Cooperativa,ceripa,COOPERATIVA DE ELETRIFICAÇÃO RURAL DE ITAÍ-PARANAPANEMA-AVARÉ,2024,12,28149,2,0.0,7865.333333333333,94384,7.105048136701127e-05,2.1190032208848955,0.0,0.0
cooperativa,Grupo Cooperativa,ceripa,COOPERATIVA DE ELETRIFICAÇÃO RURAL DE ITAÍ-PARANAPANEMA-AVARÉ,2025,11,25760,3,0.0,6882.545454545455,75708,0.00011645962732919254,3.962593120938342,0.0,0.0
cooperativa,Grupo Cooperativa,ceres,COOPERATIVA DE ELETRIFICAÇÃO RURAL DE RESENDE LTDA.,2023,12,7358,118,595.05,5811.25,69735,0.016036966567001903,169.2120169212017,0.008533017853301786,5.042796610169491
cooperativa,Grupo Cooperativa,ceres,COOPERATIVA DE ELETRIFICAÇÃO RURAL DE RESENDE LTDA.,2024,12,17880,75,0.0,5994.166666666667,71930,0.0041946308724832215,104.26803837063811,0.0,0.0
cooperativa,Grupo Cooperativa,ceres,COOPERATIVA DE ELETRIFICAÇÃO RURAL DE RESENDE LTDA.,2025,12,15990,53,278.57,6143.75,73725,0.003314571607254534,71.88877585622245,0.0037785011868429973,5.256037735849056
cooperativa,Grupo Cooperativa,certrel,COOPERATIVA DE ENERGIA TREVISO,2023,12,11938,17,0.0,4664.666666666667,55976,0.001424024124643994,30.370158639416893,0.0,0.0
cooperativa,Grupo Cooperativa,certrel,COOPERATIVA DE ENERGIA TREVISO,2024,12,12708,26,2197.77,4797.833333333333,57574,0.002045955303745672,45.159273283079166,0.038172960016674196,84.52961538461538
cooperativa,Grupo Cooperativa,certrel,COOPERATIVA DE ENERGIA TREVISO,2025,12,11713,26,2420.34,4942.083333333333,59305,0.0022197558268590455,43.84116010454431,0.040811735941320294,93.09
cooperativa,Grupo Cooperativa,cervam,COOPERATIVA DE ENERGIZAÇÃO E DE DESENVOLVIMENTO DO VALE DO MOGI,2023,12,8715,15,0.0,4661.666666666667,55940,0.0017211703958691911,26.814444047193422,0.0,0.0
cooperativa,Grupo Cooperativa,cervam,COOPERATIVA DE ENERGIZAÇÃO E DE DESENVOLVIMENTO DO VALE DO MOGI,2024,12,11048,14,250.14,4847.666666666667,58172,0.0012671976828385228,24.066561232207935,0.004300006876160352,17.867142857142856
cooperativa,Grupo Cooperativa,cervam,COOPERATIVA DE ENERGIZAÇÃO E DE DESENVOLVIMENTO DO VALE DO MOGI,2025,12,10219,9,0.0,4865.416666666667,58385,0.0008807123984734318,15.414918215295025,0.0,0.0
cooperativa,Grupo Cooperativa,cerej,COOPERATIVA DE PRESTAÇÃO DE SERVIÇOS PÚBLICOS DE DISTRIBUIÇÃO DE ENERGIA ELÉTRICA SENADOR ESTEVES JÚNIOR,2023,12,46985,123,0.0,15462.833333333334,185554,0.002617856762796637,66.28798085732454,0.0,0.0
cooperativa,Grupo Cooperativa,cerej,COOPERATIVA DE PRESTAÇÃO DE SERVIÇOS PÚBLICOS DE DISTRIBUIÇÃO DE ENERGIA ELÉTRICA SENADOR ESTEVES JÚNIOR,2024,12,56676,45,12534.93,16049.416666666666,192593,0.0007939868727503706,23.365335188714024,0.06508507578157047,278.55400000000003
cooperativa,Grupo Cooperativa,cerej,COOPERATIVA DE PRESTAÇÃO DE SERVIÇOS PÚBLICOS DE DISTRIBUIÇÃO DE ENERGIA ELÉTRICA SENADOR ESTEVES JÚNIOR,2025,11,60907,70,7032.2,16722.727272727272,183950,0.0011492931846914147,38.053818972546885,0.038228866539820605,100.46
cooperativa,Grupo Cooperativa,cooperluz,COOPERATIVA DISTRIBUIDORA DE ENERGIA FRONTEIRA NOROESTE,2023,12,29620,3,0.0,17008.833333333332,204106,0.0001012829169480081,1.4698245029543473,0.0,0.0
cooperativa,Grupo Cooperativa,cooperluz,COOPERATIVA DISTRIBUIDORA DE ENERGIA FRONTEIRA NOROESTE,2024,12,42461,6,371.49,17292.416666666668,207509,0.00014130613975177223,2.8914408531678144,0.0017902356042388524,61.915
cooperativa,Grupo Cooperativa,cooperluz,COOPERATIVA DISTRIBUIDORA DE ENERGIA FRONTEIRA NOROESTE,2025,12,41994,5,809.98,17574.166666666668,210890,0.0001190646282802305,2.3709042628858645,0.0038407700697045853,161.996
cooperativa,Grupo Cooperativa,ceraca,COOPERATIVA DISTRIBUIDORA DE ENERGIA VALE DO ARAÇÁ,2023,12,25139,80,314.91999999999996,12715.583333333334,152587,0.003182306376546402,52.42910601820601,0.002063871758406679,3.9364999999999997
cooperativa,Grupo Cooperativa,ceraca,COOPERATIVA DISTRIBUIDORA DE ENERGIA VALE DO ARAÇÁ,2024,12,30611,35,11028.779999999999,12999.583333333334,155995,0.001143379830779785,22.43661655822302,0.07069957370428538,315.10799999999995
cooperativa,Grupo Cooperativa,ceraca,COOPERATIVA DISTRIBUIDORA DE ENERGIA VALE DO ARAÇÁ,2025,12,41658,47,6633.79,13863.75,166365,0.001128234672811945,28.251134553541913,0.03987491359360442,141.14446808510638
cooperativa,Grupo Cooperativa,coopercocal,COOPERATIVA ENERGÉTICA COCAL,2023,12,38643,3,0.0,11741.416666666666,140897,7.763372408974459e-05,2.1292149584448214,0.0,0.0
cooperativa,Grupo Cooperativa,coopercocal,COOPERATIVA ENERGÉTICA COCAL,2024,12,30716,0,0.0,11988.25,143859,0.0,0.0,0.0,
cooperativa,Grupo Cooperativa,coopercocal,COOPERATIVA ENERGÉTICA COCAL,2025,12,30626,3,1234.07,12186.083333333334,146233,9.795598511069027e-05,2.051520518624387,0.008439066421395991,411.3566666666666
cooperativa,Grupo Cooperativa,cermoful,COOPERATIVA FUMACENSE DE ELETRICIDADE,2023,12,39427,54,1457.5700000000002,16111.166666666666,193334,0.0013696198036878282,27.930938169178727,0.007539129175416637,26.99203703703704
cooperativa,Grupo Cooperativa,cermoful,COOPERATIVA FUMACENSE DE ELETRICIDADE,2024,12,36619,88,40854.01,16505.25,198063,0.0024031240612796636,44.430307528412676,0.2062677531896417,464.25011363636366
cooperativa,Grupo Cooperativa,cermoful,COOPERATIVA FUMACENSE DE ELETRICIDADE,2025,11,41647,28,1021.98,16807.909090909092,184887,0.0006723173337815449,15.144385489515217,0.005527592529490986,36.49928571428571
cooperativa,Grupo Cooperativa,coopera,COOPERATIVA PIONEIRA DE ELETRIFICAÇÃO,2023,12,95213,68,7941.54,27163.0,325956,0.0007141881885876928,20.86171139663022,0.02436384051835217,116.78735294117647
cooperativa,Grupo Cooperativa,coopera,COOPERATIVA PIONEIRA DE ELETRIFICAÇÃO,2024,12,94951,190,37422.67999999999,27858.583333333332,334303,0.0020010321112995124,56.834667950930736,0.11194239955968087,196.9614736842105
cooperativa,Grupo Cooperativa,coopera,COOPERATIVA PIONEIRA DE ELETRIFICAÇÃO,2025,12,104773,40,2293.98,28563.916666666668,342767,0.00038177774808395294,11.669734834450225,0.006692534578883032,57.3495
cooperativa,Grupo Cooperativa,coopernorte,COOPERATIVA REGIONAL DE DISTRIBUIÇÃO DE ENERGIA DO LITORAL NORTE,2023,12,56370,53,3302.48,6976.25,83715,0.0009402164271775767,63.310040016723406,0.03944908319894881,62.31094339622641
cooperativa,Grupo Cooperativa,coopernorte,COOPERATIVA REGIONAL DE DISTRIBUIÇÃO DE ENERGIA DO LITORAL NORTE,2024,12,70033,43,15396.51,7126.0,85512,0.0006139962589065155,50.285340069230045,0.18005087005332585,358.05837209302325
cooperativa,Grupo Cooperativa,coopernorte,COOPERATIVA REGIONAL DE DISTRIBUIÇÃO DE ENERGIA DO LITORAL NORTE,2025,12,54834,31,3881.06,7270.166666666667,87242,0.0005653426706058285,35.533344031544445,0.0444861419958277,125.19548387096773
cooperativa,Grupo Cooperativa,creral,COOPERATIVA REGIONAL DE ELETRIFICAÇÃO RURAL DO ALTO URUGUAI,2023,12,14493,47,858.63,7977.666666666667,95732,0.003242944869937211,49.095391300714496,0.008969101240964358,18.26872340425532
cooperativa,Grupo Cooperativa,creral,COOPERATIVA REGIONAL DE ELETRIFICAÇÃO RURAL DO ALTO URUGUAI,2024,12,15123,22,2085.4900000000002,8035.416666666667,96425,0.0014547378165707862,22.815659839253307,0.021628104744620173,94.79500000000002
cooperativa,Grupo Cooperativa,creral,COOPERATIVA REGIONAL DE ELETRIFICAÇÃO RURAL DO ALTO URUGUAI,2025,12,15745,104,9024.57,8128.333333333333,97540,0.006605271514766592,106.62292392864465,0.09252173467295469,86.77471153846153
cooperativa,Grupo Cooperativa,coopersul,COOPERATIVA REGIONAL DE ELETRIFICAÇÃO RURAL FRONTEIRA SUL LTDA,2023,12,23519,141,57633.490000000005,5720.833333333333,68650,0.005995152855138399,205.38965768390386,0.839526438455936,408.74815602836884
cooperativa,Grupo Cooperativa,coopersul,COOPERATIVA REGIONAL DE ELETRIFICAÇÃO RURAL FRONTEIRA SUL LTDA,2024,12,21960,62,7714.950000000001,5993.416666666667,71921,0.002823315118397086,86.20569791854952,0.1072697821220506,124.43467741935486
cooperativa,Grupo Cooperativa,coopersul,COOPERATIVA REGIONAL DE ELETRIFICAÇÃO RURAL FRONTEIRA SUL LTDA,2025,4,8144,169,369.73,6688.0,26752,0.02075147347740668,631.7284688995215,0.013820648923444976,2.187751479289941
cooperativa,Grupo Cooperativa,ceriluz,COOPERATIVA REGIONAL DE ENERGIA E DESENVOLVIMENTO IJUÍ LTDA,2023,12,47058,6,340.69,14951.75,179421,0.00012750223128904755,3.3440901566706236,0.0018988301257935247,56.781666666666666
cooperativa,Grupo Cooperativa,ceriluz,COOPERATIVA REGIONAL DE ENERGIA E DESENVOLVIMENTO IJUÍ LTDA,2024,12,60912,14,4604.74,15090.333333333334,181084,0.00022983976884686103,7.731218660952928,0.025428751297740273,328.90999999999997
cooperativa,Grupo Cooperativa,ceriluz,COOPERATIVA REGIONAL DE ENERGIA E DESENVOLVIMENTO IJUÍ LTDA,2025,12,60352,7,296.46,15704.75,188457,0.00011598621420996819,3.714375162503913,0.0015730909438227286,42.35142857142857
cooperativa,Grupo Cooperativa,certaja_energia,COOPERATIVA REGIONAL DE ENERGIA TAQUARI JACUÍ,2023,12,56487,35,0.0,26350.416666666668,316205,0.0006196115920477278,11.068768678547144,0.0,0.0
cooperativa,Grupo Cooperativa,certaja_energia,COOPERATIVA REGIONAL DE ENERGIA TAQUARI JACUÍ,2024,11,55151,108,9420.78,26720.454545454544,293925,0.001958260049681783,36.7440673641235,0.03205164582801735,87.22944444444445
cooperativa,Grupo Cooperativa,certaja_energia,COOPERATIVA REGIONAL DE ENERGIA TAQUARI JACUÍ,2025,12,73561,43,2441.8199999999997,20267.25,243207,0.0005845488778020963,17.680412159189498,0.010040089306640021,56.78651162790697
cooperativa,Grupo Cooperativa,coorsel,COOPERATIVA REGIONAL SUL DE ELETRIFICAÇÃO RURAL,2023,12,19158,9,0.0,9335.583333333334,112027,0.0004697776385844034,8.033777571478304,0.0,0.0
cooperativa,Grupo Cooperativa,coorsel,COOPERATIVA REGIONAL SUL DE ELETRIFICAÇÃO RURAL,2024,12,19861,18,596.24,9486.75,113841,0.0009062987764966517,15.811526602893508,0.005237480345394015,33.12444444444444
cooperativa,Grupo Cooperativa,coorsel,COOPERATIVA REGIONAL SUL DE ELETRIFICAÇÃO RURAL,2025,12,18366,5,469.19,9692.5,116310,0.00027224218664924317,4.2988565041698905,0.004033960966382942,93.838
cooperzem,Grupo Cooperzem,cooperzem,COOPERZEM COOPERATIVA DE DISTRIBUIÇÃO DE ENERGIA ELÉTRICA,2023,12,31597,0,0.0,8727.916666666666,104735,0.0,0.0,0.0,
cooperzem,Grupo Cooperzem,cooperzem,COOPERZEM COOPERATIVA DE DISTRIBUIÇÃO DE ENERGIA ELÉTRICA,2024,12,31662,1,0.0,9086.166666666666,109034,3.158360179394858e-05,0.9171451106994148,0.0,0.0
cooperzem,Grupo Cooperzem,cooperzem,COOPERZEM COOPERATIVA DE DISTRIBUIÇÃO DE ENERGIA ELÉTRICA,2025,12,28545,1,0.0,7338.75,88065,3.503240497460151e-05,1.135524896383353,0.0,0.0
copel,Grupo Copel,copel_dis,COPEL DISTRIBUIÇÃO S.A.,2023,12,36683970,10638,1736398.0545,5171026.25,62052315,0.00028999042361009455,17.14359891327181,0.027982808610766578,163.22598745064863
copel,Grupo Copel,copel_dis,COPEL DISTRIBUIÇÃO S.A.,2024,12,19720433,7753,2730936.6667,5265472.5,63185670,0.0003931455257600074,12.270187211752285,0.04322082311859635,352.2425727718302
copel,Grupo Copel,copel_dis,COPEL DISTRIBUIÇÃO S.A.,2025,12,15734669,10129,2503281.5387,5359913.25,64318959,0.0006437377233674251,15.748078261030313,0.0389198080569059,247.1400472603416
coprel,Grupo Coprel,coprel,COPREL COOPERATIVA DE ENERGIA,2023,12,19255,123,50905.75,49531.416666666664,594377,0.006387951181511296,20.693936676553772,0.08564555829044529,413.8678861788618
coprel,Grupo Coprel,coprel,COPREL COOPERATIVA DE ENERGIA,2024,12,17879,174,26371.72,59027.666666666664,708332,0.009732087924380559,24.564752121886347,0.03723073361079268,151.5616091954023
coprel,Grupo Coprel,coprel,COPREL COOPERATIVA DE ENERGIA,2025,11,15212,1173,27364.579999999998,59830.818181818184,658139,0.0771101761767026,178.2298268298946,0.04157872425125999,23.32871270247229
departamento,Grupo Departamento,demei,DEPARTAMENTO MUNICIPAL DE ENERGIA DE IJUÍ,2023,12,77841,222,3144.78,36129.0,433548,0.002851967472154777,51.205402861966846,0.007253591297849374,14.165675675675677
departamento,Grupo Departamento,demei,DEPARTAMENTO MUNICIPAL DE ENERGIA DE IJUÍ,2024,12,89156,109,14273.43,36446.083333333336,437353,0.0012225761586432769,24.922659727954304,0.0326359485358509,130.9488990825688
departamento,Grupo Departamento,demei,DEPARTAMENTO MUNICIPAL DE ENERGIA DE IJUÍ,2025,12,87450,57,6909.65,37383.0,448596,0.0006518010291595198,12.706310354974187,0.015402834621797786,121.2219298245614
distribuidora,Grupo Distribuidora,dcelt,DISTRIBUIDORA CATARINENSE DE ENERGIA ELÉTRICA S/A.,2023,12,108406,1480,15000.630000000001,40959.416666666664,491513,0.013652380864527794,301.1110591174598,0.030519294504926627,10.135560810810812
distribuidora,Grupo Distribuidora,dcelt,DISTRIBUIDORA CATARINENSE DE ENERGIA ELÉTRICA S/A.,2024,12,93888,1044,39908.97,41911.583333333336,502939,0.01111963190184049,207.57984566716837,0.0793515118135599,38.22698275862069
distribuidora,Grupo Distribuidora,dcelt,DISTRIBUIDORA CATARINENSE DE ENERGIA ELÉTRICA S/A.,2025,11,72270,1477,41850.42,42412.09090909091,466533,0.020437249204372492,316.5906806163766,0.08970516555098995,28.334746106973594
dme,Grupo DME,dmed,DME DISTRIBUIÇÃO S.A.,2023,12,304754,557,74211.81,87047.16666666667,1044566,0.001827703656063579,53.32358127681736,0.07104559214065938,133.2348473967684
dme,Grupo DME,dmed,DME DISTRIBUIÇÃO S.A.,2024,12,317717,276,91379.95,90011.08333333333,1080133,0.0008686976145437607,25.552408823728186,0.08460064640187828,331.0867753623188
dme,Grupo DME,dmed,DME DISTRIBUIÇÃO S.A.,2025,11,329059,4218,136297.47,90899.36363636363,999893,0.012818369957971063,421.84513742970495,0.13631205538992672,32.31329302987198
edp,Grupo EDP,edp_es,EDP ESPÍRITO SANTO DISTRIBUIÇÃO DE ENERGIA S.A.,2023,12,207000,3926,1746817.8,1780934.25,21371211,0.01896618357487923,18.370507876226576,0.08173695912693014,444.93576158940397
edp,Grupo EDP,edp_es,EDP ESPÍRITO SANTO DISTRIBUIÇÃO DE ENERGIA S.A.,2024,12,9027377,16473,8455710.99,1813303.25,21759639,0.0018247825475772197,75.70438094124631,0.3885961063048886,513.3072901110909
edp,Grupo EDP,edp_es,EDP ESPÍRITO SANTO DISTRIBUIÇÃO DE ENERGIA S.A.,2025,12,10505713,8936,7010581.77,1847937.25,22175247,0.0008505848198975167,40.297183611979605,0.3161444727086918,784.5324272605192
edp,Grupo EDP,edp_sp,EDP SÃO PAULO DISTRIBUIÇÃO DE ENERGIA S.A.,2023,12,281718,3826,1587118.22,2235646.5,26827758,0.013580956843368191,14.261348264733863,0.059159554816321215,414.8244171458442
edp,Grupo EDP,edp_sp,EDP SÃO PAULO DISTRIBUIÇÃO DE ENERGIA S.A.,2024,12,11579193,13372,7168734.33,2277779.9166666665,27333359,0.00115483004730986,48.92190528064992,0.2622705218923148,536.1003836374514
edp,Grupo EDP,edp_sp,EDP SÃO PAULO DISTRIBUIÇÃO DE ENERGIA S.A.,2025,12,13114473,15443,7383079.476600001,2309828.6666666665,27717944,0.0011775539893978202,55.714810593455276,0.26636461479971246,478.0858302531892
elektro,Grupo Elektro,neoenergia_elektro,ELEKTRO REDES S.A.,2023,12,102192822,2610,1361347.65,2952227.4166666665,35426729,2.553995426410673e-05,7.367318614145834,0.038427133648155885,521.5891379310344
elektro,Grupo Elektro,neoenergia_elektro,ELEKTRO REDES S.A.,2024,12,50085158,1696,350467.92,3007205.5833333335,36086467,3.386232703908012e-05,4.69982278952384,0.009711893380972983,206.64382075471698
elektro,Grupo Elektro,neoenergia_elektro,ELEKTRO REDES S.A.,2025,12,44924879,734,502892.99,3061480.9166666665,36737771,1.6338385686024888e-05,1.9979437511328602,0.013688718077098363,685.1403133514987
eletropaulo,Grupo Eletropaulo,enel_sp,ELETROPAULO METROPOLITANA ELETRICIDADE DE SÃO PAULO S.A.,2023,12,37866576,23165,11340248.57,8294506.583333333,99534079,0.000611753225324624,23.273435824929873,0.11393332498711321,489.5423513921865
eletropaulo,Grupo Eletropaulo,enel_sp,ELETROPAULO METROPOLITANA ELETRICIDADE DE SÃO PAULO S.A.,2024,12,44944797,12735,15926437.21,8461873.75,101542485,0.00028334759193594756,12.541548495686314,0.15684506056750533,1250.6036285826463
eletropaulo,Grupo Eletropaulo,enel_sp,ELETROPAULO METROPOLITANA ELETRICIDADE DE SÃO PAULO S.A.,2025,12,31588257,26791,7883179.8398,8607973.833333334,103295686,0.000848131633220535,25.93622351276122,0.07631664152750774,294.24731588219925
empresa,Grupo Empresa,eflul,EMPRESA FORÇA E LUZ DE URUSSANGA LTDA.,2023,12,3483,97,86.49000000000001,7507.166666666667,90086,0.027849554981337926,107.67488843993517,0.000960082587749484,0.8916494845360826
empresa,Grupo Empresa,eflul,EMPRESA FORÇA E LUZ DE URUSSANGA LTDA.,2024,12,9090,187,17.55,7627.666666666667,91532,0.020572057205720574,204.30013547174758,0.00019173622339728184,0.09385026737967915
empresa,Grupo Empresa,eflul,EMPRESA FORÇA E LUZ DE URUSSANGA LTDA.,2025,12,12270,172,41.46,7712.75,92553,0.014017929910350448,185.83946495521485,0.0004479595475025121,0.241046511627907
empresa,Grupo Empresa,joao_cesa,EMPRESA FORÇA E LUZ JOÃO CESA LTDA.,2023,12,5129,13,72.2,4038.8333333333335,48466,0.0025346071358939366,26.822927413031813,0.0014897041224776132,5.553846153846154
empresa,Grupo Empresa,joao_cesa,EMPRESA FORÇA E LUZ JOÃO CESA LTDA.,2024,12,4936,8,34.47,4035.3333333333335,48424,0.0016207455429497568,16.520733520568314,0.0007118371055674871,4.30875
empresa,Grupo Empresa,joao_cesa,EMPRESA FORÇA E LUZ JOÃO CESA LTDA.,2025,12,4284,6,77.21,4064.3333333333335,48772,0.0014005602240896359,12.302140572459608,0.0015830804559993437,12.868333333333332
empresa,Grupo Empresa,santa_maria,EMPRESA LUZ E FORÇA SANTA MARIA S.A.,2023,12,131125,255,90114.25,137515.75,1650189,0.0019447092469018113,15.4527754093622,0.05460844182090657,353.3892156862745
empresa,Grupo Empresa,santa_maria,EMPRESA LUZ E FORÇA SANTA MARIA S.A.,2024,12,156452,384,141437.14,140046.58333333334,1680559,0.002454426916881855,22.849539944744578,0.0841607703151154,368.3258854166667
empresa,Grupo Empresa,santa_maria,EMPRESA LUZ E FORÇA SANTA MARIA S.A.,2025,12,177097,57,7844.3099999999995,142643.83333333334,1711726,0.000321857513114282,3.3299722034951853,0.004582690220280582,137.6194736842105
energisa,Grupo Energisa,energisa_ac,ENERGISA ACRE - DISTRIBUIDORA DE ENERGIA S.A.,2023,12,275065,4682,1704745.58,289120.1666666667,3469442,0.017021431298056822,134.9496547283396,0.49136016108642255,364.10627509611277
energisa,Grupo Energisa,energisa_ac,ENERGISA ACRE - DISTRIBUIDORA DE ENERGIA S.A.,2024,11,292405,4366,952772.48,296990.63636363635,3266897,0.014931345223234896,133.6436379843013,0.2916444809860856,218.2254878607421
energisa,Grupo Energisa,energisa_ac,ENERGISA ACRE - DISTRIBUIDORA DE ENERGIA S.A.,2025,12,342217,6177,1385328.06,384255.75,4611069,0.01804995076223566,133.96025954068352,0.30043533506004794,224.27198640116563
energisa,Grupo Energisa,energisa_mt,ENERGISA MATO GROSSO DISTRIBUIDORA DE ENERGIA S.A.,2023,12,1966041,21350,8302292.2700000005,1604578.5833333333,19254943,0.010859386960902646,110.88061907012657,0.43117719278628874,388.8661484777518
energisa,Grupo Energisa,energisa_mt,ENERGISA MATO GROSSO DISTRIBUIDORA DE ENERGIA S.A.,2024,12,2771421,15530,8210016.9399999995,1642810.0833333333,19713721,0.005603623556291159,78.7776188980254,0.4164620641633307,528.6553084352865
energisa,Grupo Energisa,energisa_mt,ENERGISA MATO GROSSO DISTRIBUIDORA DE ENERGIA S.A.,2025,12,2956309,13115,5552065.4399999995,1915286.9166666667,22983443,0.00443627509844201,57.062816915637924,0.2415680470502178,423.3370522302706
energisa,Grupo Energisa,energisa_ms,ENERGISA MATO GROSSO DO SUL DISTRIBUIDORA DE ENERGIA S.A.,2023,12,1524430,6046,2983997.04,1110833.0,13329996,0.00396607256482751,45.35635269507958,0.22385580910902,493.54896460469735
energisa,Grupo Energisa,energisa_ms,ENERGISA MATO GROSSO DO SUL DISTRIBUIDORA DE ENERGIA S.A.,2024,12,1766848,3949,2087458.8,1131116.0,13573392,0.00223505360959177,29.093685646152416,0.15379050424536475,528.6044061787794
energisa,Grupo Energisa,energisa_ms,ENERGISA MATO GROSSO DO SUL DISTRIBUIDORA DE ENERGIA S.A.,2025,12,1928502,12398,3461325.69,1513171.25,18158055,0.006428824030257682,68.27823795004475,0.19062205120537415,279.1841982577835
energisa,Grupo Energisa,energisa_minas_rio,ENERGISA MINAS RIO - DISTRIBUIDORA DE ENERGIA S.A.,2023,12,448973,2270,432869.5,596083.5,7153002,0.005055983321936954,31.734927517145948,0.06051578064706259,190.69140969162996
energisa,Grupo Energisa,energisa_minas_rio,ENERGISA MINAS RIO - DISTRIBUIDORA DE ENERGIA S.A.,2024,12,586211,1236,316774.61852754,602431.8333333334,7229182,0.002108455829044491,17.09737007589517,0.04381887446291157,256.2901444397573
energisa,Grupo Energisa,energisa_minas_rio,ENERGISA MINAS RIO - DISTRIBUIDORA DE ENERGIA S.A.,2025,12,624421,5571,1143648.12,643058.5,7716702,0.008921865215936043,72.19405388467767,0.14820426135413808,205.2859666128164
energisa,Grupo Energisa,energisa_pb,ENERGISA PARAÍBA DISTRIBUIDORA DE ENERGIA S.A.,2023,12,1234597,15915,2072504.62,1791816.75,21501801,0.012890846162755943,74.01705559455229,0.09638748958750014,130.2233502984606
energisa,Grupo Energisa,energisa_pb,ENERGISA PARAÍBA DISTRIBUIDORA DE ENERGIA S.A.,2024,12,1452697,21258,3562014.7800000003,1835012.1666666667,22020146,0.014633471398371442,96.5388694516376,0.1617616331880815,167.5611430990686
energisa,Grupo Energisa,energisa_pb,ENERGISA PARAÍBA DISTRIBUIDORA DE ENERGIA S.A.,2025,12,1528183,15207,3258596.03,1996565.25,23958783,0.009951033351372185,63.47150437482572,0.13600841202994324,214.28263497073715
energisa,Grupo Energisa,energisa_ro,ENERGISA RONDÔNIA DISTRIBUIDORA DE ENERGIA S.A.,2023,12,873473,8393,1830604.83,690022.3333333334,8280268,0.0096087686740174,101.36145351817116,0.2210803841131712,218.11090551650184
energisa,Grupo Energisa,energisa_ro,ENERGISA RONDÔNIA DISTRIBUIDORA DE ENERGIA S.A.,2024,12,1116476,14710,7303094.59,702419.6666666666,8429036,0.013175383976010232,174.51580465429262,0.8664210937051402,496.4714201223657
energisa,Grupo Energisa,energisa_ro,ENERGISA RONDÔNIA DISTRIBUIDORA DE ENERGIA S.A.,2025,12,1198090,7761,4997325.61,1063232.6666666667,12758792,0.00647781051506982,60.82864271162975,0.39167701848262754,643.9022819224327
energisa,Grupo Energisa,energisa_se,ENERGISA SERGIPE DISTRIBUIDORA DE ENERGIA S.A.,2023,12,548769,5548,1012912.37,853922.0833333334,10247065,0.0101099005228065,54.14233246300282,0.09884902359846454,182.57252523431868
energisa,Grupo Energisa,energisa_se,ENERGISA SERGIPE DISTRIBUIDORA DE ENERGIA S.A.,2024,12,682320,3687,572777.78,874910.3333333334,10498924,0.005403622933520928,35.11788446130289,0.054555855438138234,155.35063195009494
energisa,Grupo Energisa,energisa_se,ENERGISA SERGIPE DISTRIBUIDORA DE ENERGIA S.A.,2025,12,664491,2141,583212.83,944421.6666666666,11333060,0.003222015046102957,18.8916320923034,0.051461196711214796,272.40206912657635
energisa,Grupo Energisa,energisa_sul_sudeste,ENERGISA SUL-SUDESTE DISTRIBUIDORA DE ENERGIA S.A.,2023,12,744296,5043,981446.3999999999,858668.25,10304019,0.0067755301654180596,48.942068138655415,0.0952488926893477,194.61558596073763
energisa,Grupo Energisa,energisa_sul_sudeste,ENERGISA SUL-SUDESTE DISTRIBUIDORA DE ENERGIA S.A.,2024,12,858456,2367,1115422.05,872590.8333333334,10471090,0.0027572758533926027,22.605096508577425,0.1065239674188647,471.23871989860584
energisa,Grupo Energisa,energisa_sul_sudeste,ENERGISA SUL-SUDESTE DISTRIBUIDORA DE ENERGIA S.A.,2025,12,924883,3669,1058328.559686,1058326.3333333333,12699916,0.003966988256893034,28.88995486269358,0.08333350863785241,288.451501686018
energisa,Grupo Energisa,energisa_to,ENERGISA TOCANTINS DISTRIBUIDORA DE ENERGIA S.A.,2023,12,773648,3374,904538.9199999999,654177.9166666666,7850135,0.004361156494943437,42.98015257062458,0.11522590630606988,268.090966212211
energisa,Grupo Energisa,energisa_to,ENERGISA TOCANTINS DISTRIBUIDORA DE ENERGIA S.A.,2024,12,839665,3945,983755.44,669109.0,8029308,0.004698302299131201,49.13250307498479,0.12252057587029916,249.36766539923954
energisa,Grupo Energisa,energisa_to,ENERGISA TOCANTINS DISTRIBUIDORA DE ENERGIA S.A.,2025,12,918487,4924,1047614.16,857025.75,10284309,0.005360990411404843,47.87876365830704,0.10186529401246112,212.75673436230707
equatorial,Grupo Equatorial,equatorial_al,EQUATORIAL ALAGOAS DISTRIBUIDORA DE ENERGIA S.A.,2023,12,451888,8382,3936732.8699999996,1340364.0833333333,16084369,0.01854884396133555,52.112706441887774,0.24475519493490852,469.66510021474585
equatorial,Grupo Equatorial,equatorial_al,EQUATORIAL ALAGOAS DISTRIBUIDORA DE ENERGIA S.A.,2024,12,514411,4550,2312783.67,1378295.1666666667,16539542,0.008845067465509096,27.509830683340567,0.1398335981733956,508.30410329670326
equatorial,Grupo Equatorial,equatorial_al,EQUATORIAL ALAGOAS DISTRIBUIDORA DE ENERGIA S.A.,2025,12,532229,3066,1696745.06,1411265.0833333333,16935181,0.005760678204306793,18.104323774277937,0.1001905477124809,553.406738421396
equatorial,Grupo Equatorial,enel_go,EQUATORIAL GOIÁS DISTRIBUIDORA DE ENERGIA S.A.,2023,12,10616053,18590,20898489.43476762,3412736.0,40952832,0.0017511216268419156,45.39368608256445,0.5103063308239005,1124.1790981585593
equatorial,Grupo Equatorial,enel_go,EQUATORIAL GOIÁS DISTRIBUIDORA DE ENERGIA S.A.,2024,12,14767527,15574,9453607.08,3479622.9166666665,41755475,0.0010546112426271508,37.298102823641685,0.2264040124079537,607.0121407473995
equatorial,Grupo Equatorial,enel_go,EQUATORIAL GOIÁS DISTRIBUIDORA DE ENERGIA S.A.,2025,12,16146318,20077,7994294.3,3543263.5,42519162,0.0012434413839737333,47.21871047223367,0.18801627134608156,398.1817153957264
equatorial,Grupo Equatorial,equatorial_ma,EQUATORIAL MARANHÃO DISTRIBUIDORA DE ENERGIA S.A.,2023,12,778749,7357,7096918.8100000005,2736478.75,32837745,0.009447203142475945,22.404096261786552,0.21612077230029042,964.6484722033438
equatorial,Grupo Equatorial,equatorial_ma,EQUATORIAL MARANHÃO DISTRIBUIDORA DE ENERGIA S.A.,2024,12,861557,7694,6018988.05,2795665.0833333335,33547981,0.008930343552428917,22.93431607702413,0.1794143155738642,782.2963413049129
equatorial,Grupo Equatorial,equatorial_ma,EQUATORIAL MARANHÃO DISTRIBUIDORA DE ENERGIA S.A.,2025,12,908081,7662,5528645.99,2853341.8333333335,34240102,0.008437573300179168,22.377269787338836,0.16146698365559775,721.5669524928218
equatorial,Grupo Equatorial,equatorial_pa,EQUATORIAL PARÁ DISTRIBUIDORA DE ENERGIA S.A.,2023,12,1473813,7872,9242479.58,2982901.1666666665,35794814,0.005341247498834655,21.992012585957283,0.25820722465550455,1174.095475101626
equatorial,Grupo Equatorial,equatorial_pa,EQUATORIAL PARÁ DISTRIBUIDORA DE ENERGIA S.A.,2024,12,1547856,7028,6706678.8,3059144.8333333335,36709738,0.004540474049265565,19.144783871789006,0.18269481520135067,954.2798520204894
equatorial,Grupo Equatorial,equatorial_pa,EQUATORIAL PARÁ DISTRIBUIDORA DE ENERGIA S.A.,2025,11,1562317,2984,5949178.49,3128881.1818181816,34417693,0.0019099836972906266,8.669959372349565,0.172852331793418,1993.692523458445
equatorial,Grupo Equatorial,equatorial_pi,EQUATORIAL PIAUÍ DISTRIBUIDORA DE ENERGIA S.A.,2023,12,414247,11703,9302455.41,1485101.4166666667,17821217,0.028251260721260503,65.66891587706945,0.5219876627954196,794.8778441425276
equatorial,Grupo Equatorial,equatorial_pi,EQUATORIAL PIAUÍ DISTRIBUIDORA DE ENERGIA S.A.,2024,12,488892,11302,5520294.61,1522386.0833333333,18268633,0.02311758016085352,61.865603189904796,0.3021733815551498,488.4351981950098
equatorial,Grupo Equatorial,equatorial_pi,EQUATORIAL PIAUÍ DISTRIBUIDORA DE ENERGIA S.A.,2025,12,558459,6374,2925041.31,1560833.0,18729996,0.011413550502364542,34.03097363181498,0.15616881658704038,458.9019940382805
forca,Grupo Forca,forcel,FORÇA E LUZ CORONEL VIVIDA LTDA,2023,12,15366,177,0.0,8606.833333333334,103282,0.011518937914877,171.37545748533142,0.0,0.0
forca,Grupo Forca,forcel,FORÇA E LUZ CORONEL VIVIDA LTDA,2024,12,16920,50,1893.24,8767.416666666666,105209,0.002955082742316785,47.52445133020939,0.017995038447281127,37.8648
forca,Grupo Forca,forcel,FORÇA E LUZ CORONEL VIVIDA LTDA,2025,12,18719,64,686.35,8950.5,107406,0.0034189860569474864,59.58698769156285,0.006390238906578776,10.72421875
hidropan,Grupo Hidropan,hidropan,HIDROPAN DISTRIBUIÇÃO DE ENERGIA S.A.,2023,12,40808,22,229.26,19982.25,239787,0.0005391099784356008,9.174809309929229,0.0009560985374519886,10.42090909090909
hidropan,Grupo Hidropan,hidropan,HIDROPAN DISTRIBUIÇÃO DE ENERGIA S.A.,2024,12,49886,6,0.0,20244.25,242931,0.00012027422523353245,2.4698371142423157,0.0,0.0
hidropan,Grupo Hidropan,hidropan,HIDROPAN DISTRIBUIÇÃO DE ENERGIA S.A.,2025,11,39455,9,1377.08,20463.272727272728,225096,0.00022810797110632365,3.9982940612005544,0.006117745317553399,153.0088888888889
light,Grupo Light,light,LIGHT SERVIÇOS DE ELETRICIDADE S.A.,2023,12,28680716,6378,2863759.5,4622005.0,55464060,0.00022237938550767004,11.499338490546851,0.051632705936060216,449.0058795860771
light,Grupo Light,light,LIGHT SERVIÇOS DE ELETRICIDADE S.A.,2024,12,35483051,1823,8396516.807869999,4618508.333333333,55422100,5.1376641766233686e-05,3.289301560207931,0.15150123881754748,4605.87866586396
light,Grupo Light,light,LIGHT SERVIÇOS DE ELETRICIDADE S.A.,2025,12,34368675,2395,4557598.351002,4675709.166666667,56108510,6.968554941381942e-05,4.268514704810376,0.08122829052138437,1902.9638208776619
muxfeldt,Grupo Muxfeldt,mux_energia,"MUXFELDT, MARIN & CIA LTDA",2023,12,18724,6,0.0,12728.25,152739,0.0003204443494979705,3.9282697935694224,0.0,0.0
muxfeldt,Grupo Muxfeldt,mux_energia,"MUXFELDT, MARIN & CIA LTDA",2024,12,21989,3,523.98,12940.166666666666,155282,0.00013643185228978127,1.9319689339395423,0.0033743769400188047,174.66
muxfeldt,Grupo Muxfeldt,mux_energia,"MUXFELDT, MARIN & CIA LTDA",2025,12,28523,4,1030.6100000000001,13149.083333333334,157789,0.0001402377029064264,2.5350309590655877,0.0065315706418064634,257.65250000000003
neoenergia,Grupo Neoenergia,neoenergia_brasilia,NEOENERGIA DISTRIBUIÇÃO BRASÍLIA S.A.,2023,12,652433,3034,2777969.71,1176820.0,14121840,0.004650285929742978,21.4844524509554,0.19671443027254237,915.6129564930784
neoenergia,Grupo Neoenergia,neoenergia_brasilia,NEOENERGIA DISTRIBUIÇÃO BRASÍLIA S.A.,2024,12,542759,4084,6817583.02,1185877.5,14230530,0.007524518248430703,28.69886082949827,0.4790814551531109,1669.339622918707
neoenergia,Grupo Neoenergia,neoenergia_brasilia,NEOENERGIA DISTRIBUIÇÃO BRASÍLIA S.A.,2025,12,549555,3035,4272767.3,1212703.6666666667,14552444,0.0055226501442075865,20.85560336119486,0.2936116641300939,1407.8310708401975
nova,Grupo NOVA,nova_palma,NOVA PALMA ENERGIA LTDA.,2023,12,52057,36,0.0,17236.833333333332,206842,0.0006915496475017769,17.404589009968962,0.0,0.0
nova,Grupo NOVA,nova_palma,NOVA PALMA ENERGIA LTDA.,2024,12,55187,32,4248.08,17427.916666666668,209135,0.000579846703027887,15.301121285294188,0.020312621034260167,132.7525
nova,Grupo NOVA,nova_palma,NOVA PALMA ENERGIA LTDA.,2025,11,54355,26,634.41,17406.545454545456,191472,0.00047833685953454147,13.579008941255118,0.003313330408623715,24.400384615384613
rge,Grupo RGE,rge,RGE SUL DISTRIBUIDORA DE ENERGIA S.A.,2023,12,17154065,2308,1667404.2052,3086590.75,37039089,0.00013454536869249358,6.231254769791989,0.04501741944031075,722.4454961871751
rge,Grupo RGE,rge,RGE SUL DISTRIBUIDORA DE ENERGIA S.A.,2024,12,14670399,7948,3895370.7328999997,3118142.75,37417713,0.0005417712224459608,21.241276825229804,0.10410499254457374,490.1070373553095
rge,Grupo RGE,rge,RGE SUL DISTRIBUIDORA DE ENERGIA S.A.,2025,12,15175540,3921,2667010.1066,3157442.1666666665,37889306,0.00025837630819068054,10.34856642663236,0.07038952116462624,680.1862041826065
roraima,Grupo Roraima,roraima_energia,RORAIMA ENERGIA S.A.,2023,12,130174,1226,431816.62,213667.5,2564010,0.009418163381320387,47.81572614771393,0.16841456156567253,352.2158401305057
roraima,Grupo Roraima,roraima_energia,RORAIMA ENERGIA S.A.,2024,12,147013,1514,688494.79,220664.58333333334,2647975,0.010298408984239489,57.17576638752254,0.26000804010611883,454.7521730515192
roraima,Grupo Roraima,roraima_energia,RORAIMA ENERGIA S.A.,2025,12,133304,824,374302.9,226603.91666666666,2719247,0.006181359899177819,30.302506539494207,0.13764946692963162,454.25109223300973
