group_id,group_label,distributor_id,distributor_label,ano,meses_com_dados,qtd_serv_realizado,qtd_fora_prazo,compensacao_rs,uc_ativa_media_ano,exposicao_uc_mes,taxa_fora_prazo,fora_prazo_por_100k_uc_mes,compensacao_rs_por_uc_mes,compensacao_media_por_transgressao_rs
amazonas,Grupo Amazonas,amazonas_energia,Amazonas Energia — AMAZONAS ENERGIA S.A.,2023,12,689224,3858,1331110.07,1150778.1666666667,13809338,0.0055975996192819755,27.937617284767743,0.0963920261782281,345.0259383100052
amazonas,Grupo Amazonas,amazonas_energia,Amazonas Energia — AMAZONAS ENERGIA S.A.,2024,12,2091505,2447,516712.69999999995,1166699.0,1166699,0.0011699709061178433,209.73704443048294,0.442884325777257,211.16170821413974
amazonas,Grupo Amazonas,amazonas_energia,Amazonas Energia — AMAZONAS ENERGIA S.A.,2025,12,603690,2414,546871.16,,0,0.00399874107571767,,,226.54149130074566
amazonas,Grupo Amazonas,amazonas_energia,Amazonas Energia — AMAZONAS ENERGIA S.A.,2026,4,225739,507,113325.88,,0,0.0022459566136112945,,,223.52244575936885
castro_dis,Grupo Castro DIS,castro_dis,Castro-Dis — COOPERATIVA DE DISTRIBUIÇÃO DE ENERGIA ELÉTRICA DE CASTRO,2023,12,8602,11,0.0,2327.5,27930,0.0012787723785166241,39.38417472252059,0.0,0.0
castro_dis,Grupo Castro DIS,castro_dis,Castro-Dis — COOPERATIVA DE DISTRIBUIÇÃO DE ENERGIA ELÉTRICA DE CASTRO,2024,11,8880,6,0.0,,0,0.0006756756756756757,,,0.0
castro_dis,Grupo Castro DIS,castro_dis,Castro-Dis — COOPERATIVA DE DISTRIBUIÇÃO DE ENERGIA ELÉTRICA DE CASTRO,2025,12,8650,3,90.86,,0,0.0003468208092485549,,,30.286666666666665
castro_dis,Grupo Castro DIS,castro_dis,Castro-Dis — COOPERATIVA DE DISTRIBUIÇÃO DE ENERGIA ELÉTRICA DE CASTRO,2026,4,965,1,0.0,,0,0.0010362694300518134,,,0.0
cedrap,Grupo Cedrap,cedrap,Cedrap — COOPERATIVA DE ELETRIFICAÇÃO DA REGIÃO DO ALTO DA PARAÍBA,2023,12,12353,33,0.0,7634.916666666667,91619,0.0026714158504007124,36.01872973946452,0.0,0.0
cedrap,Grupo Cedrap,cedrap,Cedrap — COOPERATIVA DE ELETRIFICAÇÃO DA REGIÃO DO ALTO DA PARAÍBA,2024,12,13908,17,3252.29,,0,0.0012223180903077366,,,191.31117647058824
cedrap,Grupo Cedrap,cedrap,Cedrap — COOPERATIVA DE ELETRIFICAÇÃO DA REGIÃO DO ALTO DA PARAÍBA,2025,12,13033,19,624.78,,0,0.0014578377963630784,,,32.88315789473684
cedrap,Grupo Cedrap,cedrap,Cedrap — COOPERATIVA DE ELETRIFICAÇÃO DA REGIÃO DO ALTO DA PARAÍBA,2026,4,7841,3,0.0,,0,0.00038260425966075756,,,0.0
cedri,Grupo Cedri,cedri,Cedri — COOPERATIVA DE ELETRIFICAÇÃO E DISTRIBUIÇÃO DA REGIÃO DE ITARIRI,2023,12,10707,4,0.0,3027.5833333333335,36331,0.0003735873727468012,11.009881368528253,0.0,0.0
cedri,Grupo Cedri,cedri,Cedri — COOPERATIVA DE ELETRIFICAÇÃO E DISTRIBUIÇÃO DA REGIÃO DE ITARIRI,2024,12,11044,6,0.0,,0,0.0005432814197754436,,,0.0
cedri,Grupo Cedri,cedri,Cedri — COOPERATIVA DE ELETRIFICAÇÃO E DISTRIBUIÇÃO DA REGIÃO DE ITARIRI,2025,12,9988,31,5938.19,,0,0.0031037244693632358,,,191.55451612903224
cedri,Grupo Cedri,cedri,Cedri — COOPERATIVA DE ELETRIFICAÇÃO E DISTRIBUIÇÃO DA REGIÃO DE ITARIRI,2026,4,5686,6,0.0,,0,0.001055223355610271,,,0.0
cegero,Grupo Cegero,cegero,Cegero — COOPERATIVA DE ELETRICIDADE DE SÃO LUDGERO,2023,12,17246,23,0.0,6879.666666666667,82556,0.001333642583787545,27.859876932021898,0.0,0.0
cegero,Grupo Cegero,cegero,Cegero — COOPERATIVA DE ELETRICIDADE DE SÃO LUDGERO,2024,12,20208,6,697.41,6972.0,6972,0.0002969121140142518,86.05851979345955,0.1000301204819277,116.235
cegero,Grupo Cegero,cegero,Cegero — COOPERATIVA DE ELETRICIDADE DE SÃO LUDGERO,2025,12,16106,10,126.12,,0,0.0006208866261020738,,,12.612
cegero,Grupo Cegero,cegero,Cegero — COOPERATIVA DE ELETRICIDADE DE SÃO LUDGERO,2026,4,6935,0,0.0,,0,0.0,,,
cejama,Grupo Cejama,cejama,Cejama — COOPERATIVA DE ELETRICIDADE JACINTO MACHADO,2023,12,6255,11,0.0,5593.818181818182,61532,0.0017585931254996002,17.87687707209257,0.0,0.0
cejama,Grupo Cejama,cejama,Cejama — COOPERATIVA DE ELETRICIDADE JACINTO MACHADO,2024,12,7370,4,624.98,,0,0.000542740841248304,,,156.245
cejama,Grupo Cejama,cejama,Cejama — COOPERATIVA DE ELETRICIDADE JACINTO MACHADO,2025,12,5982,7,201.52,,0,0.001170177198261451,,,28.78857142857143
cejama,Grupo Cejama,cejama,Cejama — COOPERATIVA DE ELETRICIDADE JACINTO MACHADO,2026,4,2930,3,74.37,,0,0.0010238907849829352,,,24.790000000000003
celesc,Grupo Celesc,celesc_dis,Celesc-Dis — CELESC DISTRIBUIÇÃO S.A.,2023,12,1513417,10603,3723961.58,,0,0.007006000329056698,,,351.21772894463834
celesc,Grupo Celesc,celesc_dis,Celesc-Dis — CELESC DISTRIBUIÇÃO S.A.,2024,12,12436742,113722,2160911.43,,0,0.009144034667600245,,,19.001700902200103
celesc,Grupo Celesc,celesc_dis,Celesc-Dis — CELESC DISTRIBUIÇÃO S.A.,2025,12,19030142,390787,19333108.65,,0,0.020535159432861824,,,49.47224101620576
celesc,Grupo Celesc,celesc_dis,Celesc-Dis — CELESC DISTRIBUIÇÃO S.A.,2026,4,6328578,49360,2454675.73,,0,0.0077995404338857795,,,49.73005935980551
celetro,Grupo Celetro,celetro,Celetro — COOPERATIVA DE ELETRIFICAÇÃO CENTRO JACUÍ LTDA.,2023,12,34481,56,744.12,23953.833333333332,287446,0.0016240828282242394,19.48192008238069,0.0025887297092323427,13.287857142857144
celetro,Grupo Celetro,celetro,Celetro — COOPERATIVA DE ELETRIFICAÇÃO CENTRO JACUÍ LTDA.,2024,12,35510,71,1752.33,24050.0,24050,0.0019994367783722896,295.2182952182952,0.07286195426195426,24.680704225352113
celetro,Grupo Celetro,celetro,Celetro — COOPERATIVA DE ELETRIFICAÇÃO CENTRO JACUÍ LTDA.,2025,12,45636,9,1654.81,,0,0.0001972127267946358,,,183.86777777777777
celetro,Grupo Celetro,celetro,Celetro — COOPERATIVA DE ELETRIFICAÇÃO CENTRO JACUÍ LTDA.,2026,4,24963,1,8689.25,,0,4.0059287745863876e-05,,,8689.25
cemig,Grupo Cemig,cemig_d,Cemig-D — CEMIG DISTRIBUIÇÃO S.A.,2023,12,61990419,107304,81427220.05,10348449.75,124181397,0.001730977169229974,86.40907784279476,0.6557119022424912,758.8460826250652
cemig,Grupo Cemig,cemig_d,Cemig-D — CEMIG DISTRIBUIÇÃO S.A.,2024,12,49352569,57485,34935633.06,10390137.0,10390137,0.0011647823236922074,553.265082067734,3.3623842553760364,607.7347666347744
cemig,Grupo Cemig,cemig_d,Cemig-D — CEMIG DISTRIBUIÇÃO S.A.,2025,12,59131500,49304,41558685.94,,0,0.0008338026263497459,,,842.9069840175239
cemig,Grupo Cemig,cemig_d,Cemig-D — CEMIG DISTRIBUIÇÃO S.A.,2026,4,22667390,19902,12263023.66,,0,0.0008780013931908349,,,616.1704180484373
cemirim,Grupo Cemirim,cemirim,Cemirim — COOPERATIVA DE ELETRIFICAÇÃO E DESENVOLVIMENTO DA REGIÃO DE MOGI MIRIM,2023,12,38388,112,0.0,16646.333333333332,199756,0.0029175784099197666,56.068403452211705,0.0,0.0
cemirim,Grupo Cemirim,cemirim,Cemirim — COOPERATIVA DE ELETRIFICAÇÃO E DESENVOLVIMENTO DA REGIÃO DE MOGI MIRIM,2024,12,41615,24,3264.2599999999998,16935.0,16935,0.0005767151267571789,141.718334809566,0.1927522881606141,136.01083333333332
cemirim,Grupo Cemirim,cemirim,Cemirim — COOPERATIVA DE ELETRIFICAÇÃO E DESENVOLVIMENTO DA REGIÃO DE MOGI MIRIM,2025,12,43634,43,4679.97,,0,0.0009854700462941742,,,108.83651162790699
cemirim,Grupo Cemirim,cemirim,Cemirim — COOPERATIVA DE ELETRIFICAÇÃO E DESENVOLVIMENTO DA REGIÃO DE MOGI MIRIM,2026,4,26777,10,255.41,,0,0.0003734548306382343,,,25.541
ceprag,Grupo Ceprag,ceprag,Ceprag — COOPERATIVA DE ELETRICIDADE PRAIA GRANDE,2023,12,72335,22,5143.929999999999,20456.25,245475,0.000304140457593143,8.962216111620329,0.020955005601385066,233.81499999999997
ceprag,Grupo Ceprag,ceprag,Ceprag — COOPERATIVA DE ELETRICIDADE PRAIA GRANDE,2024,12,66825,59,2793.08,21063.0,21063,0.0008829031051253274,280.1120448179272,0.13260599154916203,47.34033898305085
ceprag,Grupo Ceprag,ceprag,Ceprag — COOPERATIVA DE ELETRICIDADE PRAIA GRANDE,2025,12,69141,59,2698.89,,0,0.000853328705109848,,,45.74389830508474
ceprag,Grupo Ceprag,ceprag,Ceprag — COOPERATIVA DE ELETRICIDADE PRAIA GRANDE,2026,2,8413,5,1038.2,,0,0.0005943183168905266,,,207.64000000000001
ceraca,Grupo Ceraca,ceraca,Ceraçá — COOPERATIVA DISTRIBUIDORA DE ENERGIA VALE DO ARAÇÁ,2023,12,25139,80,314.91999999999996,12715.583333333334,152587,0.003182306376546402,52.42910601820601,0.002063871758406679,3.9364999999999997
ceraca,Grupo Ceraca,ceraca,Ceraçá — COOPERATIVA DISTRIBUIDORA DE ENERGIA VALE DO ARAÇÁ,2024,12,30611,35,11028.779999999999,12845.0,12845,0.001143379830779785,272.4795640326975,0.8586049046321524,315.10799999999995
ceraca,Grupo Ceraca,ceraca,Ceraçá — COOPERATIVA DISTRIBUIDORA DE ENERGIA VALE DO ARAÇÁ,2025,12,41658,47,6633.79,,0,0.001128234672811945,,,141.14446808510638
ceraca,Grupo Ceraca,ceraca,Ceraçá — COOPERATIVA DISTRIBUIDORA DE ENERGIA VALE DO ARAÇÁ,2026,4,21055,18,4139.55,,0,0.0008549038233198765,,,229.97500000000002
ceral,Grupo Ceral,ceral_anitapolis,Ceral Anitápolis — COOPERATIVA DE DISTRIBUIÇÃO DE ENERGIA ELÉTRICA DE ANITÁPOLIS,2023,12,999,8,0.0,3859.0,42449,0.008008008008008008,18.846144785507317,0.0,0.0
ceral,Grupo Ceral,ceral_anitapolis,Ceral Anitápolis — COOPERATIVA DE DISTRIBUIÇÃO DE ENERGIA ELÉTRICA DE ANITÁPOLIS,2024,12,864,3,0.0,,0,0.003472222222222222,,,0.0
ceral,Grupo Ceral,ceral_anitapolis,Ceral Anitápolis — COOPERATIVA DE DISTRIBUIÇÃO DE ENERGIA ELÉTRICA DE ANITÁPOLIS,2025,12,1458,26,0.0,,0,0.01783264746227709,,,0.0
ceral,Grupo Ceral,ceral_anitapolis,Ceral Anitápolis — COOPERATIVA DE DISTRIBUIÇÃO DE ENERGIA ELÉTRICA DE ANITÁPOLIS,2026,4,598,4,0.0,,0,0.006688963210702341,,,0.0
ceral,Grupo Ceral,ceral_araruama,Ceral Araruama — COOPERATIVA DE ELETRIFICAÇÃO RURAL DE ARARUAMA,2023,12,32048,13,0.0,7481.5,89778,0.0004056415376934598,14.480162177816391,0.0,0.0
ceral,Grupo Ceral,ceral_araruama,Ceral Araruama — COOPERATIVA DE ELETRIFICAÇÃO RURAL DE ARARUAMA,2024,12,33548,9,3154.5899999999997,7639.0,7639,0.0002682723262191487,117.81646812410003,0.4129585024217829,350.51
ceral,Grupo Ceral,ceral_araruama,Ceral Araruama — COOPERATIVA DE ELETRIFICAÇÃO RURAL DE ARARUAMA,2025,12,28912,13,571.8399999999999,,0,0.0004496402877697842,,,43.9876923076923
ceral,Grupo Ceral,ceral_araruama,Ceral Araruama — COOPERATIVA DE ELETRIFICAÇÃO RURAL DE ARARUAMA,2026,4,9485,5,128.32,,0,0.0005271481286241434,,,25.663999999999998
cerbranorte,Grupo Cerbranorte,cerbranorte,Cerbranorte — COOPERATIVA DE ELETRIFICAÇÃO DE BRAÇO DO NORTE,2023,12,58036,21,1189.3400000000001,17948.333333333332,215380,0.00036184437245847406,9.750208933048565,0.005522054044015229,56.6352380952381
cerbranorte,Grupo Cerbranorte,cerbranorte,Cerbranorte — COOPERATIVA DE ELETRIFICAÇÃO DE BRAÇO DO NORTE,2024,12,58676,12,2249.85,,0,0.00020451291839934557,,,187.48749999999998
cerbranorte,Grupo Cerbranorte,cerbranorte,Cerbranorte — COOPERATIVA DE ELETRIFICAÇÃO DE BRAÇO DO NORTE,2025,12,84858,16,5275.59,,0,0.00018855028400386527,,,329.724375
cerbranorte,Grupo Cerbranorte,cerbranorte,Cerbranorte — COOPERATIVA DE ELETRIFICAÇÃO DE BRAÇO DO NORTE,2026,4,56255,3,786.62,,0,5.3328593013954316e-05,,,262.20666666666665
cerci,Grupo Cerci,cerci,Cerci — COOPERATIVA DE ELETRIFICAÇÃO RURAL CACHOEIRAS- ITABORAÍ LTDA,2023,12,40632,155,311.33000000000004,17916.583333333332,214999,0.0038147273085253003,72.09335857376081,0.0014480532467592874,2.0085806451612904
cerci,Grupo Cerci,cerci,Cerci — COOPERATIVA DE ELETRIFICAÇÃO RURAL CACHOEIRAS- ITABORAÍ LTDA,2024,12,55845,462,103.1,,0,0.008272898200376041,,,0.22316017316017314
cerci,Grupo Cerci,cerci,Cerci — COOPERATIVA DE ELETRIFICAÇÃO RURAL CACHOEIRAS- ITABORAÍ LTDA,2025,12,48437,348,1.37,,0,0.0071845902925449555,,,0.003936781609195403
cerci,Grupo Cerci,cerci,Cerci — COOPERATIVA DE ELETRIFICAÇÃO RURAL CACHOEIRAS- ITABORAÍ LTDA,2026,4,15646,205,571.22,,0,0.013102390387319442,,,2.786439024390244
cercos,Grupo Cercos,cercos,Cercos — COOPERATIVA DE ELETRIFICAÇÃO E DESENVOLVIMENTO RURAL CENTRO SUL DE SERGIPE LTDA,2023,12,3388,68,16964.96,7535.666666666667,45214,0.020070838252656435,150.39589507674614,0.3752147564913522,249.48470588235293
cercos,Grupo Cercos,cercos,Cercos — COOPERATIVA DE ELETRIFICAÇÃO E DESENVOLVIMENTO RURAL CENTRO SUL DE SERGIPE LTDA,2024,12,3850,38,20817.6,,0,0.009870129870129871,,,547.8315789473684
cercos,Grupo Cercos,cercos,Cercos — COOPERATIVA DE ELETRIFICAÇÃO E DESENVOLVIMENTO RURAL CENTRO SUL DE SERGIPE LTDA,2025,12,3780,5,4179.63,,0,0.0013227513227513227,,,835.926
cercos,Grupo Cercos,cercos,Cercos — COOPERATIVA DE ELETRIFICAÇÃO E DESENVOLVIMENTO RURAL CENTRO SUL DE SERGIPE LTDA,2026,4,1985,1,1050.4299999999998,,0,0.0005037783375314861,,,1050.4299999999998
cerej,Grupo Cerej,cerej,Cerej — COOPERATIVA DE PRESTAÇÃO DE SERVIÇOS PÚBLICOS DE DISTRIBUIÇÃO DE ENERGIA ELÉTRICA SENADOR ESTEVES JÚNIOR,2023,12,46985,123,0.0,15462.833333333334,185554,0.002617856762796637,66.28798085732454,0.0,0.0
cerej,Grupo Cerej,cerej,Cerej — COOPERATIVA DE PRESTAÇÃO DE SERVIÇOS PÚBLICOS DE DISTRIBUIÇÃO DE ENERGIA ELÉTRICA SENADOR ESTEVES JÚNIOR,2024,12,56676,45,12534.93,,0,0.0007939868727503706,,,278.55400000000003
cerej,Grupo Cerej,cerej,Cerej — COOPERATIVA DE PRESTAÇÃO DE SERVIÇOS PÚBLICOS DE DISTRIBUIÇÃO DE ENERGIA ELÉTRICA SENADOR ESTEVES JÚNIOR,2025,12,66844,74,7032.2,,0,0.0011070552330800071,,,95.02972972972972
cerej,Grupo Cerej,cerej,Cerej — COOPERATIVA DE PRESTAÇÃO DE SERVIÇOS PÚBLICOS DE DISTRIBUIÇÃO DE ENERGIA ELÉTRICA SENADOR ESTEVES JÚNIOR,2026,4,23563,21,2862.17,,0,0.0008912277723549633,,,136.29380952380953
ceres,Grupo Ceres,ceres,Ceres — COOPERATIVA DE ELETRIFICAÇÃO RURAL DE RESENDE LTDA.,2023,12,7358,118,595.05,5811.25,69735,0.016036966567001903,169.2120169212017,0.008533017853301786,5.042796610169491
ceres,Grupo Ceres,ceres,Ceres — COOPERATIVA DE ELETRIFICAÇÃO RURAL DE RESENDE LTDA.,2024,12,17880,75,0.0,5870.0,5870,0.0041946308724832215,1277.6831345826236,0.0,0.0
ceres,Grupo Ceres,ceres,Ceres — COOPERATIVA DE ELETRIFICAÇÃO RURAL DE RESENDE LTDA.,2025,12,15990,53,278.57,,0,0.003314571607254534,,,5.256037735849056
ceres,Grupo Ceres,ceres,Ceres — COOPERATIVA DE ELETRIFICAÇÃO RURAL DE RESENDE LTDA.,2026,4,4885,24,0.0,,0,0.004912998976458547,,,0.0
cerfox,Grupo Cerfox,cerfox,Cerfox — COOPERATIVA DE DISTRIBUIÇÃO DE ENERGIA FONTOURA XAVIER,2023,12,30678,154,88.27,16135.916666666666,193631,0.005019883955929331,79.53271945091437,0.0004558670873981955,0.5731818181818181
cerfox,Grupo Cerfox,cerfox,Cerfox — COOPERATIVA DE DISTRIBUIÇÃO DE ENERGIA FONTOURA XAVIER,2024,12,30545,53,3988.45,,0,0.0017351448682272057,,,75.25377358490566
cerfox,Grupo Cerfox,cerfox,Cerfox — COOPERATIVA DE DISTRIBUIÇÃO DE ENERGIA FONTOURA XAVIER,2025,12,32937,56,13480.23,,0,0.0017002155630446002,,,240.71839285714285
cerfox,Grupo Cerfox,cerfox,Cerfox — COOPERATIVA DE DISTRIBUIÇÃO DE ENERGIA FONTOURA XAVIER,2026,4,12032,6,777.38,,0,0.0004986702127659574,,,129.56333333333333
cergal,Grupo Cergal,cergal,Cergal — COOPERATIVA DE ELETRIFICAÇÃO RURAL ANITA GARIBALDI LTDA,2023,12,55241,41,251.44,20326.333333333332,243916,0.0007422023497040242,16.809065415962873,0.0010308466849243182,6.132682926829268
cergal,Grupo Cergal,cergal,Cergal — COOPERATIVA DE ELETRIFICAÇÃO RURAL ANITA GARIBALDI LTDA,2024,12,49821,19,1587.5900000000001,20522.0,20522,0.00038136528773007365,92.58356885293831,0.0773603937238086,83.55736842105264
cergal,Grupo Cergal,cergal,Cergal — COOPERATIVA DE ELETRIFICAÇÃO RURAL ANITA GARIBALDI LTDA,2025,12,55434,24,4150.4400000000005,,0,0.0004329472886676047,,,172.93500000000003
cergal,Grupo Cergal,cergal,Cergal — COOPERATIVA DE ELETRIFICAÇÃO RURAL ANITA GARIBALDI LTDA,2026,4,24326,4,4021.99,,0,0.0001644331168297295,,,1005.4975
cergapa,Grupo Cergapa,cergapa,Cergapa — COOPERATIVA DE ELETRICIDADE DE GRÃO PARÁ,2023,12,3042,6,1.0,3975.75,47709,0.0019723865877712033,12.576243476073698,2.0960405793456162e-05,0.16666666666666666
cergapa,Grupo Cergapa,cergapa,Cergapa — COOPERATIVA DE ELETRICIDADE DE GRÃO PARÁ,2024,12,5173,0,0.0,3989.0,3989,0.0,0.0,0.0,
cergapa,Grupo Cergapa,cergapa,Cergapa — COOPERATIVA DE ELETRICIDADE DE GRÃO PARÁ,2025,12,1544,0,0.0,,0,0.0,,,
cergapa,Grupo Cergapa,cergapa,Cergapa — COOPERATIVA DE ELETRICIDADE DE GRÃO PARÁ,2026,3,311,0,0.0,,0,0.0,,,
cergral,Grupo Cergral,cergral,Cergral — COOPERATIVA DE ELETRICIDADE DE GRAVATAL,2023,12,27887,65,71.09,6853.0,82236,0.0023308351561659555,79.04080937788804,0.0008644632521037016,1.0936923076923077
cergral,Grupo Cergral,cergral,Cergral — COOPERATIVA DE ELETRICIDADE DE GRAVATAL,2024,12,32637,19,2964.6400000000003,6890.0,6890,0.0005821613506143334,275.7619738751814,0.4302815674891147,156.03368421052633
cergral,Grupo Cergral,cergral,Cergral — COOPERATIVA DE ELETRICIDADE DE GRAVATAL,2025,12,25504,11,825.1399999999999,,0,0.00043130489335006274,,,75.01272727272726
cergral,Grupo Cergral,cergral,Cergral — COOPERATIVA DE ELETRICIDADE DE GRAVATAL,2026,4,10716,4,155.05,,0,0.0003732736095558044,,,38.7625
ceriluz,Grupo Ceriluz,ceriluz,Ceriluz — COOPERATIVA REGIONAL DE ENERGIA E DESENVOLVIMENTO IJUÍ LTDA,2023,12,47058,6,340.69,14948.5,179382,0.00012750223128904755,3.3448172057397065,0.0018992429563724341,56.781666666666666
ceriluz,Grupo Ceriluz,ceriluz,Ceriluz — COOPERATIVA REGIONAL DE ENERGIA E DESENVOLVIMENTO IJUÍ LTDA,2024,12,60912,14,4604.74,15028.0,15028,0.00022983976884686103,93.15943571998936,0.30641070002661697,328.90999999999997
ceriluz,Grupo Ceriluz,ceriluz,Ceriluz — COOPERATIVA REGIONAL DE ENERGIA E DESENVOLVIMENTO IJUÍ LTDA,2025,12,60352,7,296.46,,0,0.00011598621420996819,,,42.35142857142857
ceriluz,Grupo Ceriluz,ceriluz,Ceriluz — COOPERATIVA REGIONAL DE ENERGIA E DESENVOLVIMENTO IJUÍ LTDA,2026,4,19351,0,0.0,,0,0.0,,,
cerim,Grupo Cerim,cerim,Cerim — COOPERATIVA DE ELETRIFICAÇÃO E DESENVOLVIMENTO DA REGIÃO DE ITU-MAIRINQUE,2023,12,42441,22,103.3,15505.75,186069,0.0005183666737353031,11.823570825876423,0.000555170393778652,4.695454545454545
cerim,Grupo Cerim,cerim,Cerim — COOPERATIVA DE ELETRIFICAÇÃO E DESENVOLVIMENTO DA REGIÃO DE ITU-MAIRINQUE,2024,12,46382,19,2143.51,15787.0,15787,0.00040964167133801906,120.35218850953316,0.1357769050484576,112.81631578947369
cerim,Grupo Cerim,cerim,Cerim — COOPERATIVA DE ELETRIFICAÇÃO E DESENVOLVIMENTO DA REGIÃO DE ITU-MAIRINQUE,2025,12,68702,21,6614.75,,0,0.00030566795726470845,,,314.98809523809524
cerim,Grupo Cerim,cerim,Cerim — COOPERATIVA DE ELETRIFICAÇÃO E DESENVOLVIMENTO DA REGIÃO DE ITU-MAIRINQUE,2026,4,39899,2,845.97,,0,5.012656958821023e-05,,,422.985
ceripa,Grupo Ceripa,ceripa,Ceripa — COOPERATIVA DE ELETRIFICAÇÃO RURAL DE ITAÍ-PARANAPANEMA-AVARÉ,2023,12,27598,4,0.0,7453.416666666667,89441,0.0001449380389883325,4.472221911651256,0.0,0.0
ceripa,Grupo Ceripa,ceripa,Ceripa — COOPERATIVA DE ELETRIFICAÇÃO RURAL DE ITAÍ-PARANAPANEMA-AVARÉ,2024,12,28149,2,0.0,,0,7.105048136701127e-05,,,0.0
ceripa,Grupo Ceripa,ceripa,Ceripa — COOPERATIVA DE ELETRIFICAÇÃO RURAL DE ITAÍ-PARANAPANEMA-AVARÉ,2025,12,28589,3,0.0,,0,0.00010493546468921613,,,0.0
ceripa,Grupo Ceripa,ceripa,Ceripa — COOPERATIVA DE ELETRIFICAÇÃO RURAL DE ITAÍ-PARANAPANEMA-AVARÉ,2026,4,12061,2,0.0,,0,0.00016582372937567366,,,0.0
ceris,Grupo Ceris,ceris,Ceris — COOPERATIVA DE ELETRIFICAÇÃO RURAL DA REGIÃO DE ITAPECERICA DA SERRA,2023,12,29772,4,4.35,7004.916666666667,84059,0.00013435442697836894,4.7585624382873934,5.17493665163754e-05,1.0875
ceris,Grupo Ceris,ceris,Ceris — COOPERATIVA DE ELETRIFICAÇÃO RURAL DA REGIÃO DE ITAPECERICA DA SERRA,2024,12,22972,4,66.98,7085.0,7085,0.00017412502176562773,56.457304163726185,0.00945377558221595,16.745
ceris,Grupo Ceris,ceris,Ceris — COOPERATIVA DE ELETRIFICAÇÃO RURAL DA REGIÃO DE ITAPECERICA DA SERRA,2025,12,21153,14,734.26,,0,0.000661844655604406,,,52.44714285714286
ceris,Grupo Ceris,ceris,Ceris — COOPERATIVA DE ELETRIFICAÇÃO RURAL DA REGIÃO DE ITAPECERICA DA SERRA,2026,4,7529,7,450.11,,0,0.0009297383450657458,,,64.30142857142857
cermc,Grupo Cermc,cermc,Cermc — COOPERATIVA DE ELETRIFICAÇÃO E DESENVOLVIMENTO DA REGIÃO DE MOGI DAS CRUZES,2023,12,10707,50,0.0,3395.3333333333335,40744,0.004669842159335014,122.71745533084625,0.0,0.0
cermc,Grupo Cermc,cermc,Cermc — COOPERATIVA DE ELETRIFICAÇÃO E DESENVOLVIMENTO DA REGIÃO DE MOGI DAS CRUZES,2024,12,11145,28,0.0,,0,0.002512337371018394,,,0.0
cermc,Grupo Cermc,cermc,Cermc — COOPERATIVA DE ELETRIFICAÇÃO E DESENVOLVIMENTO DA REGIÃO DE MOGI DAS CRUZES,2025,12,14094,19,0.0,,0,0.0013480913864055628,,,0.0
cermc,Grupo Cermc,cermc,Cermc — COOPERATIVA DE ELETRIFICAÇÃO E DESENVOLVIMENTO DA REGIÃO DE MOGI DAS CRUZES,2026,2,3337,2,0.0,,0,0.0005993407252022775,,,0.0
cermissoes,Grupo Cermissoes,cermissoes,Cermissões — COOPERATIVA DE DISTRIBUIÇÃO E GERAÇÃO DE ENERGIA DAS MISSÕES,2023,12,88332,218,52555.5,28406.916666666668,340883,0.002467961780555178,63.95156109280897,0.15417459949601475,241.0802752293578
cermissoes,Grupo Cermissoes,cermissoes,Cermissões — COOPERATIVA DE DISTRIBUIÇÃO E GERAÇÃO DE ENERGIA DAS MISSÕES,2024,12,77172,177,20364.78,,0,0.0022935779816513763,,,115.05525423728812
cermissoes,Grupo Cermissoes,cermissoes,Cermissões — COOPERATIVA DE DISTRIBUIÇÃO E GERAÇÃO DE ENERGIA DAS MISSÕES,2025,12,83616,142,14232.35,,0,0.0016982395713738996,,,100.22781690140846
cermissoes,Grupo Cermissoes,cermissoes,Cermissões — COOPERATIVA DE DISTRIBUIÇÃO E GERAÇÃO DE ENERGIA DAS MISSÕES,2026,4,25797,21,1523.12,,0,0.000814048145133155,,,72.52952380952381
cermoful,Grupo Cermoful,cermoful,Cermoful — COOPERATIVA FUMACENSE DE ELETRICIDADE,2023,12,39427,54,1457.5700000000002,16113.818181818182,177252,0.0013696198036878282,30.465100534831766,0.008223151219732359,26.99203703703704
cermoful,Grupo Cermoful,cermoful,Cermoful — COOPERATIVA FUMACENSE DE ELETRICIDADE,2024,12,36619,88,40854.01,,0,0.0024031240612796636,,,464.25011363636366
cermoful,Grupo Cermoful,cermoful,Cermoful — COOPERATIVA FUMACENSE DE ELETRICIDADE,2025,11,41647,28,1021.98,,0,0.0006723173337815449,,,36.49928571428571
cermoful,Grupo Cermoful,cermoful,Cermoful — COOPERATIVA FUMACENSE DE ELETRICIDADE,2026,3,14299,19,0.0,,0,0.0013287642492481992,,,0.0
cernhe,Grupo Cernhe,cernhe,Cernhe — COOPERATIVA DE ELETRIFICAÇÃO E DESENVOLVIMENTO RURAL DA REGIÃO DE NOVO HORIZONTE,2023,12,7795,25,0.0,4667.5,56010,0.003207184092366902,44.63488662738797,0.0,0.0
cernhe,Grupo Cernhe,cernhe,Cernhe — COOPERATIVA DE ELETRIFICAÇÃO E DESENVOLVIMENTO RURAL DA REGIÃO DE NOVO HORIZONTE,2024,12,10500,23,162.41,,0,0.0021904761904761906,,,7.061304347826087
cernhe,Grupo Cernhe,cernhe,Cernhe — COOPERATIVA DE ELETRIFICAÇÃO E DESENVOLVIMENTO RURAL DA REGIÃO DE NOVO HORIZONTE,2025,12,11372,3,262.29,,0,0.00026380583890256773,,,87.43
cernhe,Grupo Cernhe,cernhe,Cernhe — COOPERATIVA DE ELETRIFICAÇÃO E DESENVOLVIMENTO RURAL DA REGIÃO DE NOVO HORIZONTE,2026,4,6206,3,435.11,,0,0.00048340315823396714,,,145.03666666666666
cerpalo,Grupo Cerpalo,cerpalo,Cerpalo — COOPERATIVA DE ELETRIFICAÇÃO DE PAULO LOPES,2023,12,74764,10,0.0,16613.833333333332,199366,0.00013375421325771762,5.015900404281572,0.0,0.0
cerpalo,Grupo Cerpalo,cerpalo,Cerpalo — COOPERATIVA DE ELETRIFICAÇÃO DE PAULO LOPES,2024,12,96915,6,0.0,16931.0,16931,6.190992106485064e-05,35.43795404878625,0.0,0.0
cerpalo,Grupo Cerpalo,cerpalo,Cerpalo — COOPERATIVA DE ELETRIFICAÇÃO DE PAULO LOPES,2025,12,98203,11,0.0,,0,0.00011201287129721088,,,0.0
cerpalo,Grupo Cerpalo,cerpalo,Cerpalo — COOPERATIVA DE ELETRIFICAÇÃO DE PAULO LOPES,2026,4,25127,4,0.0,,0,0.00015919130815457476,,,0.0
cerpro,Grupo Cerpro,cerpro,Cerpro — COOPERATIVA DE ELETRIFICAÇÃO RURAL DA REGIÃO DE PROMISSÃO,2023,12,4949,2,0.0,2038.5833333333333,24463,0.00040412204485754696,8.175612148959653,0.0,0.0
cerpro,Grupo Cerpro,cerpro,Cerpro — COOPERATIVA DE ELETRIFICAÇÃO RURAL DA REGIÃO DE PROMISSÃO,2024,12,4506,3,114.35,2052.0,2052,0.0006657789613848203,146.19883040935673,0.055726120857699804,38.11666666666667
cerpro,Grupo Cerpro,cerpro,Cerpro — COOPERATIVA DE ELETRIFICAÇÃO RURAL DA REGIÃO DE PROMISSÃO,2025,12,3636,2,597.1600000000001,,0,0.00055005500550055,,,298.58000000000004
cerpro,Grupo Cerpro,cerpro,Cerpro — COOPERATIVA DE ELETRIFICAÇÃO RURAL DA REGIÃO DE PROMISSÃO,2026,4,644,1,0.0,,0,0.0015527950310559005,,,0.0
cerrp,Grupo Cerrp,cerrp,Cerrp — COOPERATIVA DE ELETRIFICAÇÃO E DESENVOLVIMENTO DA REGIÃO DE SÃO JOSÉ DO RIO PRETO,2023,12,13528,16,0.0,5234.166666666667,62810,0.0011827321111768185,25.473650692564878,0.0,0.0
cerrp,Grupo Cerrp,cerrp,Cerrp — COOPERATIVA DE ELETRIFICAÇÃO E DESENVOLVIMENTO DA REGIÃO DE SÃO JOSÉ DO RIO PRETO,2024,12,15123,6,0.0,3504.0,3504,0.00039674667724657806,171.23287671232876,0.0,0.0
cerrp,Grupo Cerrp,cerrp,Cerrp — COOPERATIVA DE ELETRIFICAÇÃO E DESENVOLVIMENTO DA REGIÃO DE SÃO JOSÉ DO RIO PRETO,2025,12,14633,1,0.0,,0,6.833868653044489e-05,,,0.0
cerrp,Grupo Cerrp,cerrp,Cerrp — COOPERATIVA DE ELETRIFICAÇÃO E DESENVOLVIMENTO DA REGIÃO DE SÃO JOSÉ DO RIO PRETO,2026,4,2537,2,0.0,,0,0.0007883326763894363,,,0.0
cersad,Grupo Cersad,cersad,Cersad — COOPERATIVA DE DISTRIBUIÇÃO DE ENERGIA ELÉTRICA SALTO DONNER,2023,12,1520,0,0.0,1377.5833333333333,16531,0.0,0.0,0.0,
cersad,Grupo Cersad,cersad,Cersad — COOPERATIVA DE DISTRIBUIÇÃO DE ENERGIA ELÉTRICA SALTO DONNER,2024,12,1754,12,1240.42,1394.0,1394,0.0068415051311288486,860.832137733142,0.8898278335724534,103.36833333333334
cersad,Grupo Cersad,cersad,Cersad — COOPERATIVA DE DISTRIBUIÇÃO DE ENERGIA ELÉTRICA SALTO DONNER,2025,12,1686,6,332.31,,0,0.0035587188612099642,,,55.385
cersad,Grupo Cersad,cersad,Cersad — COOPERATIVA DE DISTRIBUIÇÃO DE ENERGIA ELÉTRICA SALTO DONNER,2026,4,559,1,0.0,,0,0.0017889087656529517,,,0.0
cersul,Grupo Cersul,cersul,Cersul — COOPERATIVA DE DISTRIBUIÇÃOI DE ENERGIA,2023,12,72387,18,5812.81,18552.0,222624,0.0002486634340420241,8.085381630012938,0.026110437329308612,322.93388888888893
cersul,Grupo Cersul,cersul,Cersul — COOPERATIVA DE DISTRIBUIÇÃOI DE ENERGIA,2024,12,71628,18,550.24,18638.0,18638,0.0002512983749371754,96.57688593196694,0.029522480952891943,30.56888888888889
cersul,Grupo Cersul,cersul,Cersul — COOPERATIVA DE DISTRIBUIÇÃOI DE ENERGIA,2025,12,59760,5,1274.67,,0,8.366800535475234e-05,,,254.93400000000003
cersul,Grupo Cersul,cersul,Cersul — COOPERATIVA DE DISTRIBUIÇÃOI DE ENERGIA,2026,4,22795,3,179.21,,0,0.00013160780872998465,,,59.73666666666667
certaja,Grupo Certaja,certaja_energia,Certaja Energia — COOPERATIVA REGIONAL DE ENERGIA TAQUARI JACUÍ,2023,12,56487,35,0.0,26350.416666666668,316205,0.0006196115920477278,11.068768678547144,0.0,0.0
certaja,Grupo Certaja,certaja_energia,Certaja Energia — COOPERATIVA REGIONAL DE ENERGIA TAQUARI JACUÍ,2024,11,55151,108,9420.779999999999,,0,0.001958260049681783,,,87.22944444444444
certaja,Grupo Certaja,certaja_energia,Certaja Energia — COOPERATIVA REGIONAL DE ENERGIA TAQUARI JACUÍ,2025,12,73561,43,2441.8199999999997,,0,0.0005845488778020963,,,56.78651162790697
certaja,Grupo Certaja,certaja_energia,Certaja Energia — COOPERATIVA REGIONAL DE ENERGIA TAQUARI JACUÍ,2026,3,27918,11,1277.23,,0,0.0003940110323089047,,,116.11181818181818
certel,Grupo Certel,certel_energia,Certel Energia — COOPERATIVA DE DISTRIBUIÇÃO DE ENERGIA TEUTÔNIA,2023,12,128056,102,0.0,73481.75,881781,0.0007965265196476541,11.56749805223746,0.0,0.0
certel,Grupo Certel,certel_energia,Certel Energia — COOPERATIVA DE DISTRIBUIÇÃO DE ENERGIA TEUTÔNIA,2024,12,136471,67,10150.78,74189.0,74189,0.0004909467945570854,90.30988421464099,0.13682324872959603,151.50417910447763
certel,Grupo Certel,certel_energia,Certel Energia — COOPERATIVA DE DISTRIBUIÇÃO DE ENERGIA TEUTÔNIA,2025,12,164195,164,155224.88,,0,0.0009988123877097354,,,946.4931707317073
certel,Grupo Certel,certel_energia,Certel Energia — COOPERATIVA DE DISTRIBUIÇÃO DE ENERGIA TEUTÔNIA,2026,4,73642,9,4134.72,,0,0.00012221286765704353,,,459.41333333333336
certhil,Grupo Certhil,certhil,Certhil — COOPERATIVA DE DISTRIBUIÇÃO DE ENERGIA ENTRE RIOS LTDA,2023,12,16732,7,0.0,8614.166666666666,51685,0.0004183600286875448,13.543581309857794,0.0,0.0
certhil,Grupo Certhil,certhil,Certhil — COOPERATIVA DE DISTRIBUIÇÃO DE ENERGIA ENTRE RIOS LTDA,2024,12,35003,25,1971.7199999999998,,0,0.000714224495043282,,,78.8688
certhil,Grupo Certhil,certhil,Certhil — COOPERATIVA DE DISTRIBUIÇÃO DE ENERGIA ENTRE RIOS LTDA,2025,12,19909,20,1347.21,,0,0.0010045707971269276,,,67.3605
certhil,Grupo Certhil,certhil,Certhil — COOPERATIVA DE DISTRIBUIÇÃO DE ENERGIA ENTRE RIOS LTDA,2026,4,4203,16,1827.5,,0,0.0038068046633357128,,,114.21875
certrel,Grupo Certrel,certrel,Certrel — COOPERATIVA DE ENERGIA TREVISO,2023,12,11938,17,0.0,4665.333333333333,55984,0.001424024124643994,30.365818805372964,0.0,0.0
certrel,Grupo Certrel,certrel,Certrel — COOPERATIVA DE ENERGIA TREVISO,2024,12,12708,26,2197.77,4709.0,4709,0.002045955303745672,552.134211085156,0.4667169250371629,84.52961538461538
certrel,Grupo Certrel,certrel,Certrel — COOPERATIVA DE ENERGIA TREVISO,2025,12,11713,26,2420.34,,0,0.0022197558268590455,,,93.09
certrel,Grupo Certrel,certrel,Certrel — COOPERATIVA DE ENERGIA TREVISO,2026,4,2611,4,272.71000000000004,,0,0.0015319800842589046,,,68.17750000000001
cervam,Grupo Cervam,cervam,Cervam — COOPERATIVA DE ENERGIZAÇÃO E DE DESENVOLVIMENTO DO VALE DO MOGI,2023,12,8715,15,0.0,4534.416666666667,54413,0.0017211703958691911,27.566941723485197,0.0,0.0
cervam,Grupo Cervam,cervam,Cervam — COOPERATIVA DE ENERGIZAÇÃO E DE DESENVOLVIMENTO DO VALE DO MOGI,2024,12,11048,14,250.14,4612.0,4612,0.0012671976828385228,303.5559410234172,0.054236773633998266,17.867142857142856
cervam,Grupo Cervam,cervam,Cervam — COOPERATIVA DE ENERGIZAÇÃO E DE DESENVOLVIMENTO DO VALE DO MOGI,2025,12,10219,9,0.0,,0,0.0008807123984734318,,,0.0
cervam,Grupo Cervam,cervam,Cervam — COOPERATIVA DE ENERGIZAÇÃO E DE DESENVOLVIMENTO DO VALE DO MOGI,2026,4,6147,2,0.0,,0,0.00032536196518626975,,,0.0
cetril,Grupo Cetril,cetril,Cetril — COOPERATIVA DE ELETRIFICAÇÃO DE IBIÚNA E REGIÃO,2023,12,94616,85,0.0,32063.833333333332,384766,0.0008983681406950198,22.091349027720742,0.0,0.0
cetril,Grupo Cetril,cetril,Cetril — COOPERATIVA DE ELETRIFICAÇÃO DE IBIÚNA E REGIÃO,2024,12,96036,36,2768.16,32577.0,32577,0.000374859427714607,110.50741320563588,0.08497283359425362,76.89333333333333
cetril,Grupo Cetril,cetril,Cetril — COOPERATIVA DE ELETRIFICAÇÃO DE IBIÚNA E REGIÃO,2025,12,105178,21,1679.65,,0,0.00019966152617467532,,,79.98333333333333
cetril,Grupo Cetril,cetril,Cetril — COOPERATIVA DE ELETRIFICAÇÃO DE IBIÚNA E REGIÃO,2026,4,59353,2,1197.46,,0,3.369669603895338e-05,,,598.73
chesp,Grupo Chesp,chesp,Chesp — COMPANHIA HIDROELÉTRICA SÃO PATRÍCIO,2023,12,27282,14,0.0,20702.5,248430,0.0005131588593211641,5.635390250774867,0.0,0.0
chesp,Grupo Chesp,chesp,Chesp — COMPANHIA HIDROELÉTRICA SÃO PATRÍCIO,2024,12,28763,69,0.0,16529.0,16529,0.0023989152730939053,417.4481214834533,0.0,0.0
chesp,Grupo Chesp,chesp,Chesp — COMPANHIA HIDROELÉTRICA SÃO PATRÍCIO,2025,12,64181,307,309.82,,0,0.004783347096492732,,,1.009185667752443
chesp,Grupo Chesp,chesp,Chesp — COMPANHIA HIDROELÉTRICA SÃO PATRÍCIO,2026,4,31107,133,324.89,,0,0.004275564985373067,,,2.442781954887218
cocel,Grupo Cocel,cocel,Cocel — COMPANHIA CAMPOLARGUENSE DE ENERGIA,2023,12,205786,149,16286.769999999999,59006.666666666664,708080,0.0007240531425850155,21.042820020336684,0.02300131341091402,109.30718120805368
cocel,Grupo Cocel,cocel,Cocel — COMPANHIA CAMPOLARGUENSE DE ENERGIA,2024,12,203167,116,26393.0,59685.0,59685,0.0005709588663513267,194.35369020691965,0.4422049091061406,227.52586206896552
cocel,Grupo Cocel,cocel,Cocel — COMPANHIA CAMPOLARGUENSE DE ENERGIA,2025,11,210692,84,17639.81,,0,0.00039868623393389405,,,209.9977380952381
cocel,Grupo Cocel,cocel,Cocel — COMPANHIA CAMPOLARGUENSE DE ENERGIA,2026,4,91290,47,36615.06,,0,0.0005148428086318327,,,779.043829787234
codesam,Grupo Codesam,codesam,Codesam — COOPERATIVA DE DISTRIBUIÇÃO DE ENERGIA ELÉTRICA DE SANTA MARIA,2023,7,540,0,0.0,640.7142857142857,4485,0.0,0.0,0.0,
coopera,Grupo Coopera,coopera,Coopera — COOPERATIVA PIONEIRA DE ELETRIFICAÇÃO,2023,12,95213,68,7941.54,27153.5,325842,0.0007141881885876928,20.869010133745803,0.024372364520227594,116.78735294117647
coopera,Grupo Coopera,coopera,Coopera — COOPERATIVA PIONEIRA DE ELETRIFICAÇÃO,2024,12,94951,190,37422.67999999999,,0,0.0020010321112995124,,,196.9614736842105
coopera,Grupo Coopera,coopera,Coopera — COOPERATIVA PIONEIRA DE ELETRIFICAÇÃO,2025,12,104773,40,2293.98,,0,0.00038177774808395294,,,57.3495
coopera,Grupo Coopera,coopera,Coopera — COOPERATIVA PIONEIRA DE ELETRIFICAÇÃO,2026,4,32156,8,1805.48,,0,0.00024878716258241074,,,225.685
cooperalianca,Grupo Cooperalianca,cooperalianca,Cooperaliança — COOPERATIVA ALIANÇA,2023,12,137073,36,433.2,43889.5,526674,0.0002626337790812195,6.835347862244956,0.0008225201927568097,12.033333333333333
cooperalianca,Grupo Cooperalianca,cooperalianca,Cooperaliança — COOPERATIVA ALIANÇA,2024,12,137703,34,9628.67,44487.0,44487,0.0002469082009832756,76.42682131858746,0.21643783577224807,283.1961764705882
cooperalianca,Grupo Cooperalianca,cooperalianca,Cooperaliança — COOPERATIVA ALIANÇA,2025,12,178966,43,6542.88,,0,0.0002402691013935608,,,152.16
cooperalianca,Grupo Cooperalianca,cooperalianca,Cooperaliança — COOPERATIVA ALIANÇA,2026,4,70197,17,1325.98,,0,0.00024217559154949642,,,77.99882352941177
coopercocal,Grupo Coopercocal,coopercocal,Coopercocal — COOPERATIVA ENERGÉTICA COCAL,2023,12,38643,3,0.0,11741.416666666666,140897,7.763372408974459e-05,2.1292149584448214,0.0,0.0
coopercocal,Grupo Coopercocal,coopercocal,Coopercocal — COOPERATIVA ENERGÉTICA COCAL,2024,12,30716,0,0.0,11893.0,11893,0.0,0.0,0.0,
coopercocal,Grupo Coopercocal,coopercocal,Coopercocal — COOPERATIVA ENERGÉTICA COCAL,2025,12,30626,3,1234.07,,0,9.795598511069027e-05,,,411.3566666666666
coopercocal,Grupo Coopercocal,coopercocal,Coopercocal — COOPERATIVA ENERGÉTICA COCAL,2026,4,15488,0,0.0,,0,0.0,,,
cooperluz,Grupo Cooperluz,cooperluz,Cooperluz — COOPERATIVA DISTRIBUIDORA DE ENERGIA FRONTEIRA NOROESTE,2023,12,29620,3,0.0,17008.833333333332,204106,0.0001012829169480081,1.4698245029543473,0.0,0.0
cooperluz,Grupo Cooperluz,cooperluz,Cooperluz — COOPERATIVA DISTRIBUIDORA DE ENERGIA FRONTEIRA NOROESTE,2024,12,42461,6,371.49,17145.0,17145,0.00014130613975177223,34.99562554680665,0.021667541557305336,61.915
cooperluz,Grupo Cooperluz,cooperluz,Cooperluz — COOPERATIVA DISTRIBUIDORA DE ENERGIA FRONTEIRA NOROESTE,2025,12,41994,5,809.98,,0,0.0001190646282802305,,,161.996
cooperluz,Grupo Cooperluz,cooperluz,Cooperluz — COOPERATIVA DISTRIBUIDORA DE ENERGIA FRONTEIRA NOROESTE,2026,4,7488,2,0.0,,0,0.0002670940170940171,,,0.0
coopermila,Grupo Coopermila,coopermila,Coopermila — COOPERATIVA DE ELETRIFICAÇÃO LAURO MÜLLER,2023,12,932,2,429.64,1368.4166666666667,16421,0.002145922746781116,12.17952621643018,0.026164058218135312,214.82
coopermila,Grupo Coopermila,coopermila,Coopermila — COOPERATIVA DE ELETRIFICAÇÃO LAURO MÜLLER,2024,12,1119,4,198.79,1385.0,1385,0.0035746201966041107,288.8086642599278,0.1435306859205776,49.6975
coopermila,Grupo Coopermila,coopermila,Coopermila — COOPERATIVA DE ELETRIFICAÇÃO LAURO MÜLLER,2025,12,658,7,2605.25,,0,0.010638297872340425,,,372.17857142857144
coopermila,Grupo Coopermila,coopermila,Coopermila — COOPERATIVA DE ELETRIFICAÇÃO LAURO MÜLLER,2026,4,229,0,0.0,,0,0.0,,,
coopernorte,Grupo Coopernorte,coopernorte,Coopernorte — COOPERATIVA REGIONAL DE DISTRIBUIÇÃO DE ENERGIA DO LITORAL NORTE,2023,12,56370,53,3302.48,6976.25,83715,0.0009402164271775767,63.310040016723406,0.03944908319894881,62.31094339622641
coopernorte,Grupo Coopernorte,coopernorte,Coopernorte — COOPERATIVA REGIONAL DE DISTRIBUIÇÃO DE ENERGIA DO LITORAL NORTE,2024,12,70033,43,15396.51,,0,0.0006139962589065155,,,358.05837209302325
coopernorte,Grupo Coopernorte,coopernorte,Coopernorte — COOPERATIVA REGIONAL DE DISTRIBUIÇÃO DE ENERGIA DO LITORAL NORTE,2025,12,54834,31,3881.06,,0,0.0005653426706058285,,,125.19548387096773
coopernorte,Grupo Coopernorte,coopernorte,Coopernorte — COOPERATIVA REGIONAL DE DISTRIBUIÇÃO DE ENERGIA DO LITORAL NORTE,2026,4,19135,5,1397.94,,0,0.0002613012803762738,,,279.588
coopersul,Grupo Coopersul,coopersul,Coopersul — COOPERATIVA REGIONAL DE ELETRIFICAÇÃO RURAL FRONTEIRA SUL LTDA,2023,12,23519,141,57633.490000000005,5738.857142857143,40172,0.005995152855138399,350.9907398187793,1.43466817683959,408.74815602836884
coopersul,Grupo Coopersul,coopersul,Coopersul — COOPERATIVA REGIONAL DE ELETRIFICAÇÃO RURAL FRONTEIRA SUL LTDA,2024,12,21960,62,7714.950000000001,,0,0.002823315118397086,,,124.43467741935486
coopersul,Grupo Coopersul,coopersul,Coopersul — COOPERATIVA REGIONAL DE ELETRIFICAÇÃO RURAL FRONTEIRA SUL LTDA,2025,4,8144,169,369.73,,0,0.02075147347740668,,,2.187751479289941
cooperzem,Grupo Cooperzem,cooperzem,Cooperzem — COOPERZEM COOPERATIVA DE DISTRIBUIÇÃO DE ENERGIA ELÉTRICA,2023,12,31597,0,0.0,8727.916666666666,104735,0.0,0.0,0.0,
cooperzem,Grupo Cooperzem,cooperzem,Cooperzem — COOPERZEM COOPERATIVA DE DISTRIBUIÇÃO DE ENERGIA ELÉTRICA,2024,12,31662,1,0.0,,0,3.158360179394858e-05,,,0.0
cooperzem,Grupo Cooperzem,cooperzem,Cooperzem — COOPERZEM COOPERATIVA DE DISTRIBUIÇÃO DE ENERGIA ELÉTRICA,2025,12,28545,1,0.0,,0,3.503240497460151e-05,,,0.0
cooperzem,Grupo Cooperzem,cooperzem,Cooperzem — COOPERZEM COOPERATIVA DE DISTRIBUIÇÃO DE ENERGIA ELÉTRICA,2026,3,5775,1,0.0,,0,0.00017316017316017316,,,0.0
coorsel,Grupo Coorsel,coorsel,Coorsel — COOPERATIVA REGIONAL SUL DE ELETRIFICAÇÃO RURAL,2023,12,19158,9,0.0,9335.583333333334,112027,0.0004697776385844034,8.033777571478304,0.0,0.0
coorsel,Grupo Coorsel,coorsel,Coorsel — COOPERATIVA REGIONAL SUL DE ELETRIFICAÇÃO RURAL,2024,12,19861,18,596.24,,0,0.0009062987764966517,,,33.12444444444444
coorsel,Grupo Coorsel,coorsel,Coorsel — COOPERATIVA REGIONAL SUL DE ELETRIFICAÇÃO RURAL,2025,12,18366,5,469.19,,0,0.00027224218664924317,,,93.838
coorsel,Grupo Coorsel,coorsel,Coorsel — COOPERATIVA REGIONAL SUL DE ELETRIFICAÇÃO RURAL,2026,4,8801,0,0.0,,0,0.0,,,
copel,Grupo Copel,copel_dis,Copel-Dis — COPEL DISTRIBUIÇÃO S.A.,2023,12,36683970,10638,1736398.0545,5171026.25,62052315,0.00028999042361009455,17.14359891327181,0.027982808610766578,163.22598745064863
copel,Grupo Copel,copel_dis,Copel-Dis — COPEL DISTRIBUIÇÃO S.A.,2024,12,19720433,7753,2730936.6667,5220855.0,5220855,0.0003931455257600074,148.50058084355913,0.5230822665444644,352.2425727718302
copel,Grupo Copel,copel_dis,Copel-Dis — COPEL DISTRIBUIÇÃO S.A.,2025,12,15734669,10129,2503281.5387,,0,0.0006437377233674251,,,247.1400472603416
copel,Grupo Copel,copel_dis,Copel-Dis — COPEL DISTRIBUIÇÃO S.A.,2026,4,6456244,5255,1724288.9684000001,,0,0.0008139407370601235,,,328.12349541389153
coprel,Grupo Coprel,coprel,Coprel — COPREL COOPERATIVA DE ENERGIA,2023,12,19255,123,50905.75,23504.0,94016,0.006387951181511296,130.8287950987066,0.5414583687882913,413.8678861788618
coprel,Grupo Coprel,coprel,Coprel — COPREL COOPERATIVA DE ENERGIA,2024,12,17879,174,26371.72,,0,0.009732087924380559,,,151.5616091954023
coprel,Grupo Coprel,coprel,Coprel — COPREL COOPERATIVA DE ENERGIA,2025,12,16585,1223,31886.019999999997,,0,0.07374133252939404,,,26.071970564186426
coprel,Grupo Coprel,coprel,Coprel — COPREL COOPERATIVA DE ENERGIA,2026,2,2687,41,570.02,,0,0.015258652772608858,,,13.902926829268292
cpfl,Grupo CPFL,cpfl_paulista,CPFL Paulista — COMPANHIA PAULISTA DE FORÇA E LUZ,2023,12,35910212,12880,4958174.869200001,4912194.75,58946337,0.0003586723464623378,21.850382323162844,0.08411336686111642,384.95146500000004
cpfl,Grupo CPFL,cpfl_paulista,CPFL Paulista — COMPANHIA PAULISTA DE FORÇA E LUZ,2024,12,25861638,12073,5193360.1075,4954905.0,4954905,0.00046683044592921765,243.6575474201826,1.0481250614290283,430.1631829288495
cpfl,Grupo CPFL,cpfl_paulista,CPFL Paulista — COMPANHIA PAULISTA DE FORÇA E LUZ,2025,12,27733950,21159,7686946.6618,,0,0.0007629277473998475,,,363.2944213715204
cpfl,Grupo CPFL,cpfl_paulista,CPFL Paulista — COMPANHIA PAULISTA DE FORÇA E LUZ,2026,4,8456766,8105,2796008.55,,0,0.0009584041937544447,,,344.9732942628007
cpfl,Grupo CPFL,cpfl_piratininga,CPFL Piratininga — COMPANHIA PIRATININGA DE FORÇA E LUZ,2023,12,9595492,6326,1885966.4926,1924187.8333333333,23090254,0.0006592679145582113,27.396840242640902,0.08167803145864051,298.12938548846034
cpfl,Grupo CPFL,cpfl_piratininga,CPFL Piratininga — COMPANHIA PIRATININGA DE FORÇA E LUZ,2024,12,8238989,3336,1562654.253,1944187.0,1944187,0.0004049040483001009,171.58843259418975,0.8037571761358346,468.4215386690648
cpfl,Grupo CPFL,cpfl_piratininga,CPFL Piratininga — COMPANHIA PIRATININGA DE FORÇA E LUZ,2025,12,9834665,4916,1706306.3203999999,,0,0.0004998645098740018,,,347.0924166802278
cpfl,Grupo CPFL,cpfl_piratininga,CPFL Piratininga — COMPANHIA PIRATININGA DE FORÇA E LUZ,2026,4,2948358,1267,526030.64,,0,0.0004297307179114612,,,415.17808997632204
cpfl,Grupo CPFL,cpfl_santa_cruz,CPFL Santa Cruz — COMPANHIA JAGUARI DE ENERGIA - CPFL SANTA CRUZ,2023,12,2924577,1267,280367.46790000005,500494.6666666667,6005936,0.00043322504416878064,21.095795892596925,0.046681727527566066,221.28450505130232
cpfl,Grupo CPFL,cpfl_santa_cruz,CPFL Santa Cruz — COMPANHIA JAGUARI DE ENERGIA - CPFL SANTA CRUZ,2024,12,2171376,1283,482346.8212,504565.0,504565,0.0005908695684211302,254.27843786231702,0.9559656757801275,375.9523158222915
cpfl,Grupo CPFL,cpfl_santa_cruz,CPFL Santa Cruz — COMPANHIA JAGUARI DE ENERGIA - CPFL SANTA CRUZ,2025,12,2387897,1436,763491.7206,,0,0.0006013659718153672,,,531.6794711699164
cpfl,Grupo CPFL,cpfl_santa_cruz,CPFL Santa Cruz — COMPANHIA JAGUARI DE ENERGIA - CPFL SANTA CRUZ,2026,4,751273,163,96494.12000000001,,0,0.0002169650712856711,,,591.9884662576687
creluz_d,Grupo Creluz D,creluz_d,Creluz-D — COOPERATIVA DE DISTRIBUIÇÃO DE ENERGIA,2023,12,38795,19,668.0500000000001,25266.25,303195,0.0004897538342569918,6.266594106103332,0.0022033674697801747,35.160526315789475
creluz_d,Grupo Creluz D,creluz_d,Creluz-D — COOPERATIVA DE DISTRIBUIÇÃO DE ENERGIA,2024,12,37124,26,16239.5,,0,0.0007003555651330676,,,624.5961538461538
creluz_d,Grupo Creluz D,creluz_d,Creluz-D — COOPERATIVA DE DISTRIBUIÇÃO DE ENERGIA,2025,12,44004,17,4622.89,,0,0.00038632851558949186,,,271.93470588235294
creluz_d,Grupo Creluz D,creluz_d,Creluz-D — COOPERATIVA DE DISTRIBUIÇÃO DE ENERGIA,2026,4,15158,1,203.37,,0,6.597176408497163e-05,,,203.37
creral,Grupo Creral,creral,Creral — COOPERATIVA REGIONAL DE ELETRIFICAÇÃO RURAL DO ALTO URUGUAI,2023,12,14493,47,858.63,7977.75,95733,0.003242944869937211,49.0948784640615,0.008969007552254708,18.26872340425532
creral,Grupo Creral,creral,Creral — COOPERATIVA REGIONAL DE ELETRIFICAÇÃO RURAL DO ALTO URUGUAI,2024,12,15123,22,2085.4900000000002,8013.0,8013,0.0014547378165707862,274.55384999376014,0.2602633221015849,94.79500000000002
creral,Grupo Creral,creral,Creral — COOPERATIVA REGIONAL DE ELETRIFICAÇÃO RURAL DO ALTO URUGUAI,2025,12,15745,104,9024.57,,0,0.006605271514766592,,,86.77471153846153
creral,Grupo Creral,creral,Creral — COOPERATIVA REGIONAL DE ELETRIFICAÇÃO RURAL DO ALTO URUGUAI,2026,4,3792,29,8722.1,,0,0.007647679324894515,,,300.76206896551724
dcelt,Grupo Dcelt,dcelt,Dcelt — DISTRIBUIDORA CATARINENSE DE ENERGIA ELÉTRICA S/A.,2023,12,108406,1480,15000.630000000001,40496.09090909091,445457,0.013652380864527794,332.24306723207854,0.03367469811901037,10.135560810810812
dcelt,Grupo Dcelt,dcelt,Dcelt — DISTRIBUIDORA CATARINENSE DE ENERGIA ELÉTRICA S/A.,2024,12,93888,1044,39908.97,,0,0.01111963190184049,,,38.22698275862069
dcelt,Grupo Dcelt,dcelt,Dcelt — DISTRIBUIDORA CATARINENSE DE ENERGIA ELÉTRICA S/A.,2025,11,72270,1477,41850.42,,0,0.020437249204372492,,,28.334746106973594
dcelt,Grupo Dcelt,dcelt,Dcelt — DISTRIBUIDORA CATARINENSE DE ENERGIA ELÉTRICA S/A.,2026,4,27799,516,16331.119999999999,,0,0.01856181877045937,,,31.64945736434108
demei,Grupo Demei,demei,Demei — DEPARTAMENTO MUNICIPAL DE ENERGIA DE IJUÍ,2023,12,77841,222,3144.78,36129.0,433548,0.002851967472154777,51.205402861966846,0.007253591297849374,14.165675675675677
demei,Grupo Demei,demei,Demei — DEPARTAMENTO MUNICIPAL DE ENERGIA DE IJUÍ,2024,12,89156,109,14273.43,,0,0.0012225761586432769,,,130.9488990825688
demei,Grupo Demei,demei,Demei — DEPARTAMENTO MUNICIPAL DE ENERGIA DE IJUÍ,2025,12,87450,57,6909.65,,0,0.0006518010291595198,,,121.2219298245614
demei,Grupo Demei,demei,Demei — DEPARTAMENTO MUNICIPAL DE ENERGIA DE IJUÍ,2026,4,22458,9,3266.1,,0,0.00040074806305102857,,,362.9
dmed,Grupo DMED,dmed,Dmed — DME DISTRIBUIÇÃO S.A.,2023,12,304754,557,74211.81,86962.16666666667,1043546,0.001827703656063579,53.37570169403169,0.07111503469899745,133.2348473967684
dmed,Grupo DMED,dmed,Dmed — DME DISTRIBUIÇÃO S.A.,2024,12,317717,276,91379.95,88769.0,88769,0.0008686976145437607,310.9193524766529,1.029412858092352,331.0867753623188
dmed,Grupo DMED,dmed,Dmed — DME DISTRIBUIÇÃO S.A.,2025,12,354989,4253,165287.86,,0,0.011980652921639825,,,38.863827886197974
dmed,Grupo DMED,dmed,Dmed — DME DISTRIBUIÇÃO S.A.,2026,4,68279,182,51496.94,,0,0.002665534058788207,,,282.9502197802198
edp,Grupo EDP,edp_es,EDP ES — EDP ESPÍRITO SANTO DISTRIBUIÇÃO DE ENERGIA S.A.,2023,12,207000,3926,1746817.8,1780934.25,21371211,0.01896618357487923,18.370507876226576,0.08173695912693014,444.93576158940397
edp,Grupo EDP,edp_es,EDP ES — EDP ESPÍRITO SANTO DISTRIBUIÇÃO DE ENERGIA S.A.,2024,12,9027377,16473,8455710.99,1799597.0,1799597,0.0018247825475772197,915.3716081989468,4.698669196492326,513.3072901110909
edp,Grupo EDP,edp_es,EDP ES — EDP ESPÍRITO SANTO DISTRIBUIÇÃO DE ENERGIA S.A.,2025,12,10505713,8936,7010581.7700000005,,0,0.0008505848198975167,,,784.5324272605193
edp,Grupo EDP,edp_es,EDP ES — EDP ESPÍRITO SANTO DISTRIBUIÇÃO DE ENERGIA S.A.,2026,4,3869750,1808,1293219.65,,0,0.00046721364429226696,,,715.2763550884955
edp,Grupo EDP,edp_sp,EDP SP — EDP SÃO PAULO DISTRIBUIÇÃO DE ENERGIA S.A.,2023,12,281718,3826,1587118.22,2235646.5,26827758,0.013580956843368191,14.261348264733863,0.059159554816321215,414.8244171458442
edp,Grupo EDP,edp_sp,EDP SP — EDP SÃO PAULO DISTRIBUIÇÃO DE ENERGIA S.A.,2024,12,11579193,13372,7168734.33,,0,0.00115483004730986,,,536.1003836374514
edp,Grupo EDP,edp_sp,EDP SP — EDP SÃO PAULO DISTRIBUIÇÃO DE ENERGIA S.A.,2025,12,13114473,15443,7383079.4766,,0,0.0011775539893978202,,,478.0858302531891
edp,Grupo EDP,edp_sp,EDP SP — EDP SÃO PAULO DISTRIBUIÇÃO DE ENERGIA S.A.,2026,4,4829960,3880,2387747.08335,,0,0.0008033192821472641,,,615.3987328221649
eflul,Grupo Eflul,eflul,Eflul — EMPRESA FORÇA E LUZ DE URUSSANGA LTDA.,2023,12,3483,97,86.49000000000001,7507.166666666667,90086,0.027849554981337926,107.67488843993517,0.000960082587749484,0.8916494845360826
eflul,Grupo Eflul,eflul,Eflul — EMPRESA FORÇA E LUZ DE URUSSANGA LTDA.,2024,12,9090,187,17.55,,0,0.020572057205720574,,,0.09385026737967915
eflul,Grupo Eflul,eflul,Eflul — EMPRESA FORÇA E LUZ DE URUSSANGA LTDA.,2025,12,12270,172,41.46,,0,0.014017929910350448,,,0.241046511627907
eflul,Grupo Eflul,eflul,Eflul — EMPRESA FORÇA E LUZ DE URUSSANGA LTDA.,2026,2,3370,31,75.76,,0,0.009198813056379823,,,2.4438709677419355
eletrocar,Grupo Eletrocar,eletrocar,Eletrocar — CENTRAIS ELÉTRICAS DE CARAZINHO S.A.,2023,12,107201,444,0.0,39842.0,478104,0.0041417524090260355,92.86682395462076,0.0,0.0
eletrocar,Grupo Eletrocar,eletrocar,Eletrocar — CENTRAIS ELÉTRICAS DE CARAZINHO S.A.,2024,12,135067,330,0.0,40031.0,40031,0.0024432318775126417,824.3611201318979,0.0,0.0
eletrocar,Grupo Eletrocar,eletrocar,Eletrocar — CENTRAIS ELÉTRICAS DE CARAZINHO S.A.,2025,12,123966,261,25646.739999999998,,0,0.0021054160011616087,,,98.26337164750957
eletrocar,Grupo Eletrocar,eletrocar,Eletrocar — CENTRAIS ELÉTRICAS DE CARAZINHO S.A.,2026,4,36969,122,4539.54,,0,0.0033000622142876465,,,37.20934426229508
enel,Grupo ENEL,enel_ce,Enel CE — COMPANHIA ENERGÉTICA DO CEARÁ,2023,12,10591146,35527,9778555.31,4203677.0,50444124,0.0033544056516641354,70.42842095939658,0.19384924416568322,275.24292256593577
enel,Grupo ENEL,enel_ce,Enel CE — COMPANHIA ENERGÉTICA DO CEARÁ,2024,12,13375667,21811,28734341.290000003,,0,0.0016306476529357376,,,1317.42429462198
enel,Grupo ENEL,enel_ce,Enel CE — COMPANHIA ENERGÉTICA DO CEARÁ,2025,12,13108905,27974,20058850.50108,,0,0.0021339692369423684,,,717.0533531522127
enel,Grupo ENEL,enel_ce,Enel CE — COMPANHIA ENERGÉTICA DO CEARÁ,2026,4,4243176,8012,6096838.05217,,0,0.001888208266638009,,,760.9633115539191
enel,Grupo ENEL,enel_go,Enel GO — CELG DISTRIBUIÇÃO S.A.,2023,12,10616053,18590,20898489.43476762,3412734.5833333335,40952815,0.0017511216268419156,45.39370492602279,0.5103065426581206,1124.1790981585593
enel,Grupo ENEL,enel_go,Enel GO — CELG DISTRIBUIÇÃO S.A.,2024,12,14767527,15574,9453607.08,3451689.0,3451689,0.0010546112426271508,451.1993983235454,2.738835126803139,607.0121407473995
enel,Grupo ENEL,enel_go,Enel GO — CELG DISTRIBUIÇÃO S.A.,2025,12,16146318,20077,7994294.3,,0,0.0012434413839737333,,,398.1817153957264
enel,Grupo ENEL,enel_go,Enel GO — CELG DISTRIBUIÇÃO S.A.,2026,4,5629970,12898,6808360.42,,0,0.0022909535930031597,,,527.8617165452008
enel,Grupo ENEL,enel_rj,Enel RJ — AMPLA ENERGIA E SERVIÇOS S.A.,2023,12,12152537,19080,4838734.66,3116168.4166666665,37394021,0.0015700425351513022,51.024199831304585,0.1293986185652514,253.60244549266247
enel,Grupo ENEL,enel_rj,Enel RJ — AMPLA ENERGIA E SERVIÇOS S.A.,2024,12,11080043,8042,6743429.3,3083579.0,3083579,0.0007258094575986754,260.8008421383075,2.186883909898206,838.5263989057448
enel,Grupo ENEL,enel_rj,Enel RJ — AMPLA ENERGIA E SERVIÇOS S.A.,2025,12,9839070,9000,9587764.628800001,,0,0.0009147205985931597,,,1065.307180977778
enel,Grupo ENEL,enel_rj,Enel RJ — AMPLA ENERGIA E SERVIÇOS S.A.,2026,4,3248737,1882,1608523.89083,,0,0.0005793020487654126,,,854.6885711105207
enel,Grupo ENEL,enel_sp,Enel SP — ELETROPAULO METROPOLITANA ELETRICIDADE DE SÃO PAULO S.A.,2023,12,37866576,23165,11340248.57,8300383.833333333,99604606,0.000611753225324624,23.256956611022588,0.11385265225586054,489.5423513921865
enel,Grupo ENEL,enel_sp,Enel SP — ELETROPAULO METROPOLITANA ELETRICIDADE DE SÃO PAULO S.A.,2024,12,44944797,12735,15926437.209999999,8392744.0,8392744,0.00028334759193594756,151.7382157730535,1.897643632404372,1250.6036285826463
enel,Grupo ENEL,enel_sp,Enel SP — ELETROPAULO METROPOLITANA ELETRICIDADE DE SÃO PAULO S.A.,2025,12,31588257,26791,7883179.8398,,0,0.000848131633220535,,,294.24731588219925
enel,Grupo ENEL,enel_sp,Enel SP — ELETROPAULO METROPOLITANA ELETRICIDADE DE SÃO PAULO S.A.,2026,4,11926216,5825,10812084.370000001,,0,0.0004884197971930074,,,1856.1518231759658
energisa,Grupo Energisa,energisa_ac,Energisa AC — ENERGISA ACRE - DISTRIBUIDORA DE ENERGIA S.A.,2023,12,275065,4682,1704745.58,289120.1666666667,3469442,0.017021431298056822,134.9496547283396,0.49136016108642255,364.10627509611277
energisa,Grupo Energisa,energisa_ac,Energisa AC — ENERGISA ACRE - DISTRIBUIDORA DE ENERGIA S.A.,2024,11,292405,4366,952772.48,292414.0,292414,0.014931345223234896,1493.0885662109201,3.25829980780674,218.2254878607421
energisa,Grupo Energisa,energisa_ac,Energisa AC — ENERGISA ACRE - DISTRIBUIDORA DE ENERGIA S.A.,2025,12,342217,6177,1385328.06,,0,0.01804995076223566,,,224.27198640116563
energisa,Grupo Energisa,energisa_ac,Energisa AC — ENERGISA ACRE - DISTRIBUIDORA DE ENERGIA S.A.,2026,4,122009,958,234028.94999999998,,0,0.007851879779360539,,,244.28909185803755
energisa,Grupo Energisa,energisa_ms,Energisa MS — ENERGISA MATO GROSSO DO SUL DISTRIBUIDORA DE ENERGIA S.A.,2023,12,1524430,6046,2983997.04,1110833.0,13329996,0.00396607256482751,45.35635269507958,0.22385580910902,493.54896460469735
energisa,Grupo Energisa,energisa_ms,Energisa MS — ENERGISA MATO GROSSO DO SUL DISTRIBUIDORA DE ENERGIA S.A.,2024,12,1766848,3949,2087458.8,1120879.0,1120879,0.00223505360959177,352.31278309255504,1.8623408949583318,528.6044061787794
energisa,Grupo Energisa,energisa_ms,Energisa MS — ENERGISA MATO GROSSO DO SUL DISTRIBUIDORA DE ENERGIA S.A.,2025,12,1928502,12398,3461325.69,,0,0.006428824030257682,,,279.1841982577835
energisa,Grupo Energisa,energisa_ms,Energisa MS — ENERGISA MATO GROSSO DO SUL DISTRIBUIDORA DE ENERGIA S.A.,2026,4,704794,3304,3352440.79,,0,0.004687894618853168,,,1014.6612560532687
energisa,Grupo Energisa,energisa_mt,Energisa MT — ENERGISA MATO GROSSO DISTRIBUIDORA DE ENERGIA S.A.,2023,12,1966041,21350,8302292.27,1604578.5833333333,19254943,0.010859386960902646,110.88061907012657,0.4311771927862887,388.8661484777517
energisa,Grupo Energisa,energisa_mt,Energisa MT — ENERGISA MATO GROSSO DISTRIBUIDORA DE ENERGIA S.A.,2024,12,2771421,15530,8210016.94,1621783.0,1621783,0.005603623556291159,957.588037363815,5.062339992465083,528.6553084352865
energisa,Grupo Energisa,energisa_mt,Energisa MT — ENERGISA MATO GROSSO DISTRIBUIDORA DE ENERGIA S.A.,2025,12,2956309,13115,5552065.44,,0,0.00443627509844201,,,423.33705223027073
energisa,Grupo Energisa,energisa_mt,Energisa MT — ENERGISA MATO GROSSO DISTRIBUIDORA DE ENERGIA S.A.,2026,4,1005245,7300,2561471.5,,0,0.007261911275360733,,,350.8865068493151
energisa,Grupo Energisa,energisa_minas_rio,Energisa Minas Rio — ENERGISA MINAS RIO - DISTRIBUIDORA DE ENERGIA S.A.,2023,12,448973,2270,432869.5,596083.5,7153002,0.005055983321936954,31.734927517145948,0.06051578064706259,190.69140969162996
energisa,Grupo Energisa,energisa_minas_rio,Energisa Minas Rio — ENERGISA MINAS RIO - DISTRIBUIDORA DE ENERGIA S.A.,2024,12,586211,1236,316774.61852754,,0,0.002108455829044491,,,256.2901444397573
energisa,Grupo Energisa,energisa_minas_rio,Energisa Minas Rio — ENERGISA MINAS RIO - DISTRIBUIDORA DE ENERGIA S.A.,2025,12,624421,5571,1143648.12,,0,0.008921865215936043,,,205.2859666128164
energisa,Grupo Energisa,energisa_minas_rio,Energisa Minas Rio — ENERGISA MINAS RIO - DISTRIBUIDORA DE ENERGIA S.A.,2026,3,168840,987,344557.31,,0,0.005845771144278607,,,349.09555217831814
energisa,Grupo Energisa,energisa_pb,Energisa PB — ENERGISA PARAÍBA DISTRIBUIDORA DE ENERGIA S.A.,2023,12,1234597,15915,2072504.62,1791816.75,21501801,0.012890846162755943,74.01705559455229,0.09638748958750014,130.2233502984606
energisa,Grupo Energisa,energisa_pb,Energisa PB — ENERGISA PARAÍBA DISTRIBUIDORA DE ENERGIA S.A.,2024,12,1452697,21258,3562014.7800000003,,0,0.014633471398371442,,,167.5611430990686
energisa,Grupo Energisa,energisa_pb,Energisa PB — ENERGISA PARAÍBA DISTRIBUIDORA DE ENERGIA S.A.,2025,12,1528183,15207,3258596.0300000003,,0,0.009951033351372185,,,214.28263497073718
energisa,Grupo Energisa,energisa_pb,Energisa PB — ENERGISA PARAÍBA DISTRIBUIDORA DE ENERGIA S.A.,2026,4,559147,5645,1217762.18,,0,0.010095735110802705,,,215.7240354295837
energisa,Grupo Energisa,energisa_ro,Energisa RO — ENERGISA RONDÔNIA DISTRIBUIDORA DE ENERGIA S.A.,2023,12,873473,8393,1830604.83,690022.3333333334,8280268,0.0096087686740174,101.36145351817116,0.2210803841131712,218.11090551650184
energisa,Grupo Energisa,energisa_ro,Energisa RO — ENERGISA RONDÔNIA DISTRIBUIDORA DE ENERGIA S.A.,2024,12,1116476,14710,7303094.59,,0,0.013175383976010232,,,496.4714201223657
energisa,Grupo Energisa,energisa_ro,Energisa RO — ENERGISA RONDÔNIA DISTRIBUIDORA DE ENERGIA S.A.,2025,12,1198090,7761,4997325.61,,0,0.00647781051506982,,,643.9022819224327
energisa,Grupo Energisa,energisa_ro,Energisa RO — ENERGISA RONDÔNIA DISTRIBUIDORA DE ENERGIA S.A.,2026,4,405459,1600,1983534.5699999998,,0,0.003946144986299478,,,1239.7091062499999
energisa,Grupo Energisa,energisa_se,Energisa SE — ENERGISA SERGIPE DISTRIBUIDORA DE ENERGIA S.A.,2023,12,548769,5548,1012912.37,853922.0833333334,10247065,0.0101099005228065,54.14233246300282,0.09884902359846454,182.57252523431868
energisa,Grupo Energisa,energisa_se,Energisa SE — ENERGISA SERGIPE DISTRIBUIDORA DE ENERGIA S.A.,2024,12,682320,3687,572777.78,864434.0,864434,0.005403622933520928,426.5218628605539,0.6626044093591876,155.35063195009494
energisa,Grupo Energisa,energisa_se,Energisa SE — ENERGISA SERGIPE DISTRIBUIDORA DE ENERGIA S.A.,2025,12,664491,2141,583212.83,,0,0.003222015046102957,,,272.40206912657635
energisa,Grupo Energisa,energisa_se,Energisa SE — ENERGISA SERGIPE DISTRIBUIDORA DE ENERGIA S.A.,2026,4,241566,1054,354435.58999999997,,0,0.004363196807497744,,,336.2766508538899
energisa,Grupo Energisa,energisa_sul_sudeste,Energisa Sul-Sudeste — ENERGISA SUL-SUDESTE DISTRIBUIDORA DE ENERGIA S.A.,2023,12,744296,5043,981446.4,858668.25,10304019,0.0067755301654180596,48.942068138655415,0.09524889268934772,194.61558596073766
energisa,Grupo Energisa,energisa_sul_sudeste,Energisa Sul-Sudeste — ENERGISA SUL-SUDESTE DISTRIBUIDORA DE ENERGIA S.A.,2024,12,858456,2367,1115422.05,865514.0,865514,0.0027572758533926027,273.479111834124,1.2887394657972027,471.23871989860584
energisa,Grupo Energisa,energisa_sul_sudeste,Energisa Sul-Sudeste — ENERGISA SUL-SUDESTE DISTRIBUIDORA DE ENERGIA S.A.,2025,12,924883,3669,1058328.559686,,0,0.003966988256893034,,,288.451501686018
energisa,Grupo Energisa,energisa_sul_sudeste,Energisa Sul-Sudeste — ENERGISA SUL-SUDESTE DISTRIBUIDORA DE ENERGIA S.A.,2026,4,330869,1269,424288.56,,0,0.003835354777872814,,,334.3487470449173
energisa,Grupo Energisa,energisa_to,Energisa TO — ENERGISA TOCANTINS DISTRIBUIDORA DE ENERGIA S.A.,2023,12,773648,3374,904538.92,654177.9166666666,7850135,0.004361156494943437,42.98015257062458,0.1152259063060699,268.090966212211
energisa,Grupo Energisa,energisa_to,Energisa TO — ENERGISA TOCANTINS DISTRIBUIDORA DE ENERGIA S.A.,2024,12,839665,3945,983755.44,661290.0,661290,0.004698302299131201,596.561266615252,1.487630903234587,249.36766539923954
energisa,Grupo Energisa,energisa_to,Energisa TO — ENERGISA TOCANTINS DISTRIBUIDORA DE ENERGIA S.A.,2025,12,918487,4924,1047614.16,,0,0.005360990411404843,,,212.75673436230707
energisa,Grupo Energisa,energisa_to,Energisa TO — ENERGISA TOCANTINS DISTRIBUIDORA DE ENERGIA S.A.,2026,4,309366,1845,655860.6399999999,,0,0.005963809856286729,,,355.48002168021674
equatorial,Grupo Equatorial,cea_equatorial,CEA Equatorial — COMPANHIA DE ELETRICIDADE DO AMAPA,2023,12,186003,2417,662784.65,228099.66666666666,2737196,0.01299441406859029,88.30204340500278,0.2421400038579627,274.21789408357466
equatorial,Grupo Equatorial,cea_equatorial,CEA Equatorial — COMPANHIA DE ELETRICIDADE DO AMAPA,2024,11,199462,2354,269207.54,240605.0,240605,0.011801746698619286,978.3670331040502,1.1188775794351737,114.36174171622768
equatorial,Grupo Equatorial,cea_equatorial,CEA Equatorial — COMPANHIA DE ELETRICIDADE DO AMAPA,2025,12,156973,2089,1713057.4499999997,,0,0.01330802112465201,,,820.0370751555766
equatorial,Grupo Equatorial,cea_equatorial,CEA Equatorial — COMPANHIA DE ELETRICIDADE DO AMAPA,2026,4,51981,134,98196.91,,0,0.0025778649891306437,,,732.8127611940299
equatorial,Grupo Equatorial,ceee_equatorial,CEEE Equatorial — COMPANHIA ESTADUAL DE DISTRIBUIÇÃO DE ENERGIA ELÉTRICA,2023,12,7954605,7859,4329850.600000001,1880119.75,22561437,0.0009879811756837707,34.83377410756239,0.1919137774779151,550.9416719684439
equatorial,Grupo Equatorial,ceee_equatorial,CEEE Equatorial — COMPANHIA ESTADUAL DE DISTRIBUIÇÃO DE ENERGIA ELÉTRICA,2024,12,8515031,20850,5364701.67,,0,0.00244861116771037,,,257.29984028776977
equatorial,Grupo Equatorial,ceee_equatorial,CEEE Equatorial — COMPANHIA ESTADUAL DE DISTRIBUIÇÃO DE ENERGIA ELÉTRICA,2025,12,8706009,7060,5318498.97,,0,0.0008109341490457913,,,753.3284660056656
equatorial,Grupo Equatorial,ceee_equatorial,CEEE Equatorial — COMPANHIA ESTADUAL DE DISTRIBUIÇÃO DE ENERGIA ELÉTRICA,2026,4,2452668,1372,895944.07,,0,0.0005593908347970455,,,653.0204591836734
equatorial,Grupo Equatorial,equatorial_al,Equatorial AL — EQUATORIAL ALAGOAS DISTRIBUIDORA DE ENERGIA S.A.,2023,12,451888,8382,3936732.87,1339861.5833333333,16078339,0.01854884396133555,52.1322507256502,0.24484698761482762,469.6651002147459
equatorial,Grupo Equatorial,equatorial_al,Equatorial AL — EQUATORIAL ALAGOAS DISTRIBUIDORA DE ENERGIA S.A.,2024,12,514411,4550,2312783.67,,0,0.008845067465509096,,,508.30410329670326
equatorial,Grupo Equatorial,equatorial_al,Equatorial AL — EQUATORIAL ALAGOAS DISTRIBUIDORA DE ENERGIA S.A.,2025,12,532229,3066,1696745.06,,0,0.005760678204306793,,,553.406738421396
equatorial,Grupo Equatorial,equatorial_al,Equatorial AL — EQUATORIAL ALAGOAS DISTRIBUIDORA DE ENERGIA S.A.,2026,4,157765,2028,1810944.6099999999,,0,0.012854562165245777,,,892.970714990138
equatorial,Grupo Equatorial,equatorial_ma,Equatorial MA — EQUATORIAL MARANHÃO DISTRIBUIDORA DE ENERGIA S.A.,2023,12,778749,7357,7096918.8100000005,2736090.8333333335,32833090,0.009447203142475945,22.40727266303598,0.21615141340641408,964.6484722033438
equatorial,Grupo Equatorial,equatorial_ma,Equatorial MA — EQUATORIAL MARANHÃO DISTRIBUIDORA DE ENERGIA S.A.,2024,12,861557,7694,6018988.05,2766554.0,2766554,0.008930343552428917,278.1077108923231,2.175626447197488,782.2963413049129
equatorial,Grupo Equatorial,equatorial_ma,Equatorial MA — EQUATORIAL MARANHÃO DISTRIBUIDORA DE ENERGIA S.A.,2025,12,908081,7662,5528645.99,,0,0.008437573300179168,,,721.5669524928218
equatorial,Grupo Equatorial,equatorial_ma,Equatorial MA — EQUATORIAL MARANHÃO DISTRIBUIDORA DE ENERGIA S.A.,2026,4,209515,1819,4706042.430000001,,0,0.008681955945874996,,,2587.159114898296
equatorial,Grupo Equatorial,equatorial_pa,Equatorial PA — EQUATORIAL PARÁ DISTRIBUIDORA DE ENERGIA S.A.,2023,12,1473813,7872,9242479.58,2981770.0,35781240,0.005341247498834655,22.000355493549133,0.2583051783560324,1174.095475101626
equatorial,Grupo Equatorial,equatorial_pa,Equatorial PA — EQUATORIAL PARÁ DISTRIBUIDORA DE ENERGIA S.A.,2024,12,1547856,7028,6706678.8,,0,0.004540474049265565,,,954.2798520204894
equatorial,Grupo Equatorial,equatorial_pa,Equatorial PA — EQUATORIAL PARÁ DISTRIBUIDORA DE ENERGIA S.A.,2025,12,1700078,3143,6074439.6899999995,,0,0.001848738704930009,,,1932.6884155265668
equatorial,Grupo Equatorial,equatorial_pa,Equatorial PA — EQUATORIAL PARÁ DISTRIBUIDORA DE ENERGIA S.A.,2026,4,494040,1788,1998768.6600000001,,0,0.0036191401505950935,,,1117.8795637583894
equatorial,Grupo Equatorial,equatorial_pi,Equatorial PI — EQUATORIAL PIAUÍ DISTRIBUIDORA DE ENERGIA S.A.,2023,12,414247,11703,9302455.41,1485101.4166666667,17821217,0.028251260721260503,65.66891587706945,0.5219876627954196,794.8778441425276
equatorial,Grupo Equatorial,equatorial_pi,Equatorial PI — EQUATORIAL PIAUÍ DISTRIBUIDORA DE ENERGIA S.A.,2024,12,488892,11302,5520294.61,,0,0.02311758016085352,,,488.4351981950098
equatorial,Grupo Equatorial,equatorial_pi,Equatorial PI — EQUATORIAL PIAUÍ DISTRIBUIDORA DE ENERGIA S.A.,2025,12,558459,6374,2925041.31,,0,0.011413550502364542,,,458.9019940382805
equatorial,Grupo Equatorial,equatorial_pi,Equatorial PI — EQUATORIAL PIAUÍ DISTRIBUIDORA DE ENERGIA S.A.,2026,4,130741,3940,3509053.51,,0,0.030135917577500556,,,890.6227182741117
forcel,Grupo Forcel,forcel,Forcel — FORÇA E LUZ CORONEL VIVIDA LTDA,2023,12,15366,177,0.0,8606.25,103275,0.011518937914877,171.38707334785767,0.0,0.0
forcel,Grupo Forcel,forcel,Forcel — FORÇA E LUZ CORONEL VIVIDA LTDA,2024,12,16920,50,1893.24,8697.0,8697,0.002955082742316785,574.9108888122341,0.2176888582269748,37.8648
forcel,Grupo Forcel,forcel,Forcel — FORÇA E LUZ CORONEL VIVIDA LTDA,2025,12,18719,64,686.35,,0,0.0034189860569474864,,,10.72421875
forcel,Grupo Forcel,forcel,Forcel — FORÇA E LUZ CORONEL VIVIDA LTDA,2026,4,5931,10,0.0,,0,0.001686056314280897,,,0.0
hidropan,Grupo Hidropan,hidropan,Hidropan — HIDROPAN DISTRIBUIÇÃO DE ENERGIA S.A.,2023,12,40808,22,229.26,19978.083333333332,239737,0.0005391099784356008,9.176722825429534,0.0009562979431627157,10.42090909090909
hidropan,Grupo Hidropan,hidropan,Hidropan — HIDROPAN DISTRIBUIÇÃO DE ENERGIA S.A.,2024,12,49886,6,0.0,,0,0.00012027422523353245,,,0.0
hidropan,Grupo Hidropan,hidropan,Hidropan — HIDROPAN DISTRIBUIÇÃO DE ENERGIA S.A.,2025,11,39455,9,1377.08,,0,0.00022810797110632365,,,153.0088888888889
hidropan,Grupo Hidropan,hidropan,Hidropan — HIDROPAN DISTRIBUIÇÃO DE ENERGIA S.A.,2026,4,14879,3,2769.66,,0,0.00020162645339068486,,,923.2199999999999
joao,Grupo JOAO,joao_cesa,João Cesa — EMPRESA FORÇA E LUZ JOÃO CESA LTDA.,2023,12,5129,13,72.2,4165.666666666667,49988,0.0025346071358939366,26.00624149795951,0.0014443466431943667,5.553846153846154
joao,Grupo JOAO,joao_cesa,João Cesa — EMPRESA FORÇA E LUZ JOÃO CESA LTDA.,2024,12,4936,8,34.47,3974.0,3974,0.0016207455429497568,201.30850528434826,0.008673880221439355,4.30875
joao,Grupo JOAO,joao_cesa,João Cesa — EMPRESA FORÇA E LUZ JOÃO CESA LTDA.,2025,12,4284,6,77.21,,0,0.0014005602240896359,,,12.868333333333332
joao,Grupo JOAO,joao_cesa,João Cesa — EMPRESA FORÇA E LUZ JOÃO CESA LTDA.,2026,4,2133,1,2.94,,0,0.00046882325363338024,,,2.94
light,Grupo Light,light,Light — LIGHT SERVIÇOS DE ELETRICIDADE S.A.,2023,12,28680716,6378,2863759.5,4621665.833333333,55459990,0.00022237938550767004,11.500182383732849,0.051636495066082776,449.0058795860771
light,Grupo Light,light,Light — LIGHT SERVIÇOS DE ELETRICIDADE S.A.,2024,12,35483051,1823,8396516.80787,4610071.0,4610071,5.1376641766233686e-05,39.54385951973408,1.8213421892786468,4605.878665863961
light,Grupo Light,light,Light — LIGHT SERVIÇOS DE ELETRICIDADE S.A.,2025,12,34368675,2395,4557598.351002,,0,6.968554941381942e-05,,,1902.9638208776619
light,Grupo Light,light,Light — LIGHT SERVIÇOS DE ELETRICIDADE S.A.,2026,4,9988516,714,353777.29000000004,,0,7.148209003219297e-05,,,495.4864005602241
mux,Grupo MUX,mux_energia,"Mux Energia — MUXFELDT, MARIN & CIA LTDA",2023,12,18724,6,0.0,12710.818181818182,139819,0.0003204443494979705,4.291262274798132,0.0,0.0
mux,Grupo MUX,mux_energia,"Mux Energia — MUXFELDT, MARIN & CIA LTDA",2024,12,21989,3,523.98,12845.0,12845,0.00013643185228978127,23.355391202802647,0.040792526274815104,174.66
mux,Grupo MUX,mux_energia,"Mux Energia — MUXFELDT, MARIN & CIA LTDA",2025,12,28523,4,1030.6100000000001,,0,0.0001402377029064264,,,257.65250000000003
mux,Grupo MUX,mux_energia,"Mux Energia — MUXFELDT, MARIN & CIA LTDA",2026,4,7771,0,0.0,,0,0.0,,,
neoenergia,Grupo Neoenergia,neoenergia_brasilia,Neoenergia Brasília — NEOENERGIA DISTRIBUIÇÃO BRASÍLIA S.A.,2023,12,652433,3034,2777969.71,1172916.75,14075001,0.004650285929742978,21.555948734923714,0.19736905951196734,915.6129564930784
neoenergia,Grupo Neoenergia,neoenergia_brasilia,Neoenergia Brasília — NEOENERGIA DISTRIBUIÇÃO BRASÍLIA S.A.,2024,12,542759,4084,6817583.02,,0,0.007524518248430703,,,1669.339622918707
neoenergia,Grupo Neoenergia,neoenergia_brasilia,Neoenergia Brasília — NEOENERGIA DISTRIBUIÇÃO BRASÍLIA S.A.,2025,12,549555,3035,4272767.3,,0,0.0055226501442075865,,,1407.8310708401975
neoenergia,Grupo Neoenergia,neoenergia_brasilia,Neoenergia Brasília — NEOENERGIA DISTRIBUIÇÃO BRASÍLIA S.A.,2026,4,180467,421,881178.2,,0,0.0023328364742584515,,,2093.059857482185
neoenergia,Grupo Neoenergia,neoenergia_coelba,Neoenergia Coelba — COMPANHIA DE ELETRICIDADE DO ESTADO DA BAHIA,2023,12,68708813,35045,19076328.16,6617578.166666667,79410938,0.0005100510177639075,44.131200162879324,0.24022292949114893,544.338084177486
neoenergia,Grupo Neoenergia,neoenergia_coelba,Neoenergia Coelba — COMPANHIA DE ELETRICIDADE DO ESTADO DA BAHIA,2024,12,72185466,28707,41095381.800000004,,0,0.00039768393266312085,,,1431.545678754311
neoenergia,Grupo Neoenergia,neoenergia_coelba,Neoenergia Coelba — COMPANHIA DE ELETRICIDADE DO ESTADO DA BAHIA,2025,12,40075691,23697,35872530.09,,0,0.0005913060862755929,,,1513.800484871503
neoenergia,Grupo Neoenergia,neoenergia_coelba,Neoenergia Coelba — COMPANHIA DE ELETRICIDADE DO ESTADO DA BAHIA,2026,4,1764124,6679,14211564.57,,0,0.0037860150420265244,,,2127.7982587213655
neoenergia,Grupo Neoenergia,neoenergia_cosern,Neoenergia Cosern — COMPANHIA ENERGÉTICA DO RIO GRANDE DO NORTE,2023,12,16441663,6835,1865132.675445803,1576295.75,18915549,0.00041571220624093806,36.134293538083405,0.09860314788885076,272.879689165443
neoenergia,Grupo Neoenergia,neoenergia_cosern,Neoenergia Cosern — COMPANHIA ENERGÉTICA DO RIO GRANDE DO NORTE,2024,12,17666873,3874,3118335.6222180603,,0,0.00021928045783767167,,,804.939499798157
neoenergia,Grupo Neoenergia,neoenergia_cosern,Neoenergia Cosern — COMPANHIA ENERGÉTICA DO RIO GRANDE DO NORTE,2025,12,5513087,1840,1180588.79773975,,0,0.00033375130847744646,,,641.6243465976902
neoenergia,Grupo Neoenergia,neoenergia_cosern,Neoenergia Cosern — COMPANHIA ENERGÉTICA DO RIO GRANDE DO NORTE,2026,4,1063753,478,1008678.1994735,,0,0.0004493524342587048,,,2110.2054382290794
neoenergia,Grupo Neoenergia,neoenergia_elektro,Neoenergia Elektro — ELEKTRO REDES S.A.,2023,12,102192822,2610,1361347.65,2952227.4166666665,35426729,2.553995426410673e-05,7.367318614145834,0.038427133648155885,521.5891379310344
neoenergia,Grupo Neoenergia,neoenergia_elektro,Neoenergia Elektro — ELEKTRO REDES S.A.,2024,12,50085158,1696,350467.92,,0,3.386232703908012e-05,,,206.64382075471698
neoenergia,Grupo Neoenergia,neoenergia_elektro,Neoenergia Elektro — ELEKTRO REDES S.A.,2025,12,44924879,734,502892.99,,0,1.6338385686024888e-05,,,685.1403133514987
neoenergia,Grupo Neoenergia,neoenergia_elektro,Neoenergia Elektro — ELEKTRO REDES S.A.,2026,4,10024809,72,104533.2,,0,7.182181725357561e-06,,,1451.85
neoenergia,Grupo Neoenergia,neoenergia_pernambuco,Neoenergia Pernambuco — COMPANHIA ENERGÉTICA DE PERNAMBUCO,2023,12,36100762,20333,10499861.71,4017691.1666666665,48212294,0.0005632291085711709,42.17389033593797,0.21778390611324158,516.3951069689667
neoenergia,Grupo Neoenergia,neoenergia_pernambuco,Neoenergia Pernambuco — COMPANHIA ENERGÉTICA DE PERNAMBUCO,2024,12,32550577,10914,11363770.79,,0,0.0003352935955636055,,,1041.2104443833607
neoenergia,Grupo Neoenergia,neoenergia_pernambuco,Neoenergia Pernambuco — COMPANHIA ENERGÉTICA DE PERNAMBUCO,2025,12,1481135,8895,6894282.01,,0,0.006005529543221921,,,775.0738628442945
neoenergia,Grupo Neoenergia,neoenergia_pernambuco,Neoenergia Pernambuco — COMPANHIA ENERGÉTICA DE PERNAMBUCO,2026,4,4966039,2151,1367020.21,,0,0.0004331419870041295,,,635.5277591817759
nova,Grupo NOVA,nova_palma,Nova Palma — NOVA PALMA ENERGIA LTDA.,2023,12,52057,36,0.0,17226.416666666668,206717,0.0006915496475017769,17.415113415926122,0.0,0.0
nova,Grupo NOVA,nova_palma,Nova Palma — NOVA PALMA ENERGIA LTDA.,2024,12,55187,32,4248.08,,0,0.000579846703027887,,,132.7525
nova,Grupo NOVA,nova_palma,Nova Palma — NOVA PALMA ENERGIA LTDA.,2025,12,58950,29,634.41,,0,0.0004919423240033927,,,21.87620689655172
nova,Grupo NOVA,nova_palma,Nova Palma — NOVA PALMA ENERGIA LTDA.,2026,3,12078,3,0.0,,0,0.00024838549428713363,,,0.0
rge,Grupo RGE,rge,RGE — RGE SUL DISTRIBUIDORA DE ENERGIA S.A.,2023,12,17154065,2308,1667404.2052,3086845.6666666665,37042148,0.00013454536869249358,6.230740182777738,0.04501370182960232,722.4454961871751
rge,Grupo RGE,rge,RGE — RGE SUL DISTRIBUIDORA DE ENERGIA S.A.,2024,12,14670399,7948,3895370.7329,3103404.0,3103404,0.0005417712224459608,256.1058759993865,1.2551929213534558,490.10703735530956
rge,Grupo RGE,rge,RGE — RGE SUL DISTRIBUIDORA DE ENERGIA S.A.,2025,12,15175540,3921,2667010.1066,,0,0.00025837630819068054,,,680.1862041826065
rge,Grupo RGE,rge,RGE — RGE SUL DISTRIBUIDORA DE ENERGIA S.A.,2026,4,4513230,1522,1315883.5,,0,0.0003372307637767187,,,864.5752299605782
roraima,Grupo Roraima,roraima_energia,Roraima Energia — RORAIMA ENERGIA S.A.,2023,12,130174,1226,431816.62,211380.16666666666,2536562,0.009418163381320387,48.33313753024763,0.17023696641359445,352.2158401305057
roraima,Grupo Roraima,roraima_energia,Roraima Energia — RORAIMA ENERGIA S.A.,2024,12,147013,1514,688494.79,,0,0.010298408984239489,,,454.7521730515192
roraima,Grupo Roraima,roraima_energia,Roraima Energia — RORAIMA ENERGIA S.A.,2025,12,133304,824,374302.9,,0,0.006181359899177819,,,454.25109223300973
roraima,Grupo Roraima,roraima_energia,Roraima Energia — RORAIMA ENERGIA S.A.,2026,4,47644,225,37010.81,,0,0.004722525396692133,,,164.4924888888889
santa,Grupo Santa,santa_maria,Santa Maria — EMPRESA LUZ E FORÇA SANTA MARIA S.A.,2023,12,131125,255,90114.25,137515.5,1650186,0.0019447092469018113,15.452803502150665,0.054608541097791403,353.3892156862745
santa,Grupo Santa,santa_maria,Santa Maria — EMPRESA LUZ E FORÇA SANTA MARIA S.A.,2024,12,156452,384,141437.14,,0,0.002454426916881855,,,368.3258854166667
santa,Grupo Santa,santa_maria,Santa Maria — EMPRESA LUZ E FORÇA SANTA MARIA S.A.,2025,12,177097,57,7844.3099999999995,,0,0.000321857513114282,,,137.6194736842105
santa,Grupo Santa,santa_maria,Santa Maria — EMPRESA LUZ E FORÇA SANTA MARIA S.A.,2026,4,65665,18,6580.719999999999,,0,0.00027411863245260033,,,365.5955555555555
sulgipe,Grupo Sulgipe,sulgipe,Sulgipe — COMPANHIA SUL SERGIPANA DE ELETRICIDADE,2023,12,169074,81,67356.92,167988.16666666666,2015858,0.0004790801660811242,4.0181401666188785,0.0334135241668808,831.5669135802469
sulgipe,Grupo Sulgipe,sulgipe,Sulgipe — COMPANHIA SUL SERGIPANA DE ELETRICIDADE,2024,12,117816,29,5182.74,,0,0.0002461465335777823,,,178.71517241379308
sulgipe,Grupo Sulgipe,sulgipe,Sulgipe — COMPANHIA SUL SERGIPANA DE ELETRICIDADE,2025,12,120002,75,19385.53,,0,0.0006249895835069415,,,258.4737333333333
sulgipe,Grupo Sulgipe,sulgipe,Sulgipe — COMPANHIA SUL SERGIPANA DE ELETRICIDADE,2026,4,36787,10,6119.33,,0,0.00027183515915948567,,,611.933
media_brasil,Média Brasil,media_brasil,Média Brasil,2023,12,513813252,458841,241348541.81961343,91742305.25,1100907663,0.0008930112219059698,41.678427303307814,0.21922687063684598,525.996024373614
media_brasil,Média Brasil,media_brasil,Média Brasil,2024,12,473705166,476354,251696471.7999156,4807719.916666667,57692639,0.0010055917355142375,825.6755250873513,4.362713790920807,528.3811446947346
media_brasil,Média Brasil,media_brasil,Média Brasil,2025,12,398056359,743966,236681672.97280774,0.0,0,0.0018689966462764134,,,318.1350666197215
media_brasil,Média Brasil,media_brasil,Média Brasil,2026,4,122701548,167793,92586437.3242235,0.0,0,0.0013674888600427437,,,551.7896296283129
