group_id,group_label,distributor_id,distributor_label,taxa_fora_prazo_2023,taxa_fora_prazo_2026,delta_taxa_fora_prazo_abs,delta_taxa_fora_prazo_pct,fora_prazo_por_100k_uc_mes_2023,fora_prazo_por_100k_uc_mes_2026,delta_fora_prazo_por_100k_uc_mes_abs,delta_fora_prazo_por_100k_uc_mes_pct,compensacao_rs_por_uc_mes_2023,compensacao_rs_por_uc_mes_2026,delta_compensacao_rs_por_uc_mes_abs,delta_compensacao_rs_por_uc_mes_pct,compensacao_media_por_transgressao_rs_2023,compensacao_media_por_transgressao_rs_2026,delta_compensacao_media_por_transgressao_rs_abs,delta_compensacao_media_por_transgressao_rs_pct
amazonas,Grupo Amazonas,amazonas_energia,Amazonas Energia — AMAZONAS ENERGIA S.A.,0.0055975996192819755,0.0022459566136112945,-0.003351643005670681,-0.5987643335770786,27.937617284767743,,,,0.0963920261782281,,,,345.0259383100052,223.52244575936885,-121.50349255063634,-0.3521575599381913
castro_dis,Grupo Castro DIS,castro_dis,Castro-Dis — COOPERATIVA DE DISTRIBUIÇÃO DE ENERGIA ELÉTRICA DE CASTRO,0.0012787723785166241,0.0010362694300518134,-0.00024250294846481072,-0.189637305699482,39.38417472252059,,,,0.0,,,,0.0,0.0,0.0,
cedrap,Grupo Cedrap,cedrap,Cedrap — COOPERATIVA DE ELETRIFICAÇÃO DA REGIÃO DO ALTO DA PARAÍBA,0.0026714158504007124,0.00038260425966075756,-0.0022888115907399548,-0.8567784721336564,36.01872973946452,,,,0.0,,,,0.0,0.0,0.0,
cedri,Grupo Cedri,cedri,Cedri — COOPERATIVA DE ELETRIFICAÇÃO E DISTRIBUIÇÃO DA REGIÃO DE ITARIRI,0.0003735873727468012,0.001055223355610271,0.0006816359828634697,1.8245691171297924,11.009881368528253,,,,0.0,,,,0.0,0.0,0.0,
cegero,Grupo Cegero,cegero,Cegero — COOPERATIVA DE ELETRICIDADE DE SÃO LUDGERO,0.001333642583787545,0.0,-0.001333642583787545,-1.0,27.859876932021898,,,,0.0,,,,0.0,,,
cejama,Grupo Cejama,cejama,Cejama — COOPERATIVA DE ELETRICIDADE JACINTO MACHADO,0.0017585931254996002,0.0010238907849829352,-0.000734702340516665,-0.4177784672665218,17.87687707209257,,,,0.0,,,,0.0,24.790000000000003,24.790000000000003,
celesc,Grupo Celesc,celesc_dis,Celesc-Dis — CELESC DISTRIBUIÇÃO S.A.,0.007006000329056698,0.0077995404338857795,0.0007935401048290817,0.11326578183816971,,,,,,,,,351.21772894463834,49.73005935980551,-301.4876695848328,-0.8584067509654549
celetro,Grupo Celetro,celetro,Celetro — COOPERATIVA DE ELETRIFICAÇÃO CENTRO JACUÍ LTDA.,0.0016240828282242394,4.0059287745863876e-05,-0.0015840235404783755,-0.9753342089149084,19.48192008238069,,,,0.0025887297092323427,,,,13.287857142857144,8689.25,8675.962142857143,652.9240982637209
cemig,Grupo Cemig,cemig_d,Cemig-D — CEMIG DISTRIBUIÇÃO S.A.,0.001730977169229974,0.0008780013931908349,-0.0008529757760391392,-0.4927712457458846,86.40907784279476,,,,0.6557119022424912,,,,758.8460826250652,616.1704180484373,-142.6756645766278,-0.1880166055322734
cemirim,Grupo Cemirim,cemirim,Cemirim — COOPERATIVA DE ELETRIFICAÇÃO E DESENVOLVIMENTO DA REGIÃO DE MOGI MIRIM,0.0029175784099197666,0.0003734548306382343,-0.002544123579281532,-0.8719983567987452,56.068403452211705,,,,0.0,,,,0.0,25.541,25.541,
ceprag,Grupo Ceprag,ceprag,Ceprag — COOPERATIVA DE ELETRICIDADE PRAIA GRANDE,0.000304140457593143,0.0005943183168905266,0.00029017785929738354,0.9540916114671019,8.962216111620329,,,,0.020955005601385066,,,,233.81499999999997,207.64000000000001,-26.174999999999955,-0.11194747984517661
ceraca,Grupo Ceraca,ceraca,Ceraçá — COOPERATIVA DISTRIBUIDORA DE ENERGIA VALE DO ARAÇÁ,0.003182306376546402,0.0008549038233198765,-0.0023274025532265255,-0.7313571598195203,52.42910601820601,,,,0.002063871758406679,,,,3.9364999999999997,229.97500000000002,226.03850000000003,57.42118633303697
ceral,Grupo Ceral,ceral_anitapolis,Ceral Anitápolis — COOPERATIVA DE DISTRIBUIÇÃO DE ENERGIA ELÉTRICA DE ANITÁPOLIS,0.008008008008008008,0.006688963210702341,-0.001319044797305667,-0.1647157190635452,18.846144785507317,,,,0.0,,,,0.0,0.0,0.0,
ceral,Grupo Ceral,ceral_araruama,Ceral Araruama — COOPERATIVA DE ELETRIFICAÇÃO RURAL DE ARARUAMA,0.0004056415376934598,0.0005271481286241434,0.00012150659093068363,0.29954178662665765,14.480162177816391,,,,0.0,,,,0.0,25.663999999999998,25.663999999999998,
cerbranorte,Grupo Cerbranorte,cerbranorte,Cerbranorte — COOPERATIVA DE ELETRIFICAÇÃO DE BRAÇO DO NORTE,0.00036184437245847406,5.3328593013954316e-05,-0.00030851577944451976,-0.8526200845639118,9.750208933048565,,,,0.005522054044015229,,,,56.6352380952381,262.20666666666665,205.57142857142856,3.6297442278910985
cerci,Grupo Cerci,cerci,Cerci — COOPERATIVA DE ELETRIFICAÇÃO RURAL CACHOEIRAS- ITABORAÍ LTDA,0.0038147273085253003,0.013102390387319442,0.009287663078794143,2.4346859755971844,72.09335857376081,,,,0.0014480532467592874,,,,2.0085806451612904,2.786439024390244,0.7778583792289537,0.38726768631512476
cercos,Grupo Cercos,cercos,Cercos — COOPERATIVA DE ELETRIFICAÇÃO E DESENVOLVIMENTO RURAL CENTRO SUL DE SERGIPE LTDA,0.020070838252656435,0.0005037783375314861,-0.01956705991512495,-0.97489998518299,150.39589507674614,,,,0.3752147564913522,,,,249.48470588235293,1050.4299999999998,800.9452941176469,3.210398374060416
cerej,Grupo Cerej,cerej,Cerej — COOPERATIVA DE PRESTAÇÃO DE SERVIÇOS PÚBLICOS DE DISTRIBUIÇÃO DE ENERGIA ELÉTRICA SENADOR ESTEVES JÚNIOR,0.002617856762796637,0.0008912277723549633,-0.0017266289904416738,-0.6595582367146509,66.28798085732454,,,,0.0,,,,0.0,136.29380952380953,136.29380952380953,
ceres,Grupo Ceres,ceres,Ceres — COOPERATIVA DE ELETRIFICAÇÃO RURAL DE RESENDE LTDA.,0.016036966567001903,0.004912998976458547,-0.011123967590543356,-0.6936453689086273,169.2120169212017,,,,0.008533017853301786,,,,5.042796610169491,0.0,-5.042796610169491,-1.0
cerfox,Grupo Cerfox,cerfox,Cerfox — COOPERATIVA DE DISTRIBUIÇÃO DE ENERGIA FONTOURA XAVIER,0.005019883955929331,0.0004986702127659574,-0.004521213743163373,-0.9006610078751036,79.53271945091437,,,,0.0004558670873981955,,,,0.5731818181818181,129.56333333333333,128.99015151515152,225.0422944752842
cergal,Grupo Cergal,cergal,Cergal — COOPERATIVA DE ELETRIFICAÇÃO RURAL ANITA GARIBALDI LTDA,0.0007422023497040242,0.0001644331168297295,-0.0005777692328742946,-0.7784524437368028,16.809065415962873,,,,0.0010308466849243182,,,,6.132682926829268,1005.4975,999.3648170731707,162.95719654788417
cergapa,Grupo Cergapa,cergapa,Cergapa — COOPERATIVA DE ELETRICIDADE DE GRÃO PARÁ,0.0019723865877712033,0.0,-0.0019723865877712033,-1.0,12.576243476073698,,,,2.0960405793456162e-05,,,,0.16666666666666666,,,
cergral,Grupo Cergral,cergral,Cergral — COOPERATIVA DE ELETRICIDADE DE GRAVATAL,0.0023308351561659555,0.0003732736095558044,-0.0019575615466101513,-0.8398541361587274,79.04080937788804,,,,0.0008644632521037016,,,,1.0936923076923077,38.7625,37.668807692307695,34.441869461246306
ceriluz,Grupo Ceriluz,ceriluz,Ceriluz — COOPERATIVA REGIONAL DE ENERGIA E DESENVOLVIMENTO IJUÍ LTDA,0.00012750223128904755,0.0,-0.00012750223128904755,-1.0,3.3448172057397065,,,,0.0018992429563724341,,,,56.781666666666666,,,
cerim,Grupo Cerim,cerim,Cerim — COOPERATIVA DE ELETRIFICAÇÃO E DESENVOLVIMENTO DA REGIÃO DE ITU-MAIRINQUE,0.0005183666737353031,5.012656958821023e-05,-0.00046824010414709294,-0.903299011823035,11.823570825876423,,,,0.000555170393778652,,,,4.695454545454545,422.985,418.2895454545455,89.08393030009681
ceripa,Grupo Ceripa,ceripa,Ceripa — COOPERATIVA DE ELETRIFICAÇÃO RURAL DE ITAÍ-PARANAPANEMA-AVARÉ,0.0001449380389883325,0.00016582372937567366,2.0885690387341155e-05,0.14410082082746034,4.472221911651256,,,,0.0,,,,0.0,0.0,0.0,
ceris,Grupo Ceris,ceris,Ceris — COOPERATIVA DE ELETRIFICAÇÃO RURAL DA REGIÃO DE ITAPECERICA DA SERRA,0.00013435442697836894,0.0009297383450657458,0.0007953839180873768,5.920042502324345,4.7585624382873934,,,,5.17493665163754e-05,,,,1.0875,64.30142857142857,63.213928571428575,58.12775041050904
cermc,Grupo Cermc,cermc,Cermc — COOPERATIVA DE ELETRIFICAÇÃO E DESENVOLVIMENTO DA REGIÃO DE MOGI DAS CRUZES,0.004669842159335014,0.0005993407252022775,-0.0040705014341327365,-0.8716571771051843,122.71745533084625,,,,0.0,,,,0.0,0.0,0.0,
cermissoes,Grupo Cermissoes,cermissoes,Cermissões — COOPERATIVA DE DISTRIBUIÇÃO E GERAÇÃO DE ENERGIA DAS MISSÕES,0.002467961780555178,0.000814048145133155,-0.001653913635422023,-0.670153666257331,63.95156109280897,,,,0.15417459949601475,,,,241.0802752293578,72.52952380952381,-168.550751419834,-0.6991478305700414
cermoful,Grupo Cermoful,cermoful,Cermoful — COOPERATIVA FUMACENSE DE ELETRICIDADE,0.0013696198036878282,0.0013287642492481992,-4.085555443962899e-05,-0.029829850831319504,30.465100534831766,,,,0.008223151219732359,,,,26.99203703703704,0.0,-26.99203703703704,-1.0
cernhe,Grupo Cernhe,cernhe,Cernhe — COOPERATIVA DE ELETRIFICAÇÃO E DESENVOLVIMENTO RURAL DA REGIÃO DE NOVO HORIZONTE,0.003207184092366902,0.00048340315823396714,-0.002723780934132935,-0.849274895262649,44.63488662738797,,,,0.0,,,,0.0,145.03666666666666,145.03666666666666,
cerpalo,Grupo Cerpalo,cerpalo,Cerpalo — COOPERATIVA DE ELETRIFICAÇÃO DE PAULO LOPES,0.00013375421325771762,0.00015919130815457476,2.5437094896857144e-05,0.19017789628686277,5.015900404281572,,,,0.0,,,,0.0,0.0,0.0,
cerpro,Grupo Cerpro,cerpro,Cerpro — COOPERATIVA DE ELETRIFICAÇÃO RURAL DA REGIÃO DE PROMISSÃO,0.00040412204485754696,0.0015527950310559005,0.0011486729861983536,2.842391304347826,8.175612148959653,,,,0.0,,,,0.0,0.0,0.0,
cerrp,Grupo Cerrp,cerrp,Cerrp — COOPERATIVA DE ELETRIFICAÇÃO E DESENVOLVIMENTO DA REGIÃO DE SÃO JOSÉ DO RIO PRETO,0.0011827321111768185,0.0007883326763894363,-0.00039439943478738223,-0.3334647221127317,25.473650692564878,,,,0.0,,,,0.0,0.0,0.0,
cersad,Grupo Cersad,cersad,Cersad — COOPERATIVA DE DISTRIBUIÇÃO DE ENERGIA ELÉTRICA SALTO DONNER,0.0,0.0017889087656529517,0.0017889087656529517,,0.0,,,,0.0,,,,,0.0,,
cersul,Grupo Cersul,cersul,Cersul — COOPERATIVA DE DISTRIBUIÇÃOI DE ENERGIA,0.0002486634340420241,0.00013160780872998465,-0.00011705562531203945,-0.4707391971923667,8.085381630012938,,,,0.026110437329308612,,,,322.93388888888893,59.73666666666667,-263.19722222222225,-0.8150188979168422
certaja,Grupo Certaja,certaja_energia,Certaja Energia — COOPERATIVA REGIONAL DE ENERGIA TAQUARI JACUÍ,0.0006196115920477278,0.0003940110323089047,-0.00022560055973882317,-0.36409996622762586,11.068768678547144,,,,0.0,,,,0.0,116.11181818181818,116.11181818181818,
certel,Grupo Certel,certel_energia,Certel Energia — COOPERATIVA DE DISTRIBUIÇÃO DE ENERGIA TEUTÔNIA,0.0007965265196476541,0.00012221286765704353,-0.0006743136519906105,-0.8465677354834278,11.56749805223746,,,,0.0,,,,0.0,459.41333333333336,459.41333333333336,
certhil,Grupo Certhil,certhil,Certhil — COOPERATIVA DE DISTRIBUIÇÃO DE ENERGIA ENTRE RIOS LTDA,0.0004183600286875448,0.0038068046633357128,0.003388444634648168,8.099350803847592,13.543581309857794,,,,0.0,,,,0.0,114.21875,114.21875,
certrel,Grupo Certrel,certrel,Certrel — COOPERATIVA DE ENERGIA TREVISO,0.001424024124643994,0.0015319800842589046,0.00010795595961491061,0.07581048505192967,30.365818805372964,,,,0.0,,,,0.0,68.17750000000001,68.17750000000001,
cervam,Grupo Cervam,cervam,Cervam — COOPERATIVA DE ENERGIZAÇÃO E DE DESENVOLVIMENTO DO VALE DO MOGI,0.0017211703958691911,0.00032536196518626975,-0.0013958084306829213,-0.8109646982267773,27.566941723485197,,,,0.0,,,,0.0,0.0,0.0,
cetril,Grupo Cetril,cetril,Cetril — COOPERATIVA DE ELETRIFICAÇÃO DE IBIÚNA E REGIÃO,0.0008983681406950198,3.369669603895338e-05,-0.0008646714446560664,-0.9624912165597457,22.091349027720742,,,,0.0,,,,0.0,598.73,598.73,
chesp,Grupo Chesp,chesp,Chesp — COMPANHIA HIDROELÉTRICA SÃO PATRÍCIO,0.0005131588593211641,0.004275564985373067,0.0037624061260519027,7.331854566496286,5.635390250774867,,,,0.0,,,,0.0,2.442781954887218,2.442781954887218,
cocel,Grupo Cocel,cocel,Cocel — COMPANHIA CAMPOLARGUENSE DE ENERGIA,0.0007240531425850155,0.0005148428086318327,-0.00020921033395318285,-0.28894334082476303,21.042820020336684,,,,0.02300131341091402,,,,109.30718120805368,779.043829787234,669.7366485791804,6.127105659274238
codesam,Grupo Codesam,codesam,Codesam — COOPERATIVA DE DISTRIBUIÇÃO DE ENERGIA ELÉTRICA DE SANTA MARIA,0.0,,,,0.0,,,,0.0,,,,,,,
coopera,Grupo Coopera,coopera,Coopera — COOPERATIVA PIONEIRA DE ELETRIFICAÇÃO,0.0007141881885876928,0.00024878716258241074,-0.0004654010260052821,-0.6516504101329548,20.869010133745803,,,,0.024372364520227594,,,,116.78735294117647,225.685,108.89764705882354,0.9324438333119269
cooperalianca,Grupo Cooperalianca,cooperalianca,Cooperaliança — COOPERATIVA ALIANÇA,0.0002626337790812195,0.00024217559154949642,-2.045818753172306e-05,-0.07789625387599652,6.835347862244956,,,,0.0008225201927568097,,,,12.033333333333333,77.99882352941177,65.96549019607843,5.4818966921948835
coopercocal,Grupo Coopercocal,coopercocal,Coopercocal — COOPERATIVA ENERGÉTICA COCAL,7.763372408974459e-05,0.0,-7.763372408974459e-05,-1.0,2.1292149584448214,,,,0.0,,,,0.0,,,
cooperluz,Grupo Cooperluz,cooperluz,Cooperluz — COOPERATIVA DISTRIBUIDORA DE ENERGIA FRONTEIRA NOROESTE,0.0001012829169480081,0.0002670940170940171,0.00016581110014600903,1.6371082621082622,1.4698245029543473,,,,0.0,,,,0.0,0.0,0.0,
coopermila,Grupo Coopermila,coopermila,Coopermila — COOPERATIVA DE ELETRIFICAÇÃO LAURO MÜLLER,0.002145922746781116,0.0,-0.002145922746781116,-1.0,12.17952621643018,,,,0.026164058218135312,,,,214.82,,,
coopernorte,Grupo Coopernorte,coopernorte,Coopernorte — COOPERATIVA REGIONAL DE DISTRIBUIÇÃO DE ENERGIA DO LITORAL NORTE,0.0009402164271775767,0.0002613012803762738,-0.0006789151468013029,-0.722083902362065,63.310040016723406,,,,0.03944908319894881,,,,62.31094339622641,279.588,217.27705660377362,3.486980693297159
coopersul,Grupo Coopersul,coopersul,Coopersul — COOPERATIVA REGIONAL DE ELETRIFICAÇÃO RURAL FRONTEIRA SUL LTDA,0.005995152855138399,,,,350.9907398187793,,,,1.43466817683959,,,,408.74815602836884,,,
cooperzem,Grupo Cooperzem,cooperzem,Cooperzem — COOPERZEM COOPERATIVA DE DISTRIBUIÇÃO DE ENERGIA ELÉTRICA,0.0,0.00017316017316017316,0.00017316017316017316,,0.0,,,,0.0,,,,,0.0,,
coorsel,Grupo Coorsel,coorsel,Coorsel — COOPERATIVA REGIONAL SUL DE ELETRIFICAÇÃO RURAL,0.0004697776385844034,0.0,-0.0004697776385844034,-1.0,8.033777571478304,,,,0.0,,,,0.0,,,
copel,Grupo Copel,copel_dis,Copel-Dis — COPEL DISTRIBUIÇÃO S.A.,0.00028999042361009455,0.0008139407370601235,0.000523950313450029,1.8067848825053074,17.14359891327181,,,,0.027982808610766578,,,,163.22598745064863,328.12349541389153,164.8975079632429,1.010240529334213
coprel,Grupo Coprel,coprel,Coprel — COPREL COOPERATIVA DE ENERGIA,0.006387951181511296,0.015258652772608858,0.008870701591097561,1.3886614563949884,130.8287950987066,,,,0.5414583687882913,,,,413.8678861788618,13.902926829268292,-399.9649593495935,-0.9664073311953955
cpfl,Grupo CPFL,cpfl_paulista,CPFL Paulista — COMPANHIA PAULISTA DE FORÇA E LUZ,0.0003586723464623378,0.0009584041937544447,0.000599731847292107,1.6720883369108064,21.850382323162844,,,,0.08411336686111642,,,,384.95146500000004,344.9732942628007,-39.97817073719932,-0.10385249667045515
cpfl,Grupo CPFL,cpfl_piratininga,CPFL Piratininga — COMPANHIA PIRATININGA DE FORÇA E LUZ,0.0006592679145582113,0.0004297307179114612,-0.00022953719664675013,-0.3481698283475052,27.396840242640902,,,,0.08167803145864051,,,,298.12938548846034,415.17808997632204,117.0487044878617,0.3926104241488544
cpfl,Grupo CPFL,cpfl_santa_cruz,CPFL Santa Cruz — COMPANHIA JAGUARI DE ENERGIA - CPFL SANTA CRUZ,0.00043322504416878064,0.0002169650712856711,-0.00021625997288310953,-0.4991862215584576,21.095795892596925,,,,0.046681727527566066,,,,221.28450505130232,591.9884662576687,370.70396120636644,1.6752368681233367
creluz_d,Grupo Creluz D,creluz_d,Creluz-D — COOPERATIVA DE DISTRIBUIÇÃO DE ENERGIA,0.0004897538342569918,6.597176408497163e-05,-0.0004237820701720202,-0.8652960743328171,6.266594106103332,,,,0.0022033674697801747,,,,35.160526315789475,203.37,168.20947368421054,4.784043110545618
creral,Grupo Creral,creral,Creral — COOPERATIVA REGIONAL DE ELETRIFICAÇÃO RURAL DO ALTO URUGUAI,0.003242944869937211,0.007647679324894515,0.004404734454957304,1.3582514139509834,49.0948784640615,,,,0.008969007552254708,,,,18.26872340425532,300.76206896551724,282.49334556126195,15.46322308954883
dcelt,Grupo Dcelt,dcelt,Dcelt — DISTRIBUIDORA CATARINENSE DE ENERGIA ELÉTRICA S/A.,0.013652380864527794,0.01856181877045937,0.004909437905931577,0.35960305785839086,332.24306723207854,,,,0.03367469811901037,,,,10.135560810810812,31.64945736434108,21.51389655353027,2.1226153101052954
demei,Grupo Demei,demei,Demei — DEPARTAMENTO MUNICIPAL DE ENERGIA DE IJUÍ,0.002851967472154777,0.00040074806305102857,-0.0024512194091037484,-0.8594836487569589,51.205402861966846,,,,0.007253591297849374,,,,14.165675675675677,362.9,348.7343243243243,24.6182626447637
dmed,Grupo DMED,dmed,Dmed — DME DISTRIBUIÇÃO S.A.,0.001827703656063579,0.002665534058788207,0.0008378304027246281,0.4584060440788893,53.37570169403169,,,,0.07111503469899745,,,,133.2348473967684,282.9502197802198,149.7153723834514,1.1236953042592877
edp,Grupo EDP,edp_es,EDP ES — EDP ESPÍRITO SANTO DISTRIBUIÇÃO DE ENERGIA S.A.,0.01896618357487923,0.00046721364429226696,-0.018498969930586962,-0.9753659642464342,18.370507876226576,,,,0.08173695912693014,,,,444.93576158940397,715.2763550884955,270.34059349909154,0.6075946616054826
edp,Grupo EDP,edp_sp,EDP SP — EDP SÃO PAULO DISTRIBUIÇÃO DE ENERGIA S.A.,0.013580956843368191,0.0008033192821472641,-0.012777637561220927,-0.9408495814093144,14.261348264733863,,,,0.059159554816321215,,,,414.8244171458442,615.3987328221649,200.57431567632068,0.4835161754854045
eflul,Grupo Eflul,eflul,Eflul — EMPRESA FORÇA E LUZ DE URUSSANGA LTDA.,0.027849554981337926,0.009198813056379823,-0.0186507419249581,-0.6696962280889596,107.67488843993517,,,,0.000960082587749484,,,,0.8916494845360826,2.4438709677419355,1.552221483205853,1.7408426855239645
eletrocar,Grupo Eletrocar,eletrocar,Eletrocar — CENTRAIS ELÉTRICAS DE CARAZINHO S.A.,0.0041417524090260355,0.0033000622142876465,-0.000841690194738389,-0.20322078956340095,92.86682395462076,,,,0.0,,,,0.0,37.20934426229508,37.20934426229508,
enel,Grupo ENEL,enel_ce,Enel CE — COMPANHIA ENERGÉTICA DO CEARÁ,0.0033544056516641354,0.001888208266638009,-0.0014661973850261265,-0.43709602751794185,70.42842095939658,,,,0.19384924416568322,,,,275.24292256593577,760.9633115539191,485.7203889879833,1.7646971063229668
enel,Grupo ENEL,enel_go,Enel GO — CELG DISTRIBUIÇÃO S.A.,0.0017511216268419156,0.0022909535930031597,0.0005398319661612441,0.3082778248446463,45.39370492602279,,,,0.5103065426581206,,,,1124.1790981585593,527.8617165452008,-596.3173816133585,-0.5304469568862693
enel,Grupo ENEL,enel_rj,Enel RJ — AMPLA ENERGIA E SERVIÇOS S.A.,0.0015700425351513022,0.0005793020487654126,-0.0009907404863858896,-0.6310277996961489,51.024199831304585,,,,0.1293986185652514,,,,253.60244549266247,854.6885711105207,601.0861256178582,2.370190573084397
enel,Grupo ENEL,enel_sp,Enel SP — ELETROPAULO METROPOLITANA ELETRICIDADE DE SÃO PAULO S.A.,0.000611753225324624,0.0004884197971930074,-0.00012333342813161663,-0.2016065024686553,23.256956611022588,,,,0.11385265225586054,,,,489.5423513921865,1856.1518231759658,1366.6094717837793,2.791606217311623
energisa,Grupo Energisa,energisa_ac,Energisa AC — ENERGISA ACRE - DISTRIBUIDORA DE ENERGIA S.A.,0.017021431298056822,0.007851879779360539,-0.009169551518696284,-0.5387062555510879,134.9496547283396,,,,0.49136016108642255,,,,364.10627509611277,244.28909185803755,-119.81718323807522,-0.3290720084580998
energisa,Grupo Energisa,energisa_ms,Energisa MS — ENERGISA MATO GROSSO DO SUL DISTRIBUIDORA DE ENERGIA S.A.,0.00396607256482751,0.004687894618853168,0.0007218220540256585,0.18199920506423006,45.35635269507958,,,,0.22385580910902,,,,493.54896460469735,1014.6612560532687,521.1122914485713,1.0558471981922817
energisa,Grupo Energisa,energisa_mt,Energisa MT — ENERGISA MATO GROSSO DISTRIBUIDORA DE ENERGIA S.A.,0.010859386960902646,0.007261911275360733,-0.0035974756855419133,-0.33127797162897,110.88061907012657,,,,0.4311771927862887,,,,388.8661484777517,350.8865068493151,-37.97964162843664,-0.09766764676511708
energisa,Grupo Energisa,energisa_minas_rio,Energisa Minas Rio — ENERGISA MINAS RIO - DISTRIBUIDORA DE ENERGIA S.A.,0.005055983321936954,0.005845771144278607,0.0007897878223416532,0.15620854976220233,31.734927517145948,,,,0.06051578064706259,,,,190.69140969162996,349.09555217831814,158.4041424866882,0.8306831584225318
energisa,Grupo Energisa,energisa_pb,Energisa PB — ENERGISA PARAÍBA DISTRIBUIDORA DE ENERGIA S.A.,0.012890846162755943,0.010095735110802705,-0.002795111051953238,-0.216829137254685,74.01705559455229,,,,0.09638748958750014,,,,130.2233502984606,215.7240354295837,85.5006851311231,0.656569539450206
energisa,Grupo Energisa,energisa_ro,Energisa RO — ENERGISA RONDÔNIA DISTRIBUIDORA DE ENERGIA S.A.,0.0096087686740174,0.003946144986299478,-0.005662623687717921,-0.5893183486693716,101.36145351817116,,,,0.2210803841131712,,,,218.11090551650184,1239.7091062499999,1021.5982007334981,4.683847413838763
energisa,Grupo Energisa,energisa_se,Energisa SE — ENERGISA SERGIPE DISTRIBUIDORA DE ENERGIA S.A.,0.0101099005228065,0.004363196807497744,-0.0057467037153087555,-0.5684233689881526,54.14233246300282,,,,0.09884902359846454,,,,182.57252523431868,336.2766508538899,153.70412561957124,0.8418798251396429
energisa,Grupo Energisa,energisa_sul_sudeste,Energisa Sul-Sudeste — ENERGISA SUL-SUDESTE DISTRIBUIDORA DE ENERGIA S.A.,0.0067755301654180596,0.003835354777872814,-0.0029401753875452456,-0.4339402697299972,48.942068138655415,,,,0.09524889268934772,,,,194.61558596073766,334.3487470449173,139.7331610841796,0.7179957370545327
energisa,Grupo Energisa,energisa_to,Energisa TO — ENERGISA TOCANTINS DISTRIBUIDORA DE ENERGIA S.A.,0.004361156494943437,0.005963809856286729,0.001602653361343292,0.367483570745855,42.98015257062458,,,,0.1152259063060699,,,,268.090966212211,355.48002168021674,87.38905546800572,0.32596792313707335
equatorial,Grupo Equatorial,cea_equatorial,CEA Equatorial — COMPANHIA DE ELETRICIDADE DO AMAPA,0.01299441406859029,0.0025778649891306437,-0.010416549079459648,-0.8016174507350984,88.30204340500278,,,,0.2421400038579627,,,,274.21789408357466,732.8127611940299,458.59486711045525,1.6723739661230392
equatorial,Grupo Equatorial,ceee_equatorial,CEEE Equatorial — COMPANHIA ESTADUAL DE DISTRIBUIÇÃO DE ENERGIA ELÉTRICA,0.0009879811756837707,0.0005593908347970455,-0.00042859034088672517,-0.43380415683537954,34.83377410756239,,,,0.1919137774779151,,,,550.9416719684439,653.0204591836734,102.07878721522957,0.18528057035605094
equatorial,Grupo Equatorial,equatorial_al,Equatorial AL — EQUATORIAL ALAGOAS DISTRIBUIDORA DE ENERGIA S.A.,0.01854884396133555,0.012854562165245777,-0.005694281796089775,-0.30698850062889715,52.1322507256502,,,,0.24484698761482762,,,,469.6651002147459,892.970714990138,423.30561477539214,0.9012924626118552
equatorial,Grupo Equatorial,equatorial_ma,Equatorial MA — EQUATORIAL MARANHÃO DISTRIBUIDORA DE ENERGIA S.A.,0.009447203142475945,0.008681955945874996,-0.0007652471966009492,-0.08100251313113938,22.40727266303598,,,,0.21615141340641408,,,,964.6484722033438,2587.159114898296,1622.5106426949524,1.681970883122836
equatorial,Grupo Equatorial,equatorial_pa,Equatorial PA — EQUATORIAL PARÁ DISTRIBUIDORA DE ENERGIA S.A.,0.005341247498834655,0.0036191401505950935,-0.0017221073482395618,-0.32241669172141685,22.000355493549133,,,,0.2583051783560324,,,,1174.095475101626,1117.8795637583894,-56.21591134323671,-0.047880187374345184
equatorial,Grupo Equatorial,equatorial_pi,Equatorial PI — EQUATORIAL PIAUÍ DISTRIBUIDORA DE ENERGIA S.A.,0.028251260721260503,0.030135917577500556,0.001884656856240053,0.06671053992368403,65.66891587706945,,,,0.5219876627954196,,,,794.8778441425276,890.6227182741117,95.74487413158408,0.12045231205918006
forcel,Grupo Forcel,forcel,Forcel — FORÇA E LUZ CORONEL VIVIDA LTDA,0.011518937914877,0.001686056314280897,-0.009832881600596104,-0.8536274501398855,171.38707334785767,,,,0.0,,,,0.0,0.0,0.0,
hidropan,Grupo Hidropan,hidropan,Hidropan — HIDROPAN DISTRIBUIÇÃO DE ENERGIA S.A.,0.0005391099784356008,0.00020162645339068486,-0.000337483525044916,-0.6260012586378605,9.176722825429534,,,,0.0009562979431627157,,,,10.42090909090909,923.2199999999999,912.7990909090909,87.59303847160429
joao,Grupo JOAO,joao_cesa,João Cesa — EMPRESA FORÇA E LUZ JOÃO CESA LTDA.,0.0025346071358939366,0.00046882325363338024,-0.0020657838822605566,-0.8150311947780302,26.00624149795951,,,,0.0014443466431943667,,,,5.553846153846154,2.94,-2.6138461538461537,-0.4706371191135734
light,Grupo Light,light,Light — LIGHT SERVIÇOS DE ELETRICIDADE S.A.,0.00022237938550767004,7.148209003219297e-05,-0.00015089729547547708,-0.6785579298683353,11.500182383732849,,,,0.051636495066082776,,,,449.0058795860771,495.4864005602241,46.480520974147,0.10351873569449865
media_brasil,Média Brasil,media_brasil,Média Brasil,0.0008930112219059698,0.0013674888600427437,0.00047447763813677384,0.5313232650358948,41.678427303307814,,,,0.21922687063684598,,,,525.996024373614,551.7896296283129,25.793605254698946,0.04903764298487889
mux,Grupo MUX,mux_energia,"Mux Energia — MUXFELDT, MARIN & CIA LTDA",0.0003204443494979705,0.0,-0.0003204443494979705,-1.0,4.291262274798132,,,,0.0,,,,0.0,,,
neoenergia,Grupo Neoenergia,neoenergia_brasilia,Neoenergia Brasília — NEOENERGIA DISTRIBUIÇÃO BRASÍLIA S.A.,0.004650285929742978,0.0023328364742584515,-0.002317449455484526,-0.4983455835827738,21.555948734923714,,,,0.19736905951196734,,,,915.6129564930784,2093.059857482185,1177.4469009891068,1.2859657485613658
neoenergia,Grupo Neoenergia,neoenergia_coelba,Neoenergia Coelba — COMPANHIA DE ELETRICIDADE DO ESTADO DA BAHIA,0.0005100510177639075,0.0037860150420265244,0.003275964024262617,6.422816365752251,44.131200162879324,,,,0.24022292949114893,,,,544.338084177486,2127.7982587213655,1583.4601745438795,2.908964521445424
neoenergia,Grupo Neoenergia,neoenergia_cosern,Neoenergia Cosern — COMPANHIA ENERGÉTICA DO RIO GRANDE DO NORTE,0.00041571220624093806,0.0004493524342587048,3.364022801776676e-05,0.08092191548080163,36.134293538083405,,,,0.09860314788885076,,,,272.879689165443,2110.2054382290794,1837.3257490636365,6.733098218789353
neoenergia,Grupo Neoenergia,neoenergia_elektro,Neoenergia Elektro — ELEKTRO REDES S.A.,2.553995426410673e-05,7.182181725357561e-06,-1.835777253874917e-05,-0.7187864296432498,7.367318614145834,,,,0.038427133648155885,,,,521.5891379310344,1451.85,930.2608620689655,1.7835127199139764
neoenergia,Grupo Neoenergia,neoenergia_pernambuco,Neoenergia Pernambuco — COMPANHIA ENERGÉTICA DE PERNAMBUCO,0.0005632291085711709,0.0004331419870041295,-0.0001300871215670414,-0.2309666165817552,42.17389033593797,,,,0.21778390611324158,,,,516.3951069689667,635.5277591817759,119.13265221280915,0.23070058295492046
nova,Grupo NOVA,nova_palma,Nova Palma — NOVA PALMA ENERGIA LTDA.,0.0006915496475017769,0.00024838549428713363,-0.00044316415321464324,-0.6408276756637412,17.415113415926122,,,,0.0,,,,0.0,0.0,0.0,
rge,Grupo RGE,rge,RGE — RGE SUL DISTRIBUIDORA DE ENERGIA S.A.,0.00013454536869249358,0.0003372307637767187,0.0002026853950842251,1.5064464652623388,6.230740182777738,,,,0.04501370182960232,,,,722.4454961871751,864.5752299605782,142.12973377340313,0.19673419589922858
roraima,Grupo Roraima,roraima_energia,Roraima Energia — RORAIMA ENERGIA S.A.,0.009418163381320387,0.004722525396692133,-0.004695637984628254,-0.49857257668107524,48.33313753024763,,,,0.17023696641359445,,,,352.2158401305057,164.4924888888889,-187.7233512416168,-0.5329781624019525
santa,Grupo Santa,santa_maria,Santa Maria — EMPRESA LUZ E FORÇA SANTA MARIA S.A.,0.0019447092469018113,0.00027411863245260033,-0.001670590614449211,-0.859043899292756,15.452803502150665,,,,0.054608541097791403,,,,353.3892156862745,365.5955555555555,12.20633986928101,0.03454078202578015
sulgipe,Grupo Sulgipe,sulgipe,Sulgipe — COMPANHIA SUL SERGIPANA DE ELETRICIDADE,0.0004790801660811242,0.00027183515915948567,-0.00020724500692163855,-0.4325894111144336,4.0181401666188785,,,,0.0334135241668808,,,,831.5669135802469,611.933,-219.63391358024694,-0.2641205536120119
