group_id,group_label,distributor_id,distributor_label,classe_local_servico,qtd_serv_realizado,qtd_fora_prazo,compensacao_rs,exposicao_uc_mes,taxa_fora_prazo,fora_prazo_por_100k_uc_mes,compensacao_rs_por_uc_mes,share_fora_prazo,share_compensacao
amazonas,Grupo Amazonas,amazonas_energia,Amazonas Energia — AMAZONAS ENERGIA S.A.,urbana,857760,4530,988014.7999999999,14976037,0.005281197537772803,30.24832270379674,0.06597304747577747,0.49100368523737264,0.3939421834152099
amazonas,Grupo Amazonas,amazonas_energia,Amazonas Energia — AMAZONAS ENERGIA S.A.,nao_classificado,2691516,3509,1346546.33,14976037,0.0013037262271522814,23.430764761064626,0.08991339497892534,0.3803381747236072,0.5368962097631916
amazonas,Grupo Amazonas,amazonas_energia,Amazonas Energia — AMAZONAS ENERGIA S.A.,rural,60744,1187,173458.68,14976037,0.019541024627946792,7.925995375144973,0.011582415294513494,0.12865814003902015,0.06916160682159843
amazonas,Grupo Amazonas,amazonas_energia,Amazonas Energia — AMAZONAS ENERGIA S.A.,grupo_a,138,0,0.0,14976037,0.0,0.0,0.0,0.0,0.0
castro_dis,Grupo Castro DIS,castro_dis,Castro-Dis — COOPERATIVA DE DISTRIBUIÇÃO DE ENERGIA ELÉTRICA DE CASTRO,nao_classificado,25372,19,0.0,27930,0.0007488570077250512,68.02721088435374,0.0,0.9047619047619048,0.0
castro_dis,Grupo Castro DIS,castro_dis,Castro-Dis — COOPERATIVA DE DISTRIBUIÇÃO DE ENERGIA ELÉTRICA DE CASTRO,urbana,1279,2,90.86,27930,0.001563721657544957,7.160759040458288,0.0032531328320802005,0.09523809523809523,1.0
castro_dis,Grupo Castro DIS,castro_dis,Castro-Dis — COOPERATIVA DE DISTRIBUIÇÃO DE ENERGIA ELÉTRICA DE CASTRO,grupo_a,0,0,0.0,27930,,0.0,0.0,0.0,0.0
castro_dis,Grupo Castro DIS,castro_dis,Castro-Dis — COOPERATIVA DE DISTRIBUIÇÃO DE ENERGIA ELÉTRICA DE CASTRO,rural,446,0,0.0,27930,0.0,0.0,0.0,0.0,0.0
cedrap,Grupo Cedrap,cedrap,Cedrap — COOPERATIVA DE ELETRIFICAÇÃO DA REGIÃO DO ALTO DA PARAÍBA,nao_classificado,42094,53,1206.15,91619,0.0012590868057205302,57.84826291489756,0.013164845719774283,0.7361111111111112,0.3110983294085482
cedrap,Grupo Cedrap,cedrap,Cedrap — COOPERATIVA DE ELETRIFICAÇÃO DA REGIÃO DO ALTO DA PARAÍBA,rural,4497,18,2670.92,91619,0.004002668445630421,19.64657985788974,0.02915246837446381,0.25,0.6889016705914518
cedrap,Grupo Cedrap,cedrap,Cedrap — COOPERATIVA DE ELETRIFICAÇÃO DA REGIÃO DO ALTO DA PARAÍBA,urbana,544,1,0.0,91619,0.001838235294117647,1.0914766587716522,0.0,0.013888888888888888,0.0
cedrap,Grupo Cedrap,cedrap,Cedrap — COOPERATIVA DE ELETRIFICAÇÃO DA REGIÃO DO ALTO DA PARAÍBA,grupo_a,0,0,0.0,91619,,0.0,0.0,0.0,0.0
cedri,Grupo Cedri,cedri,Cedri — COOPERATIVA DE ELETRIFICAÇÃO E DISTRIBUIÇÃO DA REGIÃO DE ITARIRI,nao_classificado,36621,39,5444.67,36331,0.0010649627263045794,107.34634334315048,0.14986292697696182,0.8297872340425532,0.9168905003039646
cedri,Grupo Cedri,cedri,Cedri — COOPERATIVA DE ELETRIFICAÇÃO E DISTRIBUIÇÃO DA REGIÃO DE ITARIRI,urbana,317,5,214.39,36331,0.015772870662460567,13.762351710660317,0.005901021166496931,0.10638297872340426,0.036103593856040304
cedri,Grupo Cedri,cedri,Cedri — COOPERATIVA DE ELETRIFICAÇÃO E DISTRIBUIÇÃO DA REGIÃO DE ITARIRI,rural,487,3,279.13,36331,0.006160164271047228,8.25741102639619,0.007682970465993229,0.06382978723404255,0.04700590583999501
cedri,Grupo Cedri,cedri,Cedri — COOPERATIVA DE ELETRIFICAÇÃO E DISTRIBUIÇÃO DA REGIÃO DE ITARIRI,grupo_a,0,0,0.0,36331,,0.0,0.0,0.0,0.0
cegero,Grupo Cegero,cegero,Cegero — COOPERATIVA DE ELETRICIDADE DE SÃO LUDGERO,nao_classificado,56274,36,0.0,89528,0.0006397270497920887,40.210883745867214,0.0,0.9230769230769231,0.0
cegero,Grupo Cegero,cegero,Cegero — COOPERATIVA DE ELETRICIDADE DE SÃO LUDGERO,urbana,3546,3,823.53,89528,0.0008460236886632825,3.350906978822268,0.009198574747565007,0.07692307692307693,1.0
cegero,Grupo Cegero,cegero,Cegero — COOPERATIVA DE ELETRICIDADE DE SÃO LUDGERO,grupo_a,0,0,0.0,89528,,0.0,0.0,0.0,0.0
cegero,Grupo Cegero,cegero,Cegero — COOPERATIVA DE ELETRICIDADE DE SÃO LUDGERO,rural,675,0,0.0,89528,0.0,0.0,0.0,0.0,0.0
cejama,Grupo Cejama,cejama,Cejama — COOPERATIVA DE ELETRICIDADE JACINTO MACHADO,nao_classificado,19632,15,404.01,61532,0.0007640586797066015,24.377559643762595,0.006565851914451017,0.6,0.4484664824003463
cejama,Grupo Cejama,cejama,Cejama — COOPERATIVA DE ELETRICIDADE JACINTO MACHADO,rural,1101,5,201.52,61532,0.004541326067211626,8.125853214587531,0.003275043879607359,0.2,0.2236948727341348
cejama,Grupo Cejama,cejama,Cejama — COOPERATIVA DE ELETRICIDADE JACINTO MACHADO,urbana,1804,5,295.34000000000003,61532,0.002771618625277162,8.125853214587531,0.004799778976792564,0.2,0.32783864486551895
cejama,Grupo Cejama,cejama,Cejama — COOPERATIVA DE ELETRICIDADE JACINTO MACHADO,grupo_a,0,0,0.0,61532,,0.0,0.0,0.0,0.0
celesc,Grupo Celesc,celesc_dis,Celesc-Dis — CELESC DISTRIBUIÇÃO S.A.,nao_classificado,38222328,548463,25198031.94,0,0.014349282963612264,,,0.9716389829787837,0.9105750700005324
celesc,Grupo Celesc,celesc_dis,Celesc-Dis — CELESC DISTRIBUIÇÃO S.A.,urbana,1006898,14351,2179384.97,0,0.014252684979014756,,,0.025423758840119617,0.07875589753760183
celesc,Grupo Celesc,celesc_dis,Celesc-Dis — CELESC DISTRIBUIÇÃO S.A.,rural,79572,1608,295240.48,0,0.020208113406725983,,,0.002848679828228858,0.01066903246186578
celesc,Grupo Celesc,celesc_dis,Celesc-Dis — CELESC DISTRIBUIÇÃO S.A.,grupo_a,81,50,0.0,0,0.6172839506172839,,,8.857835286781275e-05,0.0
celetro,Grupo Celetro,celetro,Celetro — COOPERATIVA DE ELETRIFICAÇÃO CENTRO JACUÍ LTDA.,nao_classificado,129250,98,9286.82,311496,0.000758220502901354,31.46107815188638,0.02981360916352056,0.7153284671532847,0.7232438586940861
celetro,Grupo Celetro,celetro,Celetro — COOPERATIVA DE ELETRIFICAÇÃO CENTRO JACUÍ LTDA.,rural,8729,32,3041.15,311496,0.003665941115820827,10.273005110820042,0.009763046716490741,0.23357664233576642,0.23684028126608678
celetro,Grupo Celetro,celetro,Celetro — COOPERATIVA DE ELETRIFICAÇÃO CENTRO JACUÍ LTDA.,urbana,2611,7,512.54,311496,0.002680965147453083,2.247219867991884,0.0016454143873436576,0.051094890510948905,0.03991586003982708
celetro,Grupo Celetro,celetro,Celetro — COOPERATIVA DE ELETRIFICAÇÃO CENTRO JACUÍ LTDA.,grupo_a,0,0,0.0,311496,,0.0,0.0,0.0,0.0
cemig,Grupo Cemig,cemig_d,Cemig-D — CEMIG DISTRIBUIÇÃO S.A.,nao_classificado,187028942,150623,94998406.51,134571534,0.0008053459448003508,111.92783163191109,0.7059324040253565,0.6437017884997542,0.5582081300281058
cemig,Grupo Cemig,cemig_d,Cemig-D — CEMIG DISTRIBUIÇÃO S.A.,urbana,5773898,60211,35129272.95,134571534,0.010428137109453613,44.74274626311386,0.26104534819377184,0.2573174640483771,0.20641868093442423
cemig,Grupo Cemig,cemig_d,Cemig-D — CEMIG DISTRIBUIÇÃO S.A.,rural,337673,23160,39578657.54,134571534,0.06858706500075516,17.210177599669777,0.29410868973225796,0.09897647385627897,0.23256314738395698
cemig,Grupo Cemig,cemig_d,Cemig-D — CEMIG DISTRIBUIÇÃO S.A.,grupo_a,1365,1,478225.71,134571534,0.0007326007326007326,0.0007430992055125121,0.00355369145156657,4.273595589649352e-06,0.002810041653513028
cemirim,Grupo Cemirim,cemirim,Cemirim — COOPERATIVA DE ELETRIFICAÇÃO E DESENVOLVIMENTO DA REGIÃO DE MOGI MIRIM,nao_classificado,134801,159,6025.17,216691,0.0011795164724297297,73.37637465330816,0.027805354167916525,0.8412698412698413,0.734809089179525
cemirim,Grupo Cemirim,cemirim,Cemirim — COOPERATIVA DE ELETRIFICAÇÃO E DESENVOLVIMENTO DA REGIÃO DE MOGI MIRIM,urbana,12236,25,1703.71,216691,0.002043151356652501,11.53716582599185,0.00786239391576023,0.13227513227513227,0.2077786341839398
cemirim,Grupo Cemirim,cemirim,Cemirim — COOPERATIVA DE ELETRIFICAÇÃO E DESENVOLVIMENTO DA REGIÃO DE MOGI MIRIM,rural,3377,5,470.76,216691,0.0014806040864672786,2.30743316519837,0.002172494473697569,0.026455026455026454,0.05741227663653527
cemirim,Grupo Cemirim,cemirim,Cemirim — COOPERATIVA DE ELETRIFICAÇÃO E DESENVOLVIMENTO DA REGIÃO DE MOGI MIRIM,grupo_a,0,0,0.0,216691,,0.0,0.0,0.0,0.0
ceprag,Grupo Ceprag,ceprag,Ceprag — COOPERATIVA DE ELETRICIDADE PRAIA GRANDE,nao_classificado,197107,107,10519.55,266538,0.0005428523593784087,40.14436965836016,0.03946735549902828,0.7379310344827587,0.9011015838480054
ceprag,Grupo Ceprag,ceprag,Ceprag — COOPERATIVA DE ELETRICIDADE PRAIA GRANDE,rural,5098,19,112.54,266538,0.00372695174578266,7.128439472045262,0.00042222872535998624,0.1310344827586207,0.009640143565671017
ceprag,Grupo Ceprag,ceprag,Ceprag — COOPERATIVA DE ELETRICIDADE PRAIA GRANDE,urbana,14509,19,1042.01,266538,0.0013095320146116205,7.128439472045262,0.003909423796982044,0.1310344827586207,0.08925827258632359
ceprag,Grupo Ceprag,ceprag,Ceprag — COOPERATIVA DE ELETRICIDADE PRAIA GRANDE,grupo_a,0,0,0.0,266538,,0.0,0.0,0.0,0.0
ceraca,Grupo Ceraca,ceraca,Ceraçá — COOPERATIVA DISTRIBUIDORA DE ENERGIA VALE DO ARAÇÁ,nao_classificado,114290,117,10962.439999999999,165432,0.0010237116108145945,70.72392282025243,0.06626553508390154,0.65,0.49565583821343184
ceraca,Grupo Ceraca,ceraca,Ceraçá — COOPERATIVA DISTRIBUIDORA DE ENERGIA VALE DO ARAÇÁ,rural,2807,52,9860.64,165432,0.018525115781973637,31.43285458677886,0.05960539677934136,0.28888888888888886,0.44583904536954316
ceraca,Grupo Ceraca,ceraca,Ceraçá — COOPERATIVA DISTRIBUIDORA DE ENERGIA VALE DO ARAÇÁ,urbana,1282,11,1293.96,165432,0.00858034321372855,6.649257701049374,0.007821703177136225,0.06111111111111111,0.05850511641702507
ceraca,Grupo Ceraca,ceraca,Ceraçá — COOPERATIVA DISTRIBUIDORA DE ENERGIA VALE DO ARAÇÁ,grupo_a,84,0,0.0,165432,0.0,0.0,0.0,0.0,0.0
ceral,Grupo Ceral,ceral_anitapolis,Ceral Anitápolis — COOPERATIVA DE DISTRIBUIÇÃO DE ENERGIA ELÉTRICA DE ANITÁPOLIS,nao_classificado,3114,37,0.0,42449,0.011881824020552344,87.16341963297133,0.0,0.9024390243902439,
ceral,Grupo Ceral,ceral_anitapolis,Ceral Anitápolis — COOPERATIVA DE DISTRIBUIÇÃO DE ENERGIA ELÉTRICA DE ANITÁPOLIS,rural,541,3,0.0,42449,0.005545286506469501,7.0673042945652425,0.0,0.07317073170731707,
ceral,Grupo Ceral,ceral_anitapolis,Ceral Anitápolis — COOPERATIVA DE DISTRIBUIÇÃO DE ENERGIA ELÉTRICA DE ANITÁPOLIS,urbana,264,1,0.0,42449,0.003787878787878788,2.3557680981884146,0.0,0.024390243902439025,
ceral,Grupo Ceral,ceral_anitapolis,Ceral Anitápolis — COOPERATIVA DE DISTRIBUIÇÃO DE ENERGIA ELÉTRICA DE ANITÁPOLIS,grupo_a,0,0,0.0,42449,,0.0,0.0,0.0,
ceral,Grupo Ceral,ceral_araruama,Ceral Araruama — COOPERATIVA DE ELETRIFICAÇÃO RURAL DE ARARUAMA,nao_classificado,97644,32,3461.3199999999997,97417,0.0003277211093359551,32.84847613866163,0.03553096482133508,0.8,0.8979363123419158
ceral,Grupo Ceral,ceral_araruama,Ceral Araruama — COOPERATIVA DE ELETRIFICAÇÃO RURAL DE ARARUAMA,urbana,1101,5,393.43,97417,0.004541326067211626,5.13257439666588,0.004038617489760514,0.125,0.1020636876580842
ceral,Grupo Ceral,ceral_araruama,Ceral Araruama — COOPERATIVA DE ELETRIFICAÇÃO RURAL DE ARARUAMA,rural,5248,3,0.0,97417,0.0005716463414634146,3.0795446379995277,0.0,0.075,0.0
ceral,Grupo Ceral,ceral_araruama,Ceral Araruama — COOPERATIVA DE ELETRIFICAÇÃO RURAL DE ARARUAMA,grupo_a,0,0,0.0,97417,,0.0,0.0,0.0,0.0
cerbranorte,Grupo Cerbranorte,cerbranorte,Cerbranorte — COOPERATIVA DE ELETRIFICAÇÃO DE BRAÇO DO NORTE,nao_classificado,243585,48,8887.56,215380,0.0001970564689943962,22.28619184696815,0.041264555669050046,0.9230769230769231,0.9353947839265793
cerbranorte,Grupo Cerbranorte,cerbranorte,Cerbranorte — COOPERATIVA DE ELETRIFICAÇÃO DE BRAÇO DO NORTE,rural,1826,2,186.64,215380,0.001095290251916758,0.9285913269570063,0.0008665614263162781,0.038461538461538464,0.01964342096954133
cerbranorte,Grupo Cerbranorte,cerbranorte,Cerbranorte — COOPERATIVA DE ELETRIFICAÇÃO DE BRAÇO DO NORTE,urbana,12414,2,427.2,215380,0.00016110842597067828,0.9285913269570063,0.0019834710743801653,0.038461538461538464,0.04496179510387943
cerbranorte,Grupo Cerbranorte,cerbranorte,Cerbranorte — COOPERATIVA DE ELETRIFICAÇÃO DE BRAÇO DO NORTE,grupo_a,0,0,0.0,215380,,0.0,0.0,0.0,0.0
cerci,Grupo Cerci,cerci,Cerci — COOPERATIVA DE ELETRIFICAÇÃO RURAL CACHOEIRAS- ITABORAÍ LTDA,nao_classificado,145910,1157,960.46,214999,0.007929545610307724,538.1420378699436,0.004467276591984149,0.9888888888888889,0.973090717513323
cerci,Grupo Cerci,cerci,Cerci — COOPERATIVA DE ELETRIFICAÇÃO RURAL CACHOEIRAS- ITABORAÍ LTDA,urbana,9210,9,19.19,214999,0.000977198697068404,4.1860659817022405,8.925622909874e-05,0.007692307692307693,0.019442361856902596
cerci,Grupo Cerci,cerci,Cerci — COOPERATIVA DE ELETRIFICAÇÃO RURAL CACHOEIRAS- ITABORAÍ LTDA,rural,5440,4,7.37,214999,0.0007352941176470588,1.8604737696454403,3.427922920571723e-05,0.003418803418803419,0.007466920629774473
cercos,Grupo Cercos,cercos,Cercos — COOPERATIVA DE ELETRIFICAÇÃO E DESENVOLVIMENTO RURAL CENTRO SUL DE SERGIPE LTDA,nao_classificado,8918,96,37148.1,45214,0.01076474545862301,212.3236165789357,0.8216061396912461,0.8571428571428571,0.8636558293821675
cercos,Grupo Cercos,cercos,Cercos — COOPERATIVA DE ELETRIFICAÇÃO E DESENVOLVIMENTO RURAL CENTRO SUL DE SERGIPE LTDA,rural,4085,16,5864.52,45214,0.003916768665850673,35.387269429822624,0.1297058433228646,0.14285714285714285,0.13634417061783266
cerej,Grupo Cerej,cerej,Cerej — COOPERATIVA DE PRESTAÇÃO DE SERVIÇOS PÚBLICOS DE DISTRIBUIÇÃO DE ENERGIA ELÉTRICA SENADOR ESTEVES JÚNIOR,nao_classificado,189656,245,20171.54,185554,0.0012918125448179863,132.03703504101233,0.10870980954331354,0.9315589353612167,0.8993388112870218
cerej,Grupo Cerej,cerej,Cerej — COOPERATIVA DE PRESTAÇÃO DE SERVIÇOS PÚBLICOS DE DISTRIBUIÇÃO DE ENERGIA ELÉTRICA SENADOR ESTEVES JÚNIOR,rural,4411,18,2257.76,185554,0.004080707322602585,9.70068012546213,0.012167670866701877,0.06844106463878327,0.1006611887129781
cerej,Grupo Cerej,cerej,Cerej — COOPERATIVA DE PRESTAÇÃO DE SERVIÇOS PÚBLICOS DE DISTRIBUIÇÃO DE ENERGIA ELÉTRICA SENADOR ESTEVES JÚNIOR,grupo_a,0,0,0.0,185554,,0.0,0.0,0.0,0.0
cerej,Grupo Cerej,cerej,Cerej — COOPERATIVA DE PRESTAÇÃO DE SERVIÇOS PÚBLICOS DE DISTRIBUIÇÃO DE ENERGIA ELÉTRICA SENADOR ESTEVES JÚNIOR,urbana,1,0,0.0,185554,0.0,0.0,0.0,0.0,0.0
ceres,Grupo Ceres,ceres,Ceres — COOPERATIVA DE ELETRIFICAÇÃO RURAL DE RESENDE LTDA.,nao_classificado,41860,241,580.7,75605,0.0057572861920688004,318.7619866410952,0.007680708947820912,0.8925925925925926,0.6647054783544333
ceres,Grupo Ceres,ceres,Ceres — COOPERATIVA DE ELETRIFICAÇÃO RURAL DE RESENDE LTDA.,urbana,3190,28,208.96,75605,0.00877742946708464,37.034587659546325,0.002763838370478143,0.1037037037037037,0.23918866326320368
ceres,Grupo Ceres,ceres,Ceres — COOPERATIVA DE ELETRIFICAÇÃO RURAL DE RESENDE LTDA.,rural,1063,1,83.96,75605,0.0009407337723424271,1.3226638449837973,0.0011105085642483961,0.003703703703703704,0.09610585838236303
cerfox,Grupo Cerfox,cerfox,Cerfox — COOPERATIVA DE DISTRIBUIÇÃO DE ENERGIA FONTOURA XAVIER,nao_classificado,98055,196,6137.8,193631,0.0019988781806129213,101.22346111934556,0.031698436717261184,0.7286245353159851,0.33477089154607775
cerfox,Grupo Cerfox,cerfox,Cerfox — COOPERATIVA DE DISTRIBUIÇÃO DE ENERGIA FONTOURA XAVIER,rural,5433,56,11559.2,193631,0.010307380820909259,28.920988891241585,0.05969705264136425,0.20817843866171004,0.6304675436735349
cerfox,Grupo Cerfox,cerfox,Cerfox — COOPERATIVA DE DISTRIBUIÇÃO DE ENERGIA FONTOURA XAVIER,urbana,2704,17,637.3299999999999,193631,0.00628698224852071,8.779585913412625,0.003291466758938393,0.06319702602230483,0.03476156478038739
cerfox,Grupo Cerfox,cerfox,Cerfox — COOPERATIVA DE DISTRIBUIÇÃO DE ENERGIA FONTOURA XAVIER,grupo_a,0,0,0.0,193631,,0.0,0.0,0.0,0.0
cergal,Grupo Cergal,cergal,Cergal — COOPERATIVA DE ELETRIFICAÇÃO RURAL ANITA GARIBALDI LTDA,nao_classificado,173039,51,7959.97,264438,0.0002947312455573599,19.28618428516325,0.030101460455759007,0.5795454545454546,0.795085831636944
cergal,Grupo Cergal,cergal,Cergal — COOPERATIVA DE ELETRIFICAÇÃO RURAL ANITA GARIBALDI LTDA,urbana,9403,33,2051.4900000000002,264438,0.0035095182388599384,12.479295713929163,0.007757924352778346,0.375,0.20491416836305595
cergal,Grupo Cergal,cergal,Cergal — COOPERATIVA DE ELETRIFICAÇÃO RURAL ANITA GARIBALDI LTDA,rural,2380,4,0.0,264438,0.0016806722689075631,1.5126419047186863,0.0,0.045454545454545456,0.0
cergal,Grupo Cergal,cergal,Cergal — COOPERATIVA DE ELETRIFICAÇÃO RURAL ANITA GARIBALDI LTDA,grupo_a,0,0,0.0,264438,,0.0,0.0,0.0,0.0
cergapa,Grupo Cergapa,cergapa,Cergapa — COOPERATIVA DE ELETRICIDADE DE GRÃO PARÁ,nao_classificado,8659,6,0.0,51698,0.0006929206605843631,11.605864830360943,0.0,1.0,0.0
cergapa,Grupo Cergapa,cergapa,Cergapa — COOPERATIVA DE ELETRICIDADE DE GRÃO PARÁ,grupo_a,0,0,0.0,51698,,0.0,0.0,0.0,0.0
cergapa,Grupo Cergapa,cergapa,Cergapa — COOPERATIVA DE ELETRICIDADE DE GRÃO PARÁ,rural,774,0,1.0,51698,0.0,0.0,1.9343108050601572e-05,0.0,1.0
cergapa,Grupo Cergapa,cergapa,Cergapa — COOPERATIVA DE ELETRICIDADE DE GRÃO PARÁ,urbana,637,0,0.0,51698,0.0,0.0,0.0,0.0,0.0
cergral,Grupo Cergral,cergral,Cergral — COOPERATIVA DE ELETRICIDADE DE GRAVATAL,urbana,3937,49,3357.02,89126,0.012446024892049785,54.97834526400826,0.03766600094248592,0.494949494949495,0.8359280065339947
cergral,Grupo Cergral,cergral,Cergral — COOPERATIVA DE ELETRICIDADE DE GRAVATAL,nao_classificado,87662,38,658.8999999999999,89126,0.00043348315119436017,42.63626775576151,0.007392904427439803,0.3838383838383838,0.16407199346600526
cergral,Grupo Cergral,cergral,Cergral — COOPERATIVA DE ELETRICIDADE DE GRAVATAL,rural,5145,12,0.0,89126,0.0023323615160349854,13.464084554451004,0.0,0.12121212121212122,0.0
cergral,Grupo Cergral,cergral,Cergral — COOPERATIVA DE ELETRICIDADE DE GRAVATAL,grupo_a,0,0,0.0,89126,,0.0,0.0,0.0,0.0
ceriluz,Grupo Ceriluz,ceriluz,Ceriluz — COOPERATIVA REGIONAL DE ENERGIA E DESENVOLVIMENTO IJUÍ LTDA,nao_classificado,183333,25,4945.43,194410,0.00013636388429797146,12.859420811686643,0.02543814618589579,0.9259259259259259,0.9434440631146399
ceriluz,Grupo Ceriluz,ceriluz,Ceriluz — COOPERATIVA REGIONAL DE ENERGIA E DESENVOLVIMENTO IJUÍ LTDA,urbana,810,2,296.46,194410,0.0024691358024691358,1.0287536649349314,0.0015249215575330486,0.07407407407407407,0.05655593688536004
ceriluz,Grupo Ceriluz,ceriluz,Ceriluz — COOPERATIVA REGIONAL DE ENERGIA E DESENVOLVIMENTO IJUÍ LTDA,grupo_a,0,0,0.0,194410,,0.0,0.0,0.0,0.0
ceriluz,Grupo Ceriluz,ceriluz,Ceriluz — COOPERATIVA REGIONAL DE ENERGIA E DESENVOLVIMENTO IJUÍ LTDA,rural,3530,0,0.0,194410,0.0,0.0,0.0,0.0,0.0
cerim,Grupo Cerim,cerim,Cerim — COOPERATIVA DE ELETRIFICAÇÃO E DESENVOLVIMENTO DA REGIÃO DE ITU-MAIRINQUE,nao_classificado,182040,39,5884.09,201856,0.0002142386288727752,19.320703868103998,0.029149938570069752,0.609375,0.6061366794642922
cerim,Grupo Cerim,cerim,Cerim — COOPERATIVA DE ELETRIFICAÇÃO E DESENVOLVIMENTO DA REGIÃO DE ITU-MAIRINQUE,urbana,9907,22,3275.98,201856,0.0022206520641970323,10.898858592263792,0.0162292921686747,0.34375,0.33746792438447265
cerim,Grupo Cerim,cerim,Cerim — COOPERATIVA DE ELETRIFICAÇÃO E DESENVOLVIMENTO DA REGIÃO DE ITU-MAIRINQUE,rural,5477,3,547.46,201856,0.0005477451159393829,1.4862079898541534,0.0027121314204185164,0.046875,0.05639539615123518
cerim,Grupo Cerim,cerim,Cerim — COOPERATIVA DE ELETRIFICAÇÃO E DESENVOLVIMENTO DA REGIÃO DE ITU-MAIRINQUE,grupo_a,0,0,0.0,201856,,0.0,0.0,0.0,0.0
ceripa,Grupo Ceripa,ceripa,Ceripa — COOPERATIVA DE ELETRIFICAÇÃO RURAL DE ITAÍ-PARANAPANEMA-AVARÉ,nao_classificado,91673,9,0.0,89441,9.81750351793876e-05,10.062499301215325,0.0,0.8181818181818182,
ceripa,Grupo Ceripa,ceripa,Ceripa — COOPERATIVA DE ELETRIFICAÇÃO RURAL DE ITAÍ-PARANAPANEMA-AVARÉ,urbana,3756,2,0.0,89441,0.0005324813631522897,2.236110955825628,0.0,0.18181818181818182,
ceripa,Grupo Ceripa,ceripa,Ceripa — COOPERATIVA DE ELETRIFICAÇÃO RURAL DE ITAÍ-PARANAPANEMA-AVARÉ,grupo_a,0,0,0.0,89441,,0.0,0.0,0.0,
ceripa,Grupo Ceripa,ceripa,Ceripa — COOPERATIVA DE ELETRIFICAÇÃO RURAL DE ITAÍ-PARANAPANEMA-AVARÉ,rural,968,0,0.0,89441,0.0,0.0,0.0,0.0,
ceris,Grupo Ceris,ceris,Ceris — COOPERATIVA DE ELETRIFICAÇÃO RURAL DA REGIÃO DE ITAPECERICA DA SERRA,nao_classificado,77958,17,1007.25,91144,0.0002180661381769671,18.651803739138067,0.011051193715439304,0.5862068965517241,0.8021422314247033
ceris,Grupo Ceris,ceris,Ceris — COOPERATIVA DE ELETRIFICAÇÃO RURAL DA REGIÃO DE ITAPECERICA DA SERRA,urbana,825,9,71.44,91144,0.01090909090909091,9.87448433248486,0.0007838146230141315,0.3103448275862069,0.05689256988134108
ceris,Grupo Ceris,ceris,Ceris — COOPERATIVA DE ELETRIFICAÇÃO RURAL DA REGIÃO DE ITAPECERICA DA SERRA,rural,2643,3,177.01,91144,0.0011350737797956867,3.291494777494953,0.0019420916352146053,0.10344827586206896,0.14096519869395555
ceris,Grupo Ceris,ceris,Ceris — COOPERATIVA DE ELETRIFICAÇÃO RURAL DA REGIÃO DE ITAPECERICA DA SERRA,grupo_a,0,0,0.0,91144,,0.0,0.0,0.0,0.0
cermc,Grupo Cermc,cermc,Cermc — COOPERATIVA DE ELETRIFICAÇÃO E DESENVOLVIMENTO DA REGIÃO DE MOGI DAS CRUZES,nao_classificado,37226,87,0.0,40744,0.0023370762370386287,213.52837227567252,0.0,0.8787878787878788,
cermc,Grupo Cermc,cermc,Cermc — COOPERATIVA DE ELETRIFICAÇÃO E DESENVOLVIMENTO DA REGIÃO DE MOGI DAS CRUZES,rural,1188,8,0.0,40744,0.006734006734006734,19.6347928529354,0.0,0.08080808080808081,
cermc,Grupo Cermc,cermc,Cermc — COOPERATIVA DE ELETRIFICAÇÃO E DESENVOLVIMENTO DA REGIÃO DE MOGI DAS CRUZES,urbana,869,4,0.0,40744,0.004602991944764097,9.8173964264677,0.0,0.04040404040404041,
cermc,Grupo Cermc,cermc,Cermc — COOPERATIVA DE ELETRIFICAÇÃO E DESENVOLVIMENTO DA REGIÃO DE MOGI DAS CRUZES,grupo_a,0,0,0.0,40744,,0.0,0.0,0.0,
cermissoes,Grupo Cermissoes,cermissoes,Cermissões — COOPERATIVA DE DISTRIBUIÇÃO E GERAÇÃO DE ENERGIA DAS MISSÕES,nao_classificado,215323,359,61288.41,340883,0.001667262670499668,105.31472675375421,0.17979309616495984,0.6433691756272402,0.6911518650814907
cermissoes,Grupo Cermissoes,cermissoes,Cermissões — COOPERATIVA DE DISTRIBUIÇÃO E GERAÇÃO DE ENERGIA DAS MISSÕES,urbana,29724,114,19592.579999999998,340883,0.003835284618490109,33.44255947055148,0.05747596682732785,0.20430107526881722,0.22094631283073443
cermissoes,Grupo Cermissoes,cermissoes,Cermissões — COOPERATIVA DE DISTRIBUIÇÃO E GERAÇÃO DE ENERGIA DAS MISSÕES,rural,29870,85,7794.76,340883,0.002845664546367593,24.93524171049891,0.022866379373568058,0.15232974910394265,0.08790182208777485
cermissoes,Grupo Cermissoes,cermissoes,Cermissões — COOPERATIVA DE DISTRIBUIÇÃO E GERAÇÃO DE ENERGIA DAS MISSÕES,grupo_a,0,0,0.0,340883,,0.0,0.0,0.0,0.0
cermoful,Grupo Cermoful,cermoful,Cermoful — COOPERATIVA FUMACENSE DE ELETRICIDADE,nao_classificado,121413,169,20371.18,177252,0.001391943202128273,95.34448130345497,0.11492778642836188,0.8941798941798942,0.4701016948526731
cermoful,Grupo Cermoful,cermoful,Cermoful — COOPERATIVA FUMACENSE DE ELETRICIDADE,urbana,9885,20,22962.38,177252,0.0020232675771370764,11.28337056845621,0.12954652133685374,0.10582010582010581,0.5298983051473269
cermoful,Grupo Cermoful,cermoful,Cermoful — COOPERATIVA FUMACENSE DE ELETRICIDADE,grupo_a,0,0,0.0,177252,,0.0,0.0,0.0,0.0
cermoful,Grupo Cermoful,cermoful,Cermoful — COOPERATIVA FUMACENSE DE ELETRICIDADE,rural,694,0,0.0,177252,0.0,0.0,0.0,0.0,0.0
cernhe,Grupo Cernhe,cernhe,Cernhe — COOPERATIVA DE ELETRIFICAÇÃO E DESENVOLVIMENTO RURAL DA REGIÃO DE NOVO HORIZONTE,nao_classificado,34771,52,729.56,56010,0.0014954991228322452,92.84056418496698,0.013025531155150864,0.9629629629629629,0.8485130435793954
cernhe,Grupo Cernhe,cernhe,Cernhe — COOPERATIVA DE ELETRIFICAÇÃO E DESENVOLVIMENTO RURAL DA REGIÃO DE NOVO HORIZONTE,rural,1102,2,130.25,56010,0.0018148820326678765,3.5707909301910377,0.002325477593286913,0.037037037037037035,0.15148695642060456
cernhe,Grupo Cernhe,cernhe,Cernhe — COOPERATIVA DE ELETRIFICAÇÃO E DESENVOLVIMENTO RURAL DA REGIÃO DE NOVO HORIZONTE,grupo_a,0,0,0.0,56010,,0.0,0.0,0.0,0.0
cernhe,Grupo Cernhe,cernhe,Cernhe — COOPERATIVA DE ELETRIFICAÇÃO E DESENVOLVIMENTO RURAL DA REGIÃO DE NOVO HORIZONTE,urbana,0,0,0.0,56010,,0.0,0.0,0.0,0.0
cerpalo,Grupo Cerpalo,cerpalo,Cerpalo — COOPERATIVA DE ELETRIFICAÇÃO DE PAULO LOPES,nao_classificado,278601,22,0.0,216297,7.89659764322454e-05,10.17119978548015,0.0,0.7096774193548387,
cerpalo,Grupo Cerpalo,cerpalo,Cerpalo — COOPERATIVA DE ELETRIFICAÇÃO DE PAULO LOPES,urbana,15286,6,0.0,216297,0.0003925160277377993,2.773963577858223,0.0,0.1935483870967742,
cerpalo,Grupo Cerpalo,cerpalo,Cerpalo — COOPERATIVA DE ELETRIFICAÇÃO DE PAULO LOPES,rural,1122,3,0.0,216297,0.00267379679144385,1.3869817889291114,0.0,0.0967741935483871,
cerpalo,Grupo Cerpalo,cerpalo,Cerpalo — COOPERATIVA DE ELETRIFICAÇÃO DE PAULO LOPES,grupo_a,0,0,0.0,216297,,0.0,0.0,0.0,
cerpro,Grupo Cerpro,cerpro,Cerpro — COOPERATIVA DE ELETRIFICAÇÃO RURAL DA REGIÃO DE PROMISSÃO,nao_classificado,12848,7,597.1600000000001,26515,0.0005448318804483188,26.400150858004903,0.022521591551951728,0.875,0.8392854633104243
cerpro,Grupo Cerpro,cerpro,Cerpro — COOPERATIVA DE ELETRIFICAÇÃO RURAL DA REGIÃO DE PROMISSÃO,rural,538,1,114.35,26515,0.0018587360594795538,3.771450122572129,0.00431265321516123,0.125,0.16071453668957567
cerpro,Grupo Cerpro,cerpro,Cerpro — COOPERATIVA DE ELETRIFICAÇÃO RURAL DA REGIÃO DE PROMISSÃO,grupo_a,0,0,0.0,26515,,0.0,0.0,0.0,0.0
cerpro,Grupo Cerpro,cerpro,Cerpro — COOPERATIVA DE ELETRIFICAÇÃO RURAL DA REGIÃO DE PROMISSÃO,urbana,349,0,0.0,26515,0.0,0.0,0.0,0.0,0.0
cerrp,Grupo Cerrp,cerrp,Cerrp — COOPERATIVA DE ELETRIFICAÇÃO E DESENVOLVIMENTO DA REGIÃO DE SÃO JOSÉ DO RIO PRETO,nao_classificado,43522,24,0.0,66314,0.0005514452460824411,36.19145278523389,0.0,0.96,
cerrp,Grupo Cerrp,cerrp,Cerrp — COOPERATIVA DE ELETRIFICAÇÃO E DESENVOLVIMENTO DA REGIÃO DE SÃO JOSÉ DO RIO PRETO,urbana,208,1,0.0,66314,0.004807692307692308,1.5079771993847453,0.0,0.04,
cerrp,Grupo Cerrp,cerrp,Cerrp — COOPERATIVA DE ELETRIFICAÇÃO E DESENVOLVIMENTO DA REGIÃO DE SÃO JOSÉ DO RIO PRETO,grupo_a,0,0,0.0,66314,,0.0,0.0,0.0,
cerrp,Grupo Cerrp,cerrp,Cerrp — COOPERATIVA DE ELETRIFICAÇÃO E DESENVOLVIMENTO DA REGIÃO DE SÃO JOSÉ DO RIO PRETO,rural,2091,0,0.0,66314,0.0,0.0,0.0,0.0,
cersad,Grupo Cersad,cersad,Cersad — COOPERATIVA DE DISTRIBUIÇÃO DE ENERGIA ELÉTRICA SALTO DONNER,nao_classificado,4897,17,1366.59,17925,0.0034715131713293854,94.83960948396094,0.07623933054393305,0.8947368421052632,0.868928550990952
cersad,Grupo Cersad,cersad,Cersad — COOPERATIVA DE DISTRIBUIÇÃO DE ENERGIA ELÉTRICA SALTO DONNER,rural,622,2,206.14,17925,0.003215434083601286,11.157601115760112,0.011500139470013946,0.10526315789473684,0.13107144900904796
cersad,Grupo Cersad,cersad,Cersad — COOPERATIVA DE DISTRIBUIÇÃO DE ENERGIA ELÉTRICA SALTO DONNER,grupo_a,0,0,0.0,17925,,0.0,0.0,0.0,0.0
cersad,Grupo Cersad,cersad,Cersad — COOPERATIVA DE DISTRIBUIÇÃO DE ENERGIA ELÉTRICA SALTO DONNER,urbana,0,0,0.0,17925,,0.0,0.0,0.0,0.0
cersul,Grupo Cersul,cersul,Cersul — COOPERATIVA DE DISTRIBUIÇÃOI DE ENERGIA,nao_classificado,218694,42,7816.93,241262,0.00019204916458613405,17.408460511808737,0.03240017076870788,0.9545454545454546,1.0
cersul,Grupo Cersul,cersul,Cersul — COOPERATIVA DE DISTRIBUIÇÃOI DE ENERGIA,rural,3851,1,0.0,241262,0.00025967281225655674,0.4144871550430652,0.0,0.022727272727272728,0.0
cersul,Grupo Cersul,cersul,Cersul — COOPERATIVA DE DISTRIBUIÇÃOI DE ENERGIA,urbana,4025,1,0.0,241262,0.0002484472049689441,0.4144871550430652,0.0,0.022727272727272728,0.0
cersul,Grupo Cersul,cersul,Cersul — COOPERATIVA DE DISTRIBUIÇÃOI DE ENERGIA,grupo_a,0,0,0.0,241262,,0.0,0.0,0.0,0.0
certaja,Grupo Certaja,certaja_energia,Certaja Energia — COOPERATIVA REGIONAL DE ENERGIA TAQUARI JACUÍ,nao_classificado,189896,104,3044.7799999999997,316205,0.0005476681973290643,32.89005550196866,0.009629132999161936,0.5279187817258884,0.2317214149650338
certaja,Grupo Certaja,certaja_energia,Certaja Energia — COOPERATIVA REGIONAL DE ENERGIA TAQUARI JACUÍ,rural,18247,82,9050.85,316205,0.004493889406477777,25.932543761167597,0.02862336142692241,0.41624365482233505,0.6888102814115555
certaja,Grupo Certaja,certaja_energia,Certaja Energia — COOPERATIVA REGIONAL DE ENERGIA TAQUARI JACUÍ,urbana,4974,11,1044.2,316205,0.0022114997989545635,3.4787558704005312,0.003302288072611123,0.05583756345177665,0.07946830362341066
certaja,Grupo Certaja,certaja_energia,Certaja Energia — COOPERATIVA REGIONAL DE ENERGIA TAQUARI JACUÍ,grupo_a,0,0,0.0,316205,,0.0,0.0,0.0,0.0
certel,Grupo Certel,certel_energia,Certel Energia — COOPERATIVA DE DISTRIBUIÇÃO DE ENERGIA TEUTÔNIA,nao_classificado,461030,160,10297.650000000001,955970,0.00034704899898054355,16.736926891011226,0.01077193844995136,0.4678362573099415,0.060749377117790666
certel,Grupo Certel,certel_energia,Certel Energia — COOPERATIVA DE DISTRIBUIÇÃO DE ENERGIA TEUTÔNIA,rural,7200,113,89538.37,955970,0.015694444444444445,11.820454616776678,0.09366232203939454,0.3304093567251462,0.5282176230151805
certel,Grupo Certel,certel_energia,Certel Energia — COOPERATIVA DE DISTRIBUIÇÃO DE ENERGIA TEUTÔNIA,urbana,34134,69,69674.36,955970,0.0020214448936544207,7.21779972174859,0.0728834168436248,0.20175438596491227,0.4110329998670288
certel,Grupo Certel,certel_energia,Certel Energia — COOPERATIVA DE DISTRIBUIÇÃO DE ENERGIA TEUTÔNIA,grupo_a,0,0,0.0,955970,,0.0,0.0,0.0,0.0
certhil,Grupo Certhil,certhil,Certhil — COOPERATIVA DE DISTRIBUIÇÃO DE ENERGIA ENTRE RIOS LTDA,nao_classificado,72375,44,3490.71,51685,0.0006079447322970639,85.13108251910612,0.06753816387733386,0.6470588235294118,0.6782779519006379
certhil,Grupo Certhil,certhil,Certhil — COOPERATIVA DE DISTRIBUIÇÃO DE ENERGIA ENTRE RIOS LTDA,rural,3472,24,1655.72,51685,0.0069124423963133645,46.43513591951243,0.03203482635193963,0.35294117647058826,0.32172204809936206
certhil,Grupo Certhil,certhil,Certhil — COOPERATIVA DE DISTRIBUIÇÃO DE ENERGIA ENTRE RIOS LTDA,grupo_a,0,0,0.0,51685,,0.0,0.0,0.0,0.0
certhil,Grupo Certhil,certhil,Certhil — COOPERATIVA DE DISTRIBUIÇÃO DE ENERGIA ENTRE RIOS LTDA,urbana,0,0,0.0,51685,,0.0,0.0,0.0,0.0
certrel,Grupo Certrel,certrel,Certrel — COOPERATIVA DE ENERGIA TREVISO,nao_classificado,36994,73,4890.820000000001,60693,0.001973292966426988,120.27746198078856,0.08058293378149047,1.0,1.0
certrel,Grupo Certrel,certrel,Certrel — COOPERATIVA DE ENERGIA TREVISO,grupo_a,0,0,0.0,60693,,0.0,0.0,0.0,0.0
certrel,Grupo Certrel,certrel,Certrel — COOPERATIVA DE ENERGIA TREVISO,rural,1133,0,0.0,60693,0.0,0.0,0.0,0.0,0.0
certrel,Grupo Certrel,certrel,Certrel — COOPERATIVA DE ENERGIA TREVISO,urbana,843,0,0.0,60693,0.0,0.0,0.0,0.0,0.0
cervam,Grupo Cervam,cervam,Cervam — COOPERATIVA DE ENERGIZAÇÃO E DE DESENVOLVIMENTO DO VALE DO MOGI,nao_classificado,32868,37,0.0,59025,0.0011257149811366679,62.6853028377806,0.0,0.925,0.0
cervam,Grupo Cervam,cervam,Cervam — COOPERATIVA DE ENERGIZAÇÃO E DE DESENVOLVIMENTO DO VALE DO MOGI,urbana,2621,2,250.14,59025,0.0007630675314765357,3.3883947479881407,0.004237865311308767,0.05,1.0
cervam,Grupo Cervam,cervam,Cervam — COOPERATIVA DE ENERGIZAÇÃO E DE DESENVOLVIMENTO DO VALE DO MOGI,rural,640,1,0.0,59025,0.0015625,1.6941973739940703,0.0,0.025,0.0
cervam,Grupo Cervam,cervam,Cervam — COOPERATIVA DE ENERGIZAÇÃO E DE DESENVOLVIMENTO DO VALE DO MOGI,grupo_a,0,0,0.0,59025,,0.0,0.0,0.0,0.0
cetril,Grupo Cetril,cetril,Cetril — COOPERATIVA DE ELETRIFICAÇÃO DE IBIÚNA E REGIÃO,nao_classificado,325613,126,4662.9800000000005,417343,0.0003869624370034366,30.190993978573978,0.01117301596049293,0.875,0.8259976936444139
cetril,Grupo Cetril,cetril,Cetril — COOPERATIVA DE ELETRIFICAÇÃO DE IBIÚNA E REGIÃO,rural,29570,18,982.2900000000001,417343,0.0006087250591816029,4.312999139796283,0.0023536755139058284,0.125,0.1740023063555862
cetril,Grupo Cetril,cetril,Cetril — COOPERATIVA DE ELETRIFICAÇÃO DE IBIÚNA E REGIÃO,grupo_a,0,0,0.0,417343,,0.0,0.0,0.0,0.0
cetril,Grupo Cetril,cetril,Cetril — COOPERATIVA DE ELETRIFICAÇÃO DE IBIÚNA E REGIÃO,urbana,0,0,0.0,417343,,0.0,0.0,0.0,0.0
chesp,Grupo Chesp,chesp,Chesp — COMPANHIA HIDROELÉTRICA SÃO PATRÍCIO,nao_classificado,132260,455,324.89,264959,0.0034401935581430516,171.72468193192154,0.0012261897123705932,0.869980879541109,0.5118715633911549
chesp,Grupo Chesp,chesp,Chesp — COMPANHIA HIDROELÉTRICA SÃO PATRÍCIO,rural,1625,53,202.5,264959,0.032615384615384616,20.003094818443607,0.0007642691888178926,0.10133843212237094,0.31904334262891715
chesp,Grupo Chesp,chesp,Chesp — COMPANHIA HIDROELÉTRICA SÃO PATRÍCIO,urbana,17448,15,107.32,264959,0.0008596973865199449,5.661253250502908,0.0004050437992293147,0.028680688336520075,0.16908509397992783
chesp,Grupo Chesp,chesp,Chesp — COMPANHIA HIDROELÉTRICA SÃO PATRÍCIO,grupo_a,0,0,0.0,264959,,0.0,0.0,0.0,0.0
cocel,Grupo Cocel,cocel,Cocel — COMPANHIA CAMPOLARGUENSE DE ENERGIA,nao_classificado,655915,201,58292.53,767765,0.00030644214570485506,26.17988577233919,0.07592496401893808,0.5075757575757576,0.6013591219815744
cocel,Grupo Cocel,cocel,Cocel — COMPANHIA CAMPOLARGUENSE DE ENERGIA,urbana,52477,146,38000.93,767765,0.0027821712369228424,19.016235436624488,0.04949552271854018,0.3686868686868687,0.39202631793959314
cocel,Grupo Cocel,cocel,Cocel — COMPANHIA CAMPOLARGUENSE DE ENERGIA,rural,2543,49,641.1800000000001,767765,0.019268580416830515,6.3821612081821915,0.0008351253313188281,0.12373737373737374,0.006614560078832501
cocel,Grupo Cocel,cocel,Cocel — COMPANHIA CAMPOLARGUENSE DE ENERGIA,grupo_a,0,0,0.0,767765,,0.0,0.0,0.0,0.0
codesam,Grupo Codesam,codesam,Codesam — COOPERATIVA DE DISTRIBUIÇÃO DE ENERGIA ELÉTRICA DE SANTA MARIA,grupo_a,0,0,0.0,4485,,0.0,0.0,,
codesam,Grupo Codesam,codesam,Codesam — COOPERATIVA DE DISTRIBUIÇÃO DE ENERGIA ELÉTRICA DE SANTA MARIA,nao_classificado,540,0,0.0,4485,0.0,0.0,0.0,,
codesam,Grupo Codesam,codesam,Codesam — COOPERATIVA DE DISTRIBUIÇÃO DE ENERGIA ELÉTRICA DE SANTA MARIA,rural,0,0,0.0,4485,,0.0,0.0,,
codesam,Grupo Codesam,codesam,Codesam — COOPERATIVA DE DISTRIBUIÇÃO DE ENERGIA ELÉTRICA DE SANTA MARIA,urbana,0,0,0.0,4485,,0.0,0.0,,
coopera,Grupo Coopera,coopera,Coopera — COOPERATIVA PIONEIRA DE ELETRIFICAÇÃO,nao_classificado,305745,250,45875.14,325842,0.0008176748597687615,76.72430196230074,0.14078952375691287,0.8169934640522876,0.9274510105192335
coopera,Grupo Coopera,coopera,Coopera — COOPERATIVA PIONEIRA DE ELETRIFICAÇÃO,urbana,19955,56,3588.54,325842,0.0028063142069656728,17.186243639555368,0.011013129062551788,0.1830065359477124,0.07254898948076649
coopera,Grupo Coopera,coopera,Coopera — COOPERATIVA PIONEIRA DE ELETRIFICAÇÃO,grupo_a,0,0,0.0,325842,,0.0,0.0,0.0,0.0
coopera,Grupo Coopera,coopera,Coopera — COOPERATIVA PIONEIRA DE ELETRIFICAÇÃO,rural,1393,0,0.0,325842,0.0,0.0,0.0,0.0,0.0
cooperalianca,Grupo Cooperalianca,cooperalianca,Cooperaliança — COOPERATIVA ALIANÇA,nao_classificado,492407,67,11405.38,571161,0.00013606630287546685,11.730492803255125,0.019968765374386556,0.5153846153846153,0.6360800703596563
cooperalianca,Grupo Cooperalianca,cooperalianca,Cooperaliança — COOPERATIVA ALIANÇA,urbana,30304,63,6525.35,571161,0.002078933474128828,11.03016487470258,0.01142471212145087,0.4846153846153846,0.36391992964034375
cooperalianca,Grupo Cooperalianca,cooperalianca,Cooperaliança — COOPERATIVA ALIANÇA,grupo_a,0,0,0.0,571161,,0.0,0.0,0.0,0.0
cooperalianca,Grupo Cooperalianca,cooperalianca,Cooperaliança — COOPERATIVA ALIANÇA,rural,1228,0,0.0,571161,0.0,0.0,0.0,0.0,0.0
coopercocal,Grupo Coopercocal,coopercocal,Coopercocal — COOPERATIVA ENERGÉTICA COCAL,nao_classificado,108496,5,1234.07,152790,4.608464828196431e-05,3.2724654754892333,0.008076902938673997,0.8333333333333334,1.0
coopercocal,Grupo Coopercocal,coopercocal,Coopercocal — COOPERATIVA ENERGÉTICA COCAL,urbana,5612,1,0.0,152790,0.0001781895937277263,0.6544930950978467,0.0,0.16666666666666666,0.0
coopercocal,Grupo Coopercocal,coopercocal,Coopercocal — COOPERATIVA ENERGÉTICA COCAL,grupo_a,0,0,0.0,152790,,0.0,0.0,0.0,0.0
coopercocal,Grupo Coopercocal,coopercocal,Coopercocal — COOPERATIVA ENERGÉTICA COCAL,rural,1365,0,0.0,152790,0.0,0.0,0.0,0.0,0.0
cooperluz,Grupo Cooperluz,cooperluz,Cooperluz — COOPERATIVA DISTRIBUIDORA DE ENERGIA FRONTEIRA NOROESTE,nao_classificado,117188,11,857.79,221251,9.386626617059767e-05,4.971728941338118,0.0038769994259912947,0.6875,0.726036209129305
cooperluz,Grupo Cooperluz,cooperluz,Cooperluz — COOPERATIVA DISTRIBUIDORA DE ENERGIA FRONTEIRA NOROESTE,rural,2559,3,323.68,221251,0.0011723329425556857,1.3559260749103959,0.0014629538397566565,0.1875,0.273963790870695
cooperluz,Grupo Cooperluz,cooperluz,Cooperluz — COOPERATIVA DISTRIBUIDORA DE ENERGIA FRONTEIRA NOROESTE,urbana,1816,2,0.0,221251,0.0011013215859030838,0.9039507166069306,0.0,0.125,0.0
cooperluz,Grupo Cooperluz,cooperluz,Cooperluz — COOPERATIVA DISTRIBUIDORA DE ENERGIA FRONTEIRA NOROESTE,grupo_a,0,0,0.0,221251,,0.0,0.0,0.0,0.0
coopermila,Grupo Coopermila,coopermila,Coopermila — COOPERATIVA DE ELETRIFICAÇÃO LAURO MÜLLER,nao_classificado,2463,9,2804.04,17806,0.0036540803897685747,50.544760193193305,0.15747725485791306,0.6923076923076923,0.8671358947081963
coopermila,Grupo Coopermila,coopermila,Coopermila — COOPERATIVA DE ELETRIFICAÇÃO LAURO MÜLLER,rural,475,4,429.64,17806,0.008421052631578947,22.464337863641468,0.0241289452993373,0.3076923076923077,0.13286410529180376
coopermila,Grupo Coopermila,coopermila,Coopermila — COOPERATIVA DE ELETRIFICAÇÃO LAURO MÜLLER,grupo_a,0,0,0.0,17806,,0.0,0.0,0.0,0.0
coopermila,Grupo Coopermila,coopermila,Coopermila — COOPERATIVA DE ELETRIFICAÇÃO LAURO MÜLLER,urbana,0,0,0.0,17806,,0.0,0.0,0.0,0.0
coopernorte,Grupo Coopernorte,coopernorte,Coopernorte — COOPERATIVA REGIONAL DE DISTRIBUIÇÃO DE ENERGIA DO LITORAL NORTE,nao_classificado,192576,69,13948.51,83715,0.0003583000997008973,82.42250492743236,0.1666190049572956,0.5227272727272727,0.5817214036706163
coopernorte,Grupo Coopernorte,coopernorte,Coopernorte — COOPERATIVA REGIONAL DE DISTRIBUIÇÃO DE ENERGIA DO LITORAL NORTE,rural,7738,61,9951.06,83715,0.007883173946756267,72.86627247207788,0.11886830317147463,0.4621212121212121,0.4150080970089653
coopernorte,Grupo Coopernorte,coopernorte,Coopernorte — COOPERATIVA REGIONAL DE DISTRIBUIÇÃO DE ENERGIA DO LITORAL NORTE,urbana,58,2,78.42,83715,0.034482758620689655,2.3890581138386193,0.0009367496864361225,0.015151515151515152,0.003270499320418434
coopernorte,Grupo Coopernorte,coopernorte,Coopernorte — COOPERATIVA REGIONAL DE DISTRIBUIÇÃO DE ENERGIA DO LITORAL NORTE,grupo_a,0,0,0.0,83715,,0.0,0.0,0.0,0.0
coopersul,Grupo Coopersul,coopersul,Coopersul — COOPERATIVA REGIONAL DE ELETRIFICAÇÃO RURAL FRONTEIRA SUL LTDA,nao_classificado,52095,366,65207.68,40172,0.007025626259717823,911.0823459125759,1.6232121875933485,0.9838709677419355,0.9922321330615262
coopersul,Grupo Coopersul,coopersul,Coopersul — COOPERATIVA REGIONAL DE ELETRIFICAÇÃO RURAL FRONTEIRA SUL LTDA,urbana,656,6,510.49,40172,0.009146341463414634,14.935776162501243,0.012707607288658768,0.016129032258064516,0.007767866938473789
coopersul,Grupo Coopersul,coopersul,Coopersul — COOPERATIVA REGIONAL DE ELETRIFICAÇÃO RURAL FRONTEIRA SUL LTDA,grupo_a,0,0,0.0,40172,,0.0,0.0,0.0,0.0
coopersul,Grupo Coopersul,coopersul,Coopersul — COOPERATIVA REGIONAL DE ELETRIFICAÇÃO RURAL FRONTEIRA SUL LTDA,rural,872,0,0.0,40172,0.0,0.0,0.0,0.0,0.0
cooperzem,Grupo Cooperzem,cooperzem,Cooperzem — COOPERZEM COOPERATIVA DE DISTRIBUIÇÃO DE ENERGIA ELÉTRICA,nao_classificado,91169,1,0.0,104735,1.0968640656363457e-05,0.9547906621473242,0.0,0.3333333333333333,
cooperzem,Grupo Cooperzem,cooperzem,Cooperzem — COOPERZEM COOPERATIVA DE DISTRIBUIÇÃO DE ENERGIA ELÉTRICA,rural,3079,1,0.0,104735,0.0003247807729782397,0.9547906621473242,0.0,0.3333333333333333,
cooperzem,Grupo Cooperzem,cooperzem,Cooperzem — COOPERZEM COOPERATIVA DE DISTRIBUIÇÃO DE ENERGIA ELÉTRICA,urbana,3331,1,0.0,104735,0.0003002101471029721,0.9547906621473242,0.0,0.3333333333333333,
cooperzem,Grupo Cooperzem,cooperzem,Cooperzem — COOPERZEM COOPERATIVA DE DISTRIBUIÇÃO DE ENERGIA ELÉTRICA,grupo_a,0,0,0.0,104735,,0.0,0.0,0.0,
coorsel,Grupo Coorsel,coorsel,Coorsel — COOPERATIVA REGIONAL SUL DE ELETRIFICAÇÃO RURAL,nao_classificado,63338,29,994.23,112027,0.0004578609997158104,25.88661661920787,0.008874914083212082,0.90625,0.9331725218925692
coorsel,Grupo Coorsel,coorsel,Coorsel — COOPERATIVA REGIONAL SUL DE ELETRIFICAÇÃO RURAL,rural,1304,3,71.2,112027,0.0023006134969325155,2.6779258571594347,0.0006355610700991725,0.09375,0.0668274781074308
coorsel,Grupo Coorsel,coorsel,Coorsel — COOPERATIVA REGIONAL SUL DE ELETRIFICAÇÃO RURAL,grupo_a,0,0,0.0,112027,,0.0,0.0,0.0,0.0
coorsel,Grupo Coorsel,coorsel,Coorsel — COOPERATIVA REGIONAL SUL DE ELETRIFICAÇÃO RURAL,urbana,1544,0,0.0,112027,0.0,0.0,0.0,0.0,0.0
copel,Grupo Copel,copel_dis,Copel-Dis — COPEL DISTRIBUIÇÃO S.A.,nao_classificado,75152047,24051,6603403.3334,67273170,0.00032003120287595093,35.75125120460356,0.0981580522130888,0.7120947446336048,0.7594566197118949
copel,Grupo Copel,copel_dis,Copel-Dis — COPEL DISTRIBUIÇÃO S.A.,urbana,3216211,8174,1648772.8177,67273170,0.00254149992024777,12.150460577374307,0.024508623834732332,0.24201332346410068,0.1896251625990825
copel,Grupo Copel,copel_dis,Copel-Dis — COPEL DISTRIBUIÇÃO S.A.,rural,225761,1549,442729.0772,67273170,0.006861238212091548,2.3025524142834355,0.006581064593804632,0.04586232420429311,0.050918217689022584
copel,Grupo Copel,copel_dis,Copel-Dis — COPEL DISTRIBUIÇÃO S.A.,grupo_a,1297,1,0.0,67273170,0.0007710100231303007,0.0014864767038627732,0.0,2.9607698001480386e-05,0.0
coprel,Grupo Coprel,coprel,Coprel — COPREL COOPERATIVA DE ENERGIA,nao_classificado,47719,968,85770.5,94016,0.020285420901527695,1029.6119809394145,0.9122968430905378,0.6201153106982703,0.7816254123284674
coprel,Grupo Coprel,coprel,Coprel — COPREL COOPERATIVA DE ENERGIA,rural,6594,404,20179.96,36399,0.06126781922960267,1109.9206022143467,0.5544097365312234,0.2588084561178732,0.1838997039281802
coprel,Grupo Coprel,coprel,Coprel — COPREL COOPERATIVA DE ENERGIA,urbana,2093,189,3783.05,36399,0.0903010033444816,519.2450342042364,0.10393280035165801,0.1210762331838565,0.03447488374335242
cpfl,Grupo CPFL,cpfl_paulista,CPFL Paulista — COMPANHIA PAULISTA DE FORÇA E LUZ,nao_classificado,93232478,36225,15879588.993099999,63901242,0.00038854485879909786,56.68903900177715,0.24850203996191497,0.6681483667484368,0.7695653659497729
cpfl,Grupo CPFL,cpfl_paulista,CPFL Paulista — COMPANHIA PAULISTA DE FORÇA E LUZ,urbana,4674598,17512,4238223.229400001,63901242,0.003746204486460654,27.404788157325644,0.06632458300888738,0.3229983215596584,0.2053951026016647
cpfl,Grupo CPFL,cpfl_paulista,CPFL Paulista — COMPANHIA PAULISTA DE FORÇA E LUZ,rural,54444,474,342294.296,63901242,0.008706193519947102,0.7417696200646616,0.005356614132789469,0.008742645295755944,0.01658845422751308
cpfl,Grupo CPFL,cpfl_paulista,CPFL Paulista — COMPANHIA PAULISTA DE FORÇA E LUZ,grupo_a,1046,6,174383.67,63901242,0.0057361376673040155,0.009389488861577996,0.002728955878510155,0.00011066639614880941,0.008451077221049416
cpfl,Grupo CPFL,cpfl_piratininga,CPFL Piratininga — COMPANHIA PIRATININGA DE FORÇA E LUZ,nao_classificado,28702880,10337,3980453.4219,25034441,0.00036013807673655046,41.291115707356916,0.1589990933650166,0.6523824550331335,0.7006659137236675
cpfl,Grupo CPFL,cpfl_piratininga,CPFL Piratininga — COMPANHIA PIRATININGA DE FORÇA E LUZ,urbana,1905484,5382,1649642.3844,25034441,0.002824479239920146,21.498382967688393,0.06589491590405394,0.3396655096244872,0.2903810360456854
cpfl,Grupo CPFL,cpfl_piratininga,CPFL Piratininga — COMPANHIA PIRATININGA DE FORÇA E LUZ,rural,8767,126,50861.8997,25034441,0.014372077107334322,0.5033066246616013,0.0020316770684034847,0.0079520353423793,0.00895305023064715
cpfl,Grupo CPFL,cpfl_piratininga,CPFL Piratininga — COMPANHIA PIRATININGA DE FORÇA E LUZ,grupo_a,373,0,0.0,25034441,0.0,0.0,0.0,0.0,0.0
cpfl,Grupo CPFL,cpfl_santa_cruz,CPFL Santa Cruz — COMPANHIA JAGUARI DE ENERGIA - CPFL SANTA CRUZ,urbana,388494,2199,578174.1001,6510501,0.005660319078286923,33.7762024765836,0.0888063914128882,0.5300072306579898,0.3563037245870505
cpfl,Grupo CPFL,cpfl_santa_cruz,CPFL Santa Cruz — COMPANHIA JAGUARI DE ENERGIA - CPFL SANTA CRUZ,nao_classificado,7830519,1867,966217.6426,6510501,0.00023842608644458944,28.676748532870203,0.14840910747114547,0.4499879489033502,0.5954381989102517
cpfl,Grupo CPFL,cpfl_santa_cruz,CPFL Santa Cruz — COMPANHIA JAGUARI DE ENERGIA - CPFL SANTA CRUZ,rural,15999,82,33260.287000000004,6510501,0.005125320332520783,1.2595036848930674,0.0051087139069635355,0.019763798505664017,0.02049687825325377
cpfl,Grupo CPFL,cpfl_santa_cruz,CPFL Santa Cruz — COMPANHIA JAGUARI DE ENERGIA - CPFL SANTA CRUZ,grupo_a,111,1,45048.1,6510501,0.009009009009009009,0.01535980103528131,0.00691929853017456,0.00024102193299590263,0.02776119824944388
creluz_d,Grupo Creluz D,creluz_d,Creluz-D — COOPERATIVA DE DISTRIBUIÇÃO DE ENERGIA,nao_classificado,127937,36,9635.130000000001,303195,0.00028138849590032594,11.873546727353684,0.03177865729975758,0.5714285714285714,0.4433244792330475
creluz_d,Grupo Creluz D,creluz_d,Creluz-D — COOPERATIVA DE DISTRIBUIÇÃO DE ENERGIA,rural,4368,15,10799.94,303195,0.003434065934065934,4.947311136397368,0.0356204422896156,0.23809523809523808,0.49691885592079804
creluz_d,Grupo Creluz D,creluz_d,Creluz-D — COOPERATIVA DE DISTRIBUIÇÃO DE ENERGIA,urbana,2776,12,1298.74,303195,0.004322766570605188,3.9578489091178946,0.004283513910189812,0.19047619047619047,0.059756664846154446
creluz_d,Grupo Creluz D,creluz_d,Creluz-D — COOPERATIVA DE DISTRIBUIÇÃO DE ENERGIA,grupo_a,0,0,0.0,303195,,0.0,0.0,0.0,0.0
creral,Grupo Creral,creral,Creral — COOPERATIVA REGIONAL DE ELETRIFICAÇÃO RURAL DO ALTO URUGUAI,nao_classificado,47515,156,14356.369999999999,103746,0.003283173734610123,150.36724307443177,0.13837998573438975,0.7722772277227723,0.6938531588209054
creral,Grupo Creral,creral,Creral — COOPERATIVA REGIONAL DE ELETRIFICAÇÃO RURAL DO ALTO URUGUAI,rural,1051,24,4698.07,103746,0.022835394862036156,23.133422011451046,0.04528434831222408,0.1188118811881188,0.22706092904137543
creral,Grupo Creral,creral,Creral — COOPERATIVA REGIONAL DE ELETRIFICAÇÃO RURAL DO ALTO URUGUAI,urbana,587,22,1636.35,103746,0.03747870528109029,21.205636843830124,0.015772656295182465,0.10891089108910891,0.07908591213771925
creral,Grupo Creral,creral,Creral — COOPERATIVA REGIONAL DE ELETRIFICAÇÃO RURAL DO ALTO URUGUAI,grupo_a,0,0,0.0,103746,,0.0,0.0,0.0,0.0
dcelt,Grupo Dcelt,dcelt,Dcelt — DISTRIBUIDORA CATARINENSE DE ENERGIA ELÉTRICA S/A.,nao_classificado,270649,4010,80817.01,445457,0.014816238005682637,900.1991213517804,0.1814249411278754,0.8877573610803631,0.7146184042357341
dcelt,Grupo Dcelt,dcelt,Dcelt — DISTRIBUIDORA CATARINENSE DE ENERGIA ELÉTRICA S/A.,urbana,29105,447,18820.21,445457,0.015358185878714998,100.34638584644534,0.04224921821859349,0.09895948638476865,0.1664163081210429
dcelt,Grupo Dcelt,dcelt,Dcelt — DISTRIBUIDORA CATARINENSE DE ENERGIA ELÉTRICA S/A.,rural,2609,60,13453.92,445457,0.022997316979685704,13.469313536435616,0.03020251112902031,0.013283152534868276,0.11896528764322298
dcelt,Grupo Dcelt,dcelt,Dcelt — DISTRIBUIDORA CATARINENSE DE ENERGIA ELÉTRICA S/A.,grupo_a,0,0,0.0,445457,,0.0,0.0,0.0,0.0
demei,Grupo Demei,demei,Demei — DEPARTAMENTO MUNICIPAL DE ENERGIA DE IJUÍ,nao_classificado,244722,210,8278.26,433548,0.000858116556746022,48.43754324780647,0.01909421794126602,0.5289672544080605,0.30000260926666555
demei,Grupo Demei,demei,Demei — DEPARTAMENTO MUNICIPAL DE ENERGIA DE IJUÍ,urbana,32182,187,19315.7,433548,0.005810701634454043,43.132478987332426,0.04455262162436455,0.47103274559193953,0.6999973907333343
demei,Grupo Demei,demei,Demei — DEPARTAMENTO MUNICIPAL DE ENERGIA DE IJUÍ,grupo_a,0,0,0.0,433548,,0.0,0.0,0.0,0.0
demei,Grupo Demei,demei,Demei — DEPARTAMENTO MUNICIPAL DE ENERGIA DE IJUÍ,rural,1,0,0.0,433548,0.0,0.0,0.0,0.0,0.0
dmed,Grupo DMED,dmed,Dmed — DME DISTRIBUIÇÃO S.A.,urbana,112105,4194,70300.24,1132315,0.03741135542571696,370.39163130400993,0.06208540909552554,0.7961275626423691,0.1838508092650868
dmed,Grupo DMED,dmed,Dmed — DME DISTRIBUIÇÃO S.A.,nao_classificado,932207,970,311153.47,1132315,0.0010405414248123002,85.66520800307335,0.27479408998379423,0.1841305998481397,0.8137357321275133
dmed,Grupo DMED,dmed,Dmed — DME DISTRIBUIÇÃO S.A.,rural,1427,104,922.8499999999999,1132315,0.07288016818500351,9.184723332288277,0.0008150117237694457,0.019741837509491267,0.0024134586073999934
dmed,Grupo DMED,dmed,Dmed — DME DISTRIBUIÇÃO S.A.,grupo_a,0,0,0.0,1132315,,0.0,0.0,0.0,0.0
edp,Grupo EDP,edp_es,EDP ES — EDP ESPÍRITO SANTO DISTRIBUIÇÃO DE ENERGIA S.A.,nao_classificado,22324763,20542,14194446.34,23170808,0.0009201441466590261,88.65465546130285,0.6126004039220384,0.6596024788877115,0.7670049209610423
edp,Grupo EDP,edp_es,EDP ES — EDP ESPÍRITO SANTO DISTRIBUIÇÃO DE ENERGIA S.A.,urbana,1172197,8980,3268905.16,23170808,0.007660828341993709,38.75566186556809,0.1410786002801456,0.288347301159169,0.1766371356668881
edp,Grupo EDP,edp_es,EDP ES — EDP ESPÍRITO SANTO DISTRIBUIÇÃO DE ENERGIA S.A.,rural,112772,1618,1042978.71,23170808,0.014347533075586139,6.982924376223738,0.045012617168982624,0.05195389011977009,0.05635794337206955
edp,Grupo EDP,edp_es,EDP ES — EDP ESPÍRITO SANTO DISTRIBUIÇÃO DE ENERGIA S.A.,grupo_a,108,3,0.0,23170808,0.027777777777777776,0.012947325790278873,0.0,9.632983334938831e-05,0.0
edp,Grupo EDP,edp_sp,EDP SP — EDP SÃO PAULO DISTRIBUIÇÃO DE ENERGIA S.A.,nao_classificado,28142351,28185,14723543.54545,26827758,0.0010015154739559605,105.05909588121379,0.5488175174925165,0.7717477615618411,0.794721140149857
edp,Grupo EDP,edp_sp,EDP SP — EDP SÃO PAULO DISTRIBUIÇÃO DE ENERGIA S.A.,urbana,1604550,8125,3387548.2415,26827758,0.00506372503194042,30.28579577913294,0.12627026982649836,0.22247474056022562,0.18284702948628676
edp,Grupo EDP,edp_sp,EDP SP — EDP SÃO PAULO DISTRIBUIÇÃO DE ENERGIA S.A.,rural,58193,210,354762.573,26827758,0.0036086814565325725,0.7827713370606667,0.013223713028871067,0.0057501163714027545,0.01914874062937
edp,Grupo EDP,edp_sp,EDP SP — EDP SÃO PAULO DISTRIBUIÇÃO DE ENERGIA S.A.,grupo_a,250,1,60824.74999999999,26827758,0.004,0.0037274825574317464,0.002267231946851466,2.7381506530489306e-05,0.003283089734486374
eflul,Grupo Eflul,eflul,Eflul — EMPRESA FORÇA E LUZ DE URUSSANGA LTDA.,nao_classificado,24505,480,203.71,90086,0.019587839216486432,532.8241902182359,0.0022612836622782676,0.9856262833675564,0.9206815511163337
eflul,Grupo Eflul,eflul,Eflul — EMPRESA FORÇA E LUZ DE URUSSANGA LTDA.,urbana,3230,7,17.55,90086,0.0021671826625387,7.77035277401594,0.00019481384454854252,0.014373716632443531,0.07931844888366626
eflul,Grupo Eflul,eflul,Eflul — EMPRESA FORÇA E LUZ DE URUSSANGA LTDA.,rural,478,0,0.0,90086,0.0,0.0,0.0,0.0,0.0
eletrocar,Grupo Eletrocar,eletrocar,Eletrocar — CENTRAIS ELÉTRICAS DE CARAZINHO S.A.,nao_classificado,372210,714,16169.44,518135,0.0019182719432578384,137.8019242089417,0.03120700203614888,0.6171132238547969,0.5356552712026789
eletrocar,Grupo Eletrocar,eletrocar,Eletrocar — CENTRAIS ELÉTRICAS DE CARAZINHO S.A.,urbana,29605,415,12864.46,518135,0.0140179023813545,80.09495594777422,0.024828394144383217,0.35868625756266204,0.42616910728980184
eletrocar,Grupo Eletrocar,eletrocar,Eletrocar — CENTRAIS ELÉTRICAS DE CARAZINHO S.A.,rural,1388,28,1152.3799999999999,518135,0.020172910662824207,5.403997027801635,0.0022240921767493027,0.024200518582541054,0.038175621507519304
eletrocar,Grupo Eletrocar,eletrocar,Eletrocar — CENTRAIS ELÉTRICAS DE CARAZINHO S.A.,grupo_a,0,0,0.0,518135,,0.0,0.0,0.0,0.0
enel,Grupo ENEL,enel_ce,Enel CE — COMPANHIA ENERGÉTICA DO CEARÁ,nao_classificado,37978434,72468,56813504.57931,50444124,0.0019081355487169376,143.65994342571992,1.1262660558702535,0.7765205091937766,0.8785332854379723
enel,Grupo ENEL,enel_ce,Enel CE — COMPANHIA ENERGÉTICA DO CEARÁ,rural,365690,10465,698267.0768,50444124,0.02861713473160327,20.745726499284636,0.013842386811990234,0.11213621362136214,0.010797624150045407
enel,Grupo ENEL,enel_ce,Enel CE — COMPANHIA ENERGÉTICA DO CEARÁ,urbana,2974676,10387,7156813.49714,50444124,0.003491808855821609,20.59109996637071,0.14187605868901598,0.1113004157558613,0.11066909041198228
enel,Grupo ENEL,enel_ce,Enel CE — COMPANHIA ENERGÉTICA DO CEARÁ,grupo_a,94,4,0.0,50444124,0.0425531914893617,0.007929565790457576,0.0,4.286142900004286e-05,0.0
enel,Grupo ENEL,enel_go,Enel GO — CELG DISTRIBUIÇÃO S.A.,nao_classificado,43306359,55879,41099000.47476762,44404504,0.0012903185880854125,125.84083812759174,0.9255592737792459,0.8322882378349394,0.9101810850664768
enel,Grupo ENEL,enel_go,Enel GO — CELG DISTRIBUIÇÃO S.A.,rural,90724,5662,1312214.9200000002,44404504,0.062409064856046914,12.750958776614192,0.029551392354253078,0.08433250420768852,0.029060395287697643
enel,Grupo ENEL,enel_go,Enel GO — CELG DISTRIBUIÇÃO S.A.,urbana,3762700,5586,1971648.67,44404504,0.0014845722486512346,12.579804967532121,0.044401997373960084,0.08320052428543767,0.04366425716197719
enel,Grupo ENEL,enel_go,Enel GO — CELG DISTRIBUIÇÃO S.A.,grupo_a,85,12,771887.17,44404504,0.1411764705882353,0.02702428564453732,0.017383082806194616,0.00017873367193434517,0.017094262483848505
enel,Grupo ENEL,enel_rj,Enel RJ — AMPLA ENERGIA E SERVIÇOS S.A.,nao_classificado,33839396,24763,14728275.34814,40477600,0.0007317802008050025,61.1770460699251,0.3638623670410301,0.6515893063888012,0.6465880577844785
enel,Grupo ENEL,enel_rj,Enel RJ — AMPLA ENERGIA E SERVIÇOS S.A.,urbana,2467913,11805,7934420.65879,40477600,0.004783393904080087,29.164278514536434,0.19602003722528014,0.3106251973476476,0.34833010126063146
enel,Grupo ENEL,enel_rj,Enel RJ — AMPLA ENERGIA E SERVIÇOS S.A.,rural,12736,1314,115756.4727,40477600,0.10317211055276382,3.2462398956459873,0.0028597662089649583,0.03457530786233028,0.005081840954890025
enel,Grupo ENEL,enel_rj,Enel RJ — AMPLA ENERGIA E SERVIÇOS S.A.,grupo_a,342,122,0.0,40477600,0.3567251461988304,0.3014012688499318,0.0,0.003210188401220924,0.0
enel,Grupo ENEL,enel_sp,Enel SP — ELETROPAULO METROPOLITANA ELETRICIDADE DE SÃO PAULO S.A.,nao_classificado,121468756,48459,24194322.1798,107997350,0.00039894209503553327,44.87054543467965,0.22402699862357733,0.7072654562437971,0.5263989492432168
enel,Grupo ENEL,enel_sp,Enel SP — ELETROPAULO METROPOLITANA ELETRICIDADE DE SÃO PAULO S.A.,urbana,4856760,20046,21764875.37,107997350,0.00412744298668248,18.561566556957185,0.2015315687838637,0.2925739973144959,0.473541165569131
enel,Grupo ENEL,enel_sp,Enel SP — ELETROPAULO METROPOLITANA ELETRICIDADE DE SÃO PAULO S.A.,grupo_a,282,11,0.0,107997350,0.03900709219858156,0.01018543510558361,0.0,0.00016054644170704653,0.0
enel,Grupo ENEL,enel_sp,Enel SP — ELETROPAULO METROPOLITANA ELETRICIDADE DE SÃO PAULO S.A.,rural,48,0,2752.44,107997350,0.0,0.0,2.54861809109205e-05,0.0,5.988518765219555e-05
energisa,Grupo Energisa,energisa_ac,Energisa AC — ENERGISA ACRE - DISTRIBUIDORA DE ENERGIA S.A.,urbana,308265,9794,2227341.56,3761856,0.031771365545877735,260.35021010905257,0.5920858108338012,0.6052029907928073,0.5207871456483764
energisa,Grupo Energisa,energisa_ac,Energisa AC — ENERGISA ACRE - DISTRIBUIDORA DE ENERGIA S.A.,nao_classificado,693206,4624,1733160.72,3761856,0.006670455824098464,122.91804896306503,0.4607195809727964,0.28573194092566273,0.40523996881676505
energisa,Grupo Energisa,energisa_ac,Energisa AC — ENERGISA ACRE - DISTRIBUIDORA DE ENERGIA S.A.,rural,30207,1765,316372.79,3761856,0.058430165193498196,46.9183296755644,0.08410018618469181,0.10906506828153,0.0739728855348585
energisa,Grupo Energisa,energisa_ac,Energisa AC — ENERGISA ACRE - DISTRIBUIDORA DE ENERGIA S.A.,grupo_a,18,0,0.0,3761856,0.0,0.0,0.0,0.0,0.0
energisa,Grupo Energisa,energisa_ms,Energisa MS — ENERGISA MATO GROSSO DO SUL DISTRIBUIDORA DE ENERGIA S.A.,nao_classificado,4351176,11937,5010841.54,14450875,0.0027433962680433977,82.60399456780299,0.34675004385547586,0.464528933338522,0.42160267642347304
energisa,Grupo Energisa,energisa_ms,Energisa MS — ENERGISA MATO GROSSO DO SUL DISTRIBUIDORA DE ENERGIA S.A.,urbana,1461925,11053,5461846.82,14450875,0.007560579373086854,76.48671793230513,0.37795959206622437,0.43012803050939796,0.45954940285879314
energisa,Grupo Energisa,energisa_ms,Energisa MS — ENERGISA MATO GROSSO DO SUL DISTRIBUIDORA DE ENERGIA S.A.,rural,111142,2707,1412533.96,14450875,0.0243562289683468,18.732429697163667,0.09774729627098705,0.10534303615208002,0.11884792071773378
energisa,Grupo Energisa,energisa_ms,Energisa MS — ENERGISA MATO GROSSO DO SUL DISTRIBUIDORA DE ENERGIA S.A.,grupo_a,331,0,0.0,14450875,0.0,0.0,0.0,0.0,0.0
energisa,Grupo Energisa,energisa_mt,Energisa MT — ENERGISA MATO GROSSO DISTRIBUIDORA DE ENERGIA S.A.,nao_classificado,6494202,35910,14280281.59,20876726,0.005529547741200535,172.00972987814276,0.6840287883262921,0.6267562614538791,0.5798899864401208
energisa,Grupo Energisa,energisa_mt,Energisa MT — ENERGISA MATO GROSSO DISTRIBUIDORA DE ENERGIA S.A.,urbana,2025643,12200,7044726.43,20876726,0.006022778939823058,58.438281941335056,0.3374440240294383,0.21293306571254036,0.2860704313301332
energisa,Grupo Energisa,energisa_mt,Energisa MT — ENERGISA MATO GROSSO DISTRIBUIDORA DE ENERGIA S.A.,rural,178449,9185,3300838.13,20876726,0.05147128871554338,43.99636226484938,0.15811090924889276,0.16031067283358058,0.13403958222974605
energisa,Grupo Energisa,energisa_mt,Energisa MT — ENERGISA MATO GROSSO DISTRIBUIDORA DE ENERGIA S.A.,grupo_a,722,0,0.0,20876726,0.0,0.0,0.0,0.0,0.0
energisa,Grupo Energisa,energisa_minas_rio,Energisa Minas Rio — ENERGISA MINAS RIO - DISTRIBUIDORA DE ENERGIA S.A.,nao_classificado,1276287,6391,1042022.952845,7153002,0.0050074943958529705,89.34710209783249,0.1456763122455439,0.6350357710651828,0.46563583933988323
energisa,Grupo Energisa,energisa_minas_rio,Energisa Minas Rio — ENERGISA MINAS RIO - DISTRIBUIDORA DE ENERGIA S.A.,urbana,482326,1975,677589.26,7153002,0.004094740901382053,27.610784954345043,0.09472795617839895,0.19624403815580285,0.3027858867660876
energisa,Grupo Energisa,energisa_minas_rio,Energisa Minas Rio — ENERGISA MINAS RIO - DISTRIBUIDORA DE ENERGIA S.A.,rural,69831,1698,518237.33568254,7153002,0.024315848262233104,23.738284988596398,0.07245032724477639,0.16872019077901432,0.23157827389402907
energisa,Grupo Energisa,energisa_minas_rio,Energisa Minas Rio — ENERGISA MINAS RIO - DISTRIBUIDORA DE ENERGIA S.A.,grupo_a,1,0,0.0,7153002,0.0,0.0,0.0,0.0,0.0
energisa,Grupo Energisa,energisa_pb,Energisa PB — ENERGISA PARAÍBA DISTRIBUIDORA DE ENERGIA S.A.,nao_classificado,3323260,29342,5311828.41,21501801,0.008829282090477423,136.4629874492839,0.24704109251127382,0.5056785868160276,0.5253577992820744
energisa,Grupo Energisa,energisa_pb,Energisa PB — ENERGISA PARAÍBA DISTRIBUIDORA DE ENERGIA S.A.,urbana,1251259,23242,3978188.09,21501801,0.01857489136941273,108.09327088461102,0.18501650582665144,0.40055148642826366,0.39345626002489015
energisa,Grupo Energisa,energisa_pb,Energisa PB — ENERGISA PARAÍBA DISTRIBUIDORA DE ENERGIA S.A.,rural,200098,5441,820861.11,21501801,0.027191676078721427,25.304857021046747,0.03817638857321766,0.09376992675570875,0.08118594069303545
energisa,Grupo Energisa,energisa_pb,Energisa PB — ENERGISA PARAÍBA DISTRIBUIDORA DE ENERGIA S.A.,grupo_a,7,0,0.0,21501801,0.0,0.0,0.0,0.0,0.0
energisa,Grupo Energisa,energisa_ro,Energisa RO — ENERGISA RONDÔNIA DISTRIBUIDORA DE ENERGIA S.A.,nao_classificado,2520730,17605,7230122.43,8280268,0.006984087942778481,212.61389124120137,0.8731749298452658,0.5422930014785609,0.4486701845702317
energisa,Grupo Energisa,energisa_ro,Energisa RO — ENERGISA RONDÔNIA DISTRIBUIDORA DE ENERGIA S.A.,urbana,992133,9866,4881116.61,8280268,0.009944231267380482,119.15073280236822,0.5894877569180128,0.30390586495810745,0.30290102436308597
energisa,Grupo Energisa,energisa_ro,Energisa RO — ENERGISA RONDÔNIA DISTRIBUIDORA DE ENERGIA S.A.,rural,80615,4993,4003320.56,8280268,0.061936364200210876,60.29998062864632,0.48347717247799227,0.1538011335633317,0.24842879106668234
energisa,Grupo Energisa,energisa_ro,Energisa RO — ENERGISA RONDÔNIA DISTRIBUIDORA DE ENERGIA S.A.,grupo_a,20,0,0.0,8280268,0.0,0.0,0.0,0.0,0.0
energisa,Grupo Energisa,energisa_se,Energisa SE — ENERGISA SERGIPE DISTRIBUIDORA DE ENERGIA S.A.,nao_classificado,1525603,6546,1304824.36,11111499,0.0042907624067336,58.911943384056464,0.11743009291545634,0.5266291230893001,0.5171023720372173
energisa,Grupo Energisa,energisa_se,Energisa SE — ENERGISA SERGIPE DISTRIBUIDORA DE ENERGIA S.A.,urbana,473275,3606,792468.05,11111499,0.007619248851090803,32.452867070410576,0.07131963473155152,0.2901045856798069,0.31405537862483507
energisa,Grupo Energisa,energisa_se,Energisa SE — ENERGISA SERGIPE DISTRIBUIDORA DE ENERGIA S.A.,rural,138249,2278,426046.16000000003,11111499,0.016477515208066604,20.501284300165082,0.0383428158522986,0.183266291230893,0.16884224933794753
energisa,Grupo Energisa,energisa_se,Energisa SE — ENERGISA SERGIPE DISTRIBUIDORA DE ENERGIA S.A.,grupo_a,19,0,0.0,11111499,0.0,0.0,0.0,0.0,0.0
energisa,Grupo Energisa,energisa_sul_sudeste,Energisa Sul-Sudeste — ENERGISA SUL-SUDESTE DISTRIBUIDORA DE ENERGIA S.A.,nao_classificado,2047067,6413,1616333.73,11169533,0.0031327748432269193,57.41511305799446,0.14470915928177122,0.5193553611920959,0.4515547551548834
energisa,Grupo Energisa,energisa_sul_sudeste,Energisa Sul-Sudeste — ENERGISA SUL-SUDESTE DISTRIBUIDORA DE ENERGIA S.A.,urbana,755833,5213,1534268.019525,11169533,0.006897026194939888,46.671602116220974,0.13736187712816642,0.42217363135730485,0.4286280778775675
energisa,Grupo Energisa,energisa_sul_sudeste,Energisa Sul-Sudeste — ENERGISA SUL-SUDESTE DISTRIBUIDORA DE ENERGIA S.A.,rural,55465,722,428883.820161,11169533,0.013017218065446678,6.464012416633713,0.03839765012207762,0.058471007450599286,0.11981716696754909
energisa,Grupo Energisa,energisa_sul_sudeste,Energisa Sul-Sudeste — ENERGISA SUL-SUDESTE DISTRIBUIDORA DE ENERGIA S.A.,grupo_a,139,0,0.0,11169533,0.0,0.0,0.0,0.0,0.0
energisa,Grupo Energisa,energisa_to,Energisa TO — ENERGISA TOCANTINS DISTRIBUIDORA DE ENERGIA S.A.,nao_classificado,1918152,7158,1910367.78,8511425,0.003731716777398246,84.09872612400392,0.22444746678728886,0.50809199318569,0.5318737632905117
energisa,Grupo Energisa,energisa_to,Energisa TO — ENERGISA TOCANTINS DISTRIBUIDORA DE ENERGIA S.A.,urbana,842598,5528,1344337.26,8511425,0.006560661193119376,64.94799636958558,0.15794502800647364,0.39239068710959685,0.37428275596642185
energisa,Grupo Energisa,energisa_to,Energisa TO — ENERGISA TOCANTINS DISTRIBUIDORA DE ENERGIA S.A.,rural,80350,1402,337064.12,8511425,0.01744866210329807,16.471977371591716,0.0396013734480419,0.09951731970471323,0.09384348074306646
energisa,Grupo Energisa,energisa_to,Energisa TO — ENERGISA TOCANTINS DISTRIBUIDORA DE ENERGIA S.A.,grupo_a,66,0,0.0,8511425,0.0,0.0,0.0,0.0,0.0
equatorial,Grupo Equatorial,cea_equatorial,CEA Equatorial — COMPANHIA DE ELETRICIDADE DO AMAPA,nao_classificado,306760,5250,2148286.92,2977801,0.017114356500195594,176.30459523655207,0.7214340112049126,0.7506434086359737,0.7831184258666068
equatorial,Grupo Equatorial,cea_equatorial,CEA Equatorial — COMPANHIA DE ELETRICIDADE DO AMAPA,urbana,275643,1561,553303.91,2977801,0.005663122226938468,52.421232983668155,0.1858095655149555,0.2231913068344295,0.20169674869362364
equatorial,Grupo Equatorial,cea_equatorial,CEA Equatorial — COMPANHIA DE ELETRICIDADE DO AMAPA,rural,12016,183,41655.72,2977801,0.015229693741677763,6.145474462531243,0.013988752102642185,0.026165284529596797,0.015184825439769532
equatorial,Grupo Equatorial,cea_equatorial,CEA Equatorial — COMPANHIA DE ELETRICIDADE DO AMAPA,grupo_a,0,0,0.0,2977801,,0.0,0.0,0.0,0.0
equatorial,Grupo Equatorial,ceee_equatorial,CEEE Equatorial — COMPANHIA ESTADUAL DE DISTRIBUIÇÃO DE ENERGIA ELÉTRICA,nao_classificado,26019777,28675,10764376.91,22561437,0.0011020463395977605,127.0974007551026,0.47711397594045096,0.7720578336609139,0.6766220430798531
equatorial,Grupo Equatorial,ceee_equatorial,CEEE Equatorial — COMPANHIA ESTADUAL DE DISTRIBUIÇÃO DE ENERGIA ELÉTRICA,urbana,1558240,6722,4134602.9499999997,22561437,0.004313841256802547,29.794201495232773,0.18325973429795273,0.18098597237554184,0.2598908899923486
equatorial,Grupo Equatorial,ceee_equatorial,CEEE Equatorial — COMPANHIA ESTADUAL DE DISTRIBUIÇÃO DE ENERGIA ELÉTRICA,rural,49704,1728,832457.69,22561437,0.03476581361661033,7.659086608712024,0.03689737005670339,0.046525403193236586,0.05232622637563653
equatorial,Grupo Equatorial,ceee_equatorial,CEEE Equatorial — COMPANHIA ESTADUAL DE DISTRIBUIÇÃO DE ENERGIA ELÉTRICA,grupo_a,592,16,177557.76,22561437,0.02702702702702703,0.07091746859918542,0.007869966793338562,0.00043079077030774615,0.011160840552161808
equatorial,Grupo Equatorial,equatorial_al,Equatorial AL — EQUATORIAL ALAGOAS DISTRIBUIDORA DE ENERGIA S.A.,nao_classificado,898604,11775,5768832.16,16078339,0.013103658563727737,73.23517684258306,0.3587952810299621,0.6532231221568845,0.5912381101557143
equatorial,Grupo Equatorial,equatorial_al,Equatorial AL — EQUATORIAL ALAGOAS DISTRIBUIDORA DE ENERGIA S.A.,urbana,664503,3903,2964566.7,16078339,0.005873562647572697,24.27489555979632,0.1843826467398156,0.21652058138244756,0.30383356016004504
equatorial,Grupo Equatorial,equatorial_al,Equatorial AL — EQUATORIAL ALAGOAS DISTRIBUIDORA DE ENERGIA S.A.,rural,93186,2348,1023807.35,16078339,0.025196917991973045,14.603498533026329,0.06367618881527501,0.13025629646066791,0.10492832968424062
equatorial,Grupo Equatorial,equatorial_al,Equatorial AL — EQUATORIAL ALAGOAS DISTRIBUIDORA DE ENERGIA S.A.,grupo_a,0,0,0.0,16078339,,0.0,0.0,0.0,0.0
equatorial,Grupo Equatorial,equatorial_ma,Equatorial MA — EQUATORIAL MARANHÃO DISTRIBUIDORA DE ENERGIA S.A.,nao_classificado,1395122,10110,8813832.34,35599644,0.00724667806829797,28.399160396098342,0.24758203593271888,0.41211478884721997,0.37745643030990006
equatorial,Grupo Equatorial,equatorial_ma,Equatorial MA — EQUATORIAL MARANHÃO DISTRIBUIDORA DE ENERGIA S.A.,rural,90764,8635,10134660.379999999,35599644,0.09513683839407695,24.25586053613345,0.2846843181914965,0.3519892385455731,0.4340214996009301
equatorial,Grupo Equatorial,equatorial_ma,Equatorial MA — EQUATORIAL MARANHÃO DISTRIBUIDORA DE ENERGIA S.A.,urbana,1272016,5787,4402102.56,35599644,0.004549471075835524,16.255780535333443,0.12365580285016332,0.2358959726072069,0.1885220700891699
equatorial,Grupo Equatorial,equatorial_ma,Equatorial MA — EQUATORIAL MARANHÃO DISTRIBUIDORA DE ENERGIA S.A.,grupo_a,0,0,0.0,35599644,,0.0,0.0,0.0,0.0
equatorial,Grupo Equatorial,equatorial_pa,Equatorial PA — EQUATORIAL PARÁ DISTRIBUIDORA DE ENERGIA S.A.,nao_classificado,2505941,12589,10466721.17,35781240,0.00502366177016937,35.18324127391896,0.2925198000404681,0.6348141798194745,0.43570732591176287
equatorial,Grupo Equatorial,equatorial_pa,Equatorial PA — EQUATORIAL PARÁ DISTRIBUIDORA DE ENERGIA S.A.,urbana,2594949,4849,10671390.21,35781240,0.0018686301734639102,13.551794180414095,0.298239809743877,0.24451616156522615,0.4442272624484241
equatorial,Grupo Equatorial,equatorial_pa,Equatorial PA — EQUATORIAL PARÁ DISTRIBUIDORA DE ENERGIA S.A.,rural,114897,2393,2884255.35,35781240,0.020827349713221407,6.6878621311055735,0.08060803230966843,0.12066965861529928,0.12006541163981306
equatorial,Grupo Equatorial,equatorial_pa,Equatorial PA — EQUATORIAL PARÁ DISTRIBUIDORA DE ENERGIA S.A.,grupo_a,0,0,0.0,35781240,,0.0,0.0,0.0,0.0
equatorial,Grupo Equatorial,equatorial_pi,Equatorial PI — EQUATORIAL PIAUÍ DISTRIBUIDORA DE ENERGIA S.A.,nao_classificado,1017056,26109,15904702.76,17821217,0.02567115281754397,146.5051460851411,0.8924588461046179,0.7836069509889252,0.7482155926580117
equatorial,Grupo Equatorial,equatorial_pi,Equatorial PI — EQUATORIAL PIAUÍ DISTRIBUIDORA DE ENERGIA S.A.,urbana,505474,4006,3526341.16,17821217,0.007925234532339943,22.4788239770606,0.19787319575312956,0.12023169963084127,0.16589203085136695
equatorial,Grupo Equatorial,equatorial_pi,Equatorial PI — EQUATORIAL PIAUÍ DISTRIBUIDORA DE ENERGIA S.A.,rural,69809,3204,1825800.92,17821217,0.04589666088899712,17.97857015039994,0.10245096729364779,0.0961613493802335,0.08589237649062126
equatorial,Grupo Equatorial,equatorial_pi,Equatorial PI — EQUATORIAL PIAUÍ DISTRIBUIDORA DE ENERGIA S.A.,grupo_a,0,0,0.0,17821217,,0.0,0.0,0.0,0.0
forcel,Grupo Forcel,forcel,Forcel — FORÇA E LUZ CORONEL VIVIDA LTDA,nao_classificado,47314,277,1631.48,111972,0.005854503952318553,247.3832743900261,0.014570428321366055,0.920265780730897,0.632457095895084
forcel,Grupo Forcel,forcel,Forcel — FORÇA E LUZ CORONEL VIVIDA LTDA,urbana,9244,23,948.11,111972,0.0024881003894418,20.540849498088807,0.008467384703318688,0.07641196013289037,0.36754290410491586
forcel,Grupo Forcel,forcel,Forcel — FORÇA E LUZ CORONEL VIVIDA LTDA,rural,378,1,0.0,111972,0.0026455026455026454,0.8930804129603829,0.0,0.0033222591362126247,0.0
forcel,Grupo Forcel,forcel,Forcel — FORÇA E LUZ CORONEL VIVIDA LTDA,grupo_a,0,0,0.0,111972,,0.0,0.0,0.0,0.0
hidropan,Grupo Hidropan,hidropan,Hidropan — HIDROPAN DISTRIBUIÇÃO DE ENERGIA S.A.,nao_classificado,132123,39,4144.92,239737,0.00029517949183715175,16.267826826897807,0.01728944635162699,0.975,0.9471937842778794
hidropan,Grupo Hidropan,hidropan,Hidropan — HIDROPAN DISTRIBUIÇÃO DE ENERGIA S.A.,urbana,12773,1,231.08,239737,7.829014327096219e-05,0.41712376479225155,0.0009638895956819349,0.025,0.05280621572212066
hidropan,Grupo Hidropan,hidropan,Hidropan — HIDROPAN DISTRIBUIÇÃO DE ENERGIA S.A.,grupo_a,0,0,0.0,239737,,0.0,0.0,0.0,0.0
hidropan,Grupo Hidropan,hidropan,Hidropan — HIDROPAN DISTRIBUIÇÃO DE ENERGIA S.A.,rural,132,0,0.0,239737,0.0,0.0,0.0,0.0,0.0
joao,Grupo JOAO,joao_cesa,João Cesa — EMPRESA FORÇA E LUZ JOÃO CESA LTDA.,urbana,2940,17,114.25,53962,0.005782312925170068,31.50365071717134,0.0021172306437863683,0.6071428571428571,0.6115512257788246
joao,Grupo JOAO,joao_cesa,João Cesa — EMPRESA FORÇA E LUZ JOÃO CESA LTDA.,nao_classificado,13537,11,72.57,53962,0.0008125877225382286,20.3847151699344,0.0013448352544383083,0.39285714285714285,0.38844877422117546
joao,Grupo JOAO,joao_cesa,João Cesa — EMPRESA FORÇA E LUZ JOÃO CESA LTDA.,rural,5,0,0.0,0,0.0,,,0.0,0.0
light,Grupo Light,light,Light — LIGHT SERVIÇOS DE ELETRICIDADE S.A.,nao_classificado,105474513,9564,8786067.475712,60070061,9.067593419464283e-05,15.921408836258715,0.14626366828080964,0.8456233421750663,0.5433005547911784
light,Grupo Light,light,Light — LIGHT SERVIÇOS DE ELETRICIDADE S.A.,urbana,3041318,1696,5457462.11648,60070061,0.0005576529649316514,2.8233698647317835,0.0908516160234963,0.14995579133510167,0.33747091105684274
light,Grupo Light,light,Light — LIGHT SERVIÇOS DE ELETRICIDADE S.A.,rural,4619,50,1928122.3566800002,60070061,0.010824853864472829,0.08323613988006438,0.03209789243729918,0.004420866489832007,0.11922853415197883
light,Grupo Light,light,Light — LIGHT SERVIÇOS DE ELETRICIDADE S.A.,grupo_a,508,0,0.0,60070061,0.0,0.0,0.0,0.0,0.0
mux,Grupo MUX,mux_energia,"Mux Energia — MUXFELDT, MARIN & CIA LTDA",nao_classificado,67753,8,1115.77,152664,0.00011807595235635323,5.24026620552324,0.007308664780170833,0.6153846153846154,0.7177262172019633
mux,Grupo MUX,mux_energia,"Mux Energia — MUXFELDT, MARIN & CIA LTDA",urbana,9155,5,438.82,152664,0.0005461496450027307,3.2751663784520253,0.0028744170203846356,0.38461538461538464,0.2822737827980368
mux,Grupo MUX,mux_energia,"Mux Energia — MUXFELDT, MARIN & CIA LTDA",grupo_a,99,0,0.0,152664,0.0,0.0,0.0,0.0,0.0
mux,Grupo MUX,mux_energia,"Mux Energia — MUXFELDT, MARIN & CIA LTDA",rural,0,0,0.0,152664,,0.0,0.0,0.0,0.0
neoenergia,Grupo Neoenergia,neoenergia_brasilia,Neoenergia Brasília — NEOENERGIA DISTRIBUIÇÃO BRASÍLIA S.A.,nao_classificado,1342863,9530,12630830.65,14075001,0.0070967775566085295,67.70869856421325,0.8973946538263123,0.9012672593153017,0.8563566334961349
neoenergia,Grupo Neoenergia,neoenergia_brasilia,Neoenergia Brasília — NEOENERGIA DISTRIBUIÇÃO BRASÍLIA S.A.,urbana,571516,770,1312506.66,14075001,0.0013472938640388022,5.470692328902854,0.09325091060384294,0.07282012483449972,0.0889865295437918
neoenergia,Grupo Neoenergia,neoenergia_brasilia,Neoenergia Brasília — NEOENERGIA DISTRIBUIÇÃO BRASÍLIA S.A.,rural,10630,270,610075.2,14075001,0.02539981185324553,1.9182947127321697,0.04334459372329707,0.02553432948742198,0.041362437588495504
neoenergia,Grupo Neoenergia,neoenergia_brasilia,Neoenergia Brasília — NEOENERGIA DISTRIBUIÇÃO BRASÍLIA S.A.,grupo_a,205,4,196085.72,14075001,0.01951219512195122,0.028419180929365472,0.013931488885862247,0.0003782863627766219,0.013294399371577809
neoenergia,Grupo Neoenergia,neoenergia_coelba,Neoenergia Coelba — COMPANHIA DE ELETRICIDADE DO ESTADO DA BAHIA,nao_classificado,178928896,44905,78980930.42,79410938,0.0002509656126196632,56.54762571876434,0.9945850333615252,0.4770631480537141,0.7163426061077708
neoenergia,Grupo Neoenergia,neoenergia_coelba,Neoenergia Coelba — COMPANHIA DE ELETRICIDADE DO ESTADO DA BAHIA,urbana,3229659,36744,21661484.1,79410938,0.01137705249996981,46.2707039173873,0.2727770839326945,0.39036206017338093,0.19646570241500633
neoenergia,Grupo Neoenergia,neoenergia_coelba,Neoenergia Coelba — COMPANHIA DE ELETRICIDADE DO ESTADO DA BAHIA,rural,574956,12463,8934908.76,79410938,0.021676441327684204,15.694311531743901,0.11251483718779395,0.1324048104708482,0.08103798970761164
neoenergia,Grupo Neoenergia,neoenergia_coelba,Neoenergia Coelba — COMPANHIA DE ELETRICIDADE DO ESTADO DA BAHIA,grupo_a,583,16,678481.34,79410938,0.0274442538593482,0.020148357900016244,0.00854392804175163,0.00016998130205677376,0.006153701769611193
neoenergia,Grupo Neoenergia,neoenergia_cosern,Neoenergia Cosern — COMPANHIA ENERGÉTICA DO RIO GRANDE DO NORTE,nao_classificado,39878922,8581,5576686.725021939,18915549,0.00021517632798599722,45.364794857394834,0.29482024153895503,0.6587088354955093,0.7774839717011306
neoenergia,Grupo Neoenergia,neoenergia_cosern,Neoenergia Cosern — COMPANHIA ENERGÉTICA DO RIO GRANDE DO NORTE,rural,132153,2831,590356.959587546,18915549,0.021422139489833753,14.966523044083996,0.03121014143377736,0.21731787825285945,0.08230569445511096
neoenergia,Grupo Neoenergia,neoenergia_cosern,Neoenergia Cosern — COMPANHIA ENERGÉTICA DO RIO GRANDE DO NORTE,urbana,674170,1611,901992.630267629,18915549,0.0023896049957725794,8.516802763694567,0.04768524721474534,0.12366623167267982,0.12575295102718304
neoenergia,Grupo Neoenergia,neoenergia_cosern,Neoenergia Cosern — COMPANHIA ENERGÉTICA DO RIO GRANDE DO NORTE,grupo_a,131,4,103698.98,18915549,0.030534351145038167,0.021146623870129277,0.005482208314440146,0.0003070545789514086,0.014457382816575362
neoenergia,Grupo Neoenergia,neoenergia_elektro,Neoenergia Elektro — ELEKTRO REDES S.A.,nao_classificado,205047588,3837,1793500.47,35426729,1.871272926165803e-05,10.830805181025886,0.05062562987398583,0.7505868544600939,0.773313287528938
neoenergia,Grupo Neoenergia,neoenergia_elektro,Neoenergia Elektro — ELEKTRO REDES S.A.,urbana,2048630,1109,452263.22,35426729,0.0005413373815671937,3.1304047291523864,0.012766158004595908,0.21694053208137715,0.19500477604370145
neoenergia,Grupo Neoenergia,neoenergia_elektro,Neoenergia Elektro — ELEKTRO REDES S.A.,rural,130888,166,73478.07,35426729,0.0012682598863150174,0.4685727547694285,0.002074085643074753,0.03247261345852895,0.03168193642736065
neoenergia,Grupo Neoenergia,neoenergia_elektro,Neoenergia Elektro — ELEKTRO REDES S.A.,grupo_a,562,0,0.0,35426729,0.0,0.0,0.0,0.0,0.0
neoenergia,Grupo Neoenergia,neoenergia_pernambuco,Neoenergia Pernambuco — COMPANHIA ENERGÉTICA DE PERNAMBUCO,nao_classificado,72636490,20999,19627619.01,48212294,0.00028909711909262133,43.555280733997016,0.4071081747323619,0.4965124252240323,0.651540632118588
neoenergia,Grupo Neoenergia,neoenergia_pernambuco,Neoenergia Pernambuco — COMPANHIA ENERGÉTICA DE PERNAMBUCO,rural,314904,12414,2528724.87,48212294,0.03942153799253106,25.74861922147907,0.052449793614881716,0.2935237509753387,0.08394125642108612
neoenergia,Grupo Neoenergia,neoenergia_pernambuco,Neoenergia Pernambuco — COMPANHIA ENERGÉTICA DE PERNAMBUCO,urbana,2146717,8878,7776447.64,48212294,0.00413561731704738,18.414390321273657,0.16129594746103557,0.2099165346511243,0.25813990012855365
neoenergia,Grupo Neoenergia,neoenergia_pernambuco,Neoenergia Pernambuco — COMPANHIA ENERGÉTICA DE PERNAMBUCO,grupo_a,402,2,192143.2,48212294,0.004975124378109453,0.0041483195136908435,0.003985356929915013,4.728914950464616e-05,0.006378211331772141
nova,Grupo NOVA,nova_palma,Nova Palma — NOVA PALMA ENERGIA LTDA.,nao_classificado,160896,86,3372.76,206717,0.0005345067621320605,41.60277093804574,0.01631583275686083,0.86,0.6907868730913939
nova,Grupo NOVA,nova_palma,Nova Palma — NOVA PALMA ENERGIA LTDA.,urbana,11558,11,1433.4,206717,0.0009517217511680222,5.321284654866315,0.006934117658441251,0.11,0.29357971035270936
nova,Grupo NOVA,nova_palma,Nova Palma — NOVA PALMA ENERGIA LTDA.,rural,5818,3,76.33,206717,0.0005156411137848057,1.4512594513271768,0.00036924877973267803,0.03,0.01563341655589668
nova,Grupo NOVA,nova_palma,Nova Palma — NOVA PALMA ENERGIA LTDA.,grupo_a,0,0,0.0,206717,,0.0,0.0,0.0,0.0
rge,Grupo RGE,rge,RGE — RGE SUL DISTRIBUIDORA DE ENERGIA S.A.,nao_classificado,49596885,10859,7555663.8938,40145552,0.00021894520190128875,27.04907383014686,0.18820675062084088,0.691700108287152,0.791527996013972
rge,Grupo RGE,rge,RGE — RGE SUL DISTRIBUIDORA DE ENERGIA S.A.,urbana,1801192,4205,1365945.7503,40145552,0.0023345651102159013,10.474385804933009,0.03402483419084635,0.2678514555067202,0.14309587054103276
rge,Grupo RGE,rge,RGE — RGE SUL DISTRIBUIDORA DE ENERGIA S.A.,rural,114250,632,361571.0906,40145552,0.005531728665207877,1.5742715407176366,0.00900650439680092,0.0402573412319256,0.037878026971799005
rge,Grupo RGE,rge,RGE — RGE SUL DISTRIBUIDORA DE ENERGIA S.A.,grupo_a,907,3,262487.81,40145552,0.0033076074972436605,0.007472807946444477,0.006538403308042695,0.00019109497420217848,0.027498106473196154
roraima,Grupo Roraima,roraima_energia,Roraima Energia — RORAIMA ENERGIA S.A.,nao_classificado,224607,1855,1002951.33,2536562,0.008258869937268206,73.13048133654924,0.395397916550039,0.48957508577461073,0.6548282062649899
roraima,Grupo Roraima,roraima_energia,Roraima Energia — RORAIMA ENERGIA S.A.,urbana,219265,1668,477455.37,2536562,0.007607233256561694,65.75829804278389,0.18822933167018982,0.440221694378464,0.3117312218018467
roraima,Grupo Roraima,roraima_energia,Roraima Energia — RORAIMA ENERGIA S.A.,rural,14254,266,51218.42,2536562,0.018661428370983585,10.486635059580646,0.02019206311535062,0.0702032198469253,0.03344057193316338
roraima,Grupo Roraima,roraima_energia,Roraima Energia — RORAIMA ENERGIA S.A.,grupo_a,9,0,0.0,2536562,0.0,0.0,0.0,0.0,0.0
santa,Grupo Santa,santa_maria,Santa Maria — EMPRESA LUZ E FORÇA SANTA MARIA S.A.,rural,22448,408,194845.65,1650186,0.018175338560228082,24.724485603441064,0.11807496245877737,0.5714285714285714,0.7921314164991913
santa,Grupo Santa,santa_maria,Santa Maria — EMPRESA LUZ E FORÇA SANTA MARIA S.A.,nao_classificado,443783,211,28783.77,1650186,0.00047545759977286195,12.786437407661923,0.017442742818082325,0.29551820728291317,0.11701841176483503
santa,Grupo Santa,santa_maria,Santa Maria — EMPRESA LUZ E FORÇA SANTA MARIA S.A.,urbana,64107,95,22347.0,1650186,0.0014818974526962735,5.7569267949188765,0.013542109798531802,0.1330532212885154,0.09085017173597372
santa,Grupo Santa,santa_maria,Santa Maria — EMPRESA LUZ E FORÇA SANTA MARIA S.A.,grupo_a,1,0,0.0,1650186,0.0,0.0,0.0,0.0,0.0
sulgipe,Grupo Sulgipe,sulgipe,Sulgipe — COMPANHIA SUL SERGIPANA DE ELETRICIDADE,nao_classificado,349328,110,85628.95,2015858,0.0003148903036687583,5.456733559605885,0.04247766955807403,0.5641025641025641,0.8733680372957102
sulgipe,Grupo Sulgipe,sulgipe,Sulgipe — COMPANHIA SUL SERGIPANA DE ELETRICIDADE,rural,31996,43,4379.3,2015858,0.0013439179897487186,2.133086755118664,0.00217242484341655,0.2205128205128205,0.04466644336674809
sulgipe,Grupo Sulgipe,sulgipe,Sulgipe — COMPANHIA SUL SERGIPANA DE ELETRICIDADE,urbana,62355,42,8036.2699999999995,2015858,0.0006735626653836901,2.083480086394974,0.003986525836641271,0.2153846153846154,0.08196551933754176
sulgipe,Grupo Sulgipe,sulgipe,Sulgipe — COMPANHIA SUL SERGIPANA DE ELETRICIDADE,grupo_a,0,0,0.0,2015858,,0.0,0.0,0.0,0.0
