group_id,group_label,distributor_id,distributor_label,ano,qtd_serv_realizado,qtd_fora_prazo,compensacao_rs,exposicao_uc_mes,taxa_fora_prazo,fora_prazo_por_100k_uc_mes,compensacao_rs_por_uc_mes,escopo_servico
amazonas,Grupo Amazonas,amazonas_energia,Amazonas Energia — AMAZONAS ENERGIA S.A.,2023,416369,3580,1277810.63,13809338,0.008598142513011294,25.924486749473434,0.0925323596250595,sem_cod_69_93
amazonas,Grupo Amazonas,amazonas_energia,Amazonas Energia — AMAZONAS ENERGIA S.A.,2024,623391,2277,490550.44,1166699,0.003652603261837274,195.1660196845973,0.42046015296147504,sem_cod_69_93
amazonas,Grupo Amazonas,amazonas_energia,Amazonas Energia — AMAZONAS ENERGIA S.A.,2025,466715,2102,505310.31,0,0.004503819247292245,,,sem_cod_69_93
amazonas,Grupo Amazonas,amazonas_energia,Amazonas Energia — AMAZONAS ENERGIA S.A.,2026,191049,472,105846.36,0,0.002470570377233066,,,sem_cod_69_93
castro_dis,Grupo Castro DIS,castro_dis,Castro-Dis — COOPERATIVA DE DISTRIBUIÇÃO DE ENERGIA ELÉTRICA DE CASTRO,2023,1063,11,0.0,27930,0.010348071495766699,39.38417472252059,0.0,sem_cod_69_93
castro_dis,Grupo Castro DIS,castro_dis,Castro-Dis — COOPERATIVA DE DISTRIBUIÇÃO DE ENERGIA ELÉTRICA DE CASTRO,2024,599,6,0.0,0,0.01001669449081803,,,sem_cod_69_93
castro_dis,Grupo Castro DIS,castro_dis,Castro-Dis — COOPERATIVA DE DISTRIBUIÇÃO DE ENERGIA ELÉTRICA DE CASTRO,2025,954,3,90.86,0,0.0031446540880503146,,,sem_cod_69_93
castro_dis,Grupo Castro DIS,castro_dis,Castro-Dis — COOPERATIVA DE DISTRIBUIÇÃO DE ENERGIA ELÉTRICA DE CASTRO,2026,345,1,0.0,0,0.002898550724637681,,,sem_cod_69_93
cedrap,Grupo Cedrap,cedrap,Cedrap — COOPERATIVA DE ELETRIFICAÇÃO DA REGIÃO DO ALTO DA PARAÍBA,2023,3099,33,0.0,91619,0.010648596321393998,36.01872973946452,0.0,sem_cod_69_93
cedrap,Grupo Cedrap,cedrap,Cedrap — COOPERATIVA DE ELETRIFICAÇÃO DA REGIÃO DO ALTO DA PARAÍBA,2024,3510,17,3252.29,0,0.004843304843304843,,,sem_cod_69_93
cedrap,Grupo Cedrap,cedrap,Cedrap — COOPERATIVA DE ELETRIFICAÇÃO DA REGIÃO DO ALTO DA PARAÍBA,2025,3107,19,624.78,0,0.006115223688445446,,,sem_cod_69_93
cedrap,Grupo Cedrap,cedrap,Cedrap — COOPERATIVA DE ELETRIFICAÇÃO DA REGIÃO DO ALTO DA PARAÍBA,2026,939,3,0.0,0,0.003194888178913738,,,sem_cod_69_93
cedri,Grupo Cedri,cedri,Cedri — COOPERATIVA DE ELETRIFICAÇÃO E DISTRIBUIÇÃO DA REGIÃO DE ITARIRI,2023,997,4,0.0,36331,0.004012036108324975,11.009881368528253,0.0,sem_cod_69_93
cedri,Grupo Cedri,cedri,Cedri — COOPERATIVA DE ELETRIFICAÇÃO E DISTRIBUIÇÃO DA REGIÃO DE ITARIRI,2024,705,6,0.0,0,0.00851063829787234,,,sem_cod_69_93
cedri,Grupo Cedri,cedri,Cedri — COOPERATIVA DE ELETRIFICAÇÃO E DISTRIBUIÇÃO DA REGIÃO DE ITARIRI,2025,1044,31,5938.19,0,0.029693486590038315,,,sem_cod_69_93
cedri,Grupo Cedri,cedri,Cedri — COOPERATIVA DE ELETRIFICAÇÃO E DISTRIBUIÇÃO DA REGIÃO DE ITARIRI,2026,360,6,0.0,0,0.016666666666666666,,,sem_cod_69_93
cegero,Grupo Cegero,cegero,Cegero — COOPERATIVA DE ELETRICIDADE DE SÃO LUDGERO,2023,3205,23,0.0,82556,0.007176287051482059,27.859876932021898,0.0,sem_cod_69_93
cegero,Grupo Cegero,cegero,Cegero — COOPERATIVA DE ELETRICIDADE DE SÃO LUDGERO,2024,2555,6,697.41,6972,0.0023483365949119373,86.05851979345955,0.1000301204819277,sem_cod_69_93
cegero,Grupo Cegero,cegero,Cegero — COOPERATIVA DE ELETRICIDADE DE SÃO LUDGERO,2025,3664,10,126.12,0,0.0027292576419213972,,,sem_cod_69_93
cegero,Grupo Cegero,cegero,Cegero — COOPERATIVA DE ELETRICIDADE DE SÃO LUDGERO,2026,1506,0,0.0,0,0.0,,,sem_cod_69_93
cejama,Grupo Cejama,cejama,Cejama — COOPERATIVA DE ELETRICIDADE JACINTO MACHADO,2023,1635,11,0.0,61532,0.00672782874617737,17.87687707209257,0.0,sem_cod_69_93
cejama,Grupo Cejama,cejama,Cejama — COOPERATIVA DE ELETRICIDADE JACINTO MACHADO,2024,1506,4,624.98,0,0.0026560424966799467,,,sem_cod_69_93
cejama,Grupo Cejama,cejama,Cejama — COOPERATIVA DE ELETRICIDADE JACINTO MACHADO,2025,2246,7,201.52,0,0.003116651825467498,,,sem_cod_69_93
cejama,Grupo Cejama,cejama,Cejama — COOPERATIVA DE ELETRICIDADE JACINTO MACHADO,2026,677,3,74.37,0,0.004431314623338257,,,sem_cod_69_93
celesc,Grupo Celesc,celesc_dis,Celesc-Dis — CELESC DISTRIBUIÇÃO S.A.,2023,1292480,10467,3714749.3,0,0.008098384501114136,,,sem_cod_69_93
celesc,Grupo Celesc,celesc_dis,Celesc-Dis — CELESC DISTRIBUIÇÃO S.A.,2024,1814373,113612,2159009.16,0,0.06261777484563538,,,sem_cod_69_93
celesc,Grupo Celesc,celesc_dis,Celesc-Dis — CELESC DISTRIBUIÇÃO S.A.,2025,2165838,390378,19333108.65,0,0.18024339770564557,,,sem_cod_69_93
celesc,Grupo Celesc,celesc_dis,Celesc-Dis — CELESC DISTRIBUIÇÃO S.A.,2026,747536,49227,2454675.73,0,0.06585234691038291,,,sem_cod_69_93
celetro,Grupo Celetro,celetro,Celetro — COOPERATIVA DE ELETRIFICAÇÃO CENTRO JACUÍ LTDA.,2023,13241,56,744.12,287446,0.004229287818140624,19.48192008238069,0.0025887297092323427,sem_cod_69_93
celetro,Grupo Celetro,celetro,Celetro — COOPERATIVA DE ELETRIFICAÇÃO CENTRO JACUÍ LTDA.,2024,7846,71,1752.33,24050,0.009049197043079276,295.2182952182952,0.07286195426195426,sem_cod_69_93
celetro,Grupo Celetro,celetro,Celetro — COOPERATIVA DE ELETRIFICAÇÃO CENTRO JACUÍ LTDA.,2025,9836,9,1654.81,0,0.0009150061000406669,,,sem_cod_69_93
celetro,Grupo Celetro,celetro,Celetro — COOPERATIVA DE ELETRIFICAÇÃO CENTRO JACUÍ LTDA.,2026,2766,1,8689.25,0,0.00036153289949385393,,,sem_cod_69_93
cemig,Grupo Cemig,cemig_d,Cemig-D — CEMIG DISTRIBUIÇÃO S.A.,2023,2967533,104868,80661682.39999999,124181397,0.03533844442504936,84.44743136526318,0.649547229686907,sem_cod_69_93
cemig,Grupo Cemig,cemig_d,Cemig-D — CEMIG DISTRIBUIÇÃO S.A.,2024,3374524,56430,34217252.02,10390137,0.016722358471891147,543.1112217288377,3.2932435847573522,sem_cod_69_93
cemig,Grupo Cemig,cemig_d,Cemig-D — CEMIG DISTRIBUIÇÃO S.A.,2025,4067307,48324,40426408.85,0,0.011881080036495894,,,sem_cod_69_93
cemig,Grupo Cemig,cemig_d,Cemig-D — CEMIG DISTRIBUIÇÃO S.A.,2026,1442329,19580,12214225.969999999,0,0.013575266114735265,,,sem_cod_69_93
cemirim,Grupo Cemirim,cemirim,Cemirim — COOPERATIVA DE ELETRIFICAÇÃO E DESENVOLVIMENTO DA REGIÃO DE MOGI MIRIM,2023,12233,112,0.0,199756,0.009155562821875256,56.068403452211705,0.0,sem_cod_69_93
cemirim,Grupo Cemirim,cemirim,Cemirim — COOPERATIVA DE ELETRIFICAÇÃO E DESENVOLVIMENTO DA REGIÃO DE MOGI MIRIM,2024,11313,24,3264.2599999999998,16935,0.0021214531954388757,141.718334809566,0.1927522881606141,sem_cod_69_93
cemirim,Grupo Cemirim,cemirim,Cemirim — COOPERATIVA DE ELETRIFICAÇÃO E DESENVOLVIMENTO DA REGIÃO DE MOGI MIRIM,2025,11821,43,4679.97,0,0.003637594112173251,,,sem_cod_69_93
cemirim,Grupo Cemirim,cemirim,Cemirim — COOPERATIVA DE ELETRIFICAÇÃO E DESENVOLVIMENTO DA REGIÃO DE MOGI MIRIM,2026,4248,10,255.41,0,0.0023540489642184556,,,sem_cod_69_93
ceprag,Grupo Ceprag,ceprag,Ceprag — COOPERATIVA DE ELETRICIDADE PRAIA GRANDE,2023,9790,22,5143.929999999999,245475,0.0022471910112359553,8.962216111620329,0.020955005601385066,sem_cod_69_93
ceprag,Grupo Ceprag,ceprag,Ceprag — COOPERATIVA DE ELETRICIDADE PRAIA GRANDE,2024,10151,59,2793.08,21063,0.005812235247758842,280.1120448179272,0.13260599154916203,sem_cod_69_93
ceprag,Grupo Ceprag,ceprag,Ceprag — COOPERATIVA DE ELETRICIDADE PRAIA GRANDE,2025,10402,59,2698.89,0,0.005671986156508364,,,sem_cod_69_93
ceprag,Grupo Ceprag,ceprag,Ceprag — COOPERATIVA DE ELETRICIDADE PRAIA GRANDE,2026,2061,5,1038.2,0,0.0024260067928190197,,,sem_cod_69_93
ceraca,Grupo Ceraca,ceraca,Ceraçá — COOPERATIVA DISTRIBUIDORA DE ENERGIA VALE DO ARAÇÁ,2023,3403,80,314.91999999999996,152587,0.023508668821627974,52.42910601820601,0.002063871758406679,sem_cod_69_93
ceraca,Grupo Ceraca,ceraca,Ceraçá — COOPERATIVA DISTRIBUIDORA DE ENERGIA VALE DO ARAÇÁ,2024,3836,35,11028.779999999999,12845,0.009124087591240875,272.4795640326975,0.8586049046321524,sem_cod_69_93
ceraca,Grupo Ceraca,ceraca,Ceraçá — COOPERATIVA DISTRIBUIDORA DE ENERGIA VALE DO ARAÇÁ,2025,3498,47,6633.79,0,0.013436249285305889,,,sem_cod_69_93
ceraca,Grupo Ceraca,ceraca,Ceraçá — COOPERATIVA DISTRIBUIDORA DE ENERGIA VALE DO ARAÇÁ,2026,1581,18,4139.55,0,0.011385199240986717,,,sem_cod_69_93
ceral,Grupo Ceral,ceral_anitapolis,Ceral Anitápolis — COOPERATIVA DE DISTRIBUIÇÃO DE ENERGIA ELÉTRICA DE ANITÁPOLIS,2023,737,8,0.0,42449,0.010854816824966078,18.846144785507317,0.0,sem_cod_69_93
ceral,Grupo Ceral,ceral_anitapolis,Ceral Anitápolis — COOPERATIVA DE DISTRIBUIÇÃO DE ENERGIA ELÉTRICA DE ANITÁPOLIS,2024,520,3,0.0,0,0.0057692307692307696,,,sem_cod_69_93
ceral,Grupo Ceral,ceral_anitapolis,Ceral Anitápolis — COOPERATIVA DE DISTRIBUIÇÃO DE ENERGIA ELÉTRICA DE ANITÁPOLIS,2025,894,26,0.0,0,0.029082774049217,,,sem_cod_69_93
ceral,Grupo Ceral,ceral_anitapolis,Ceral Anitápolis — COOPERATIVA DE DISTRIBUIÇÃO DE ENERGIA ELÉTRICA DE ANITÁPOLIS,2026,422,4,0.0,0,0.009478672985781991,,,sem_cod_69_93
ceral,Grupo Ceral,ceral_araruama,Ceral Araruama — COOPERATIVA DE ELETRIFICAÇÃO RURAL DE ARARUAMA,2023,5587,13,0.0,89778,0.0023268301413996778,14.480162177816391,0.0,sem_cod_69_93
ceral,Grupo Ceral,ceral_araruama,Ceral Araruama — COOPERATIVA DE ELETRIFICAÇÃO RURAL DE ARARUAMA,2024,3869,9,3154.5899999999997,7639,0.0023261824760920135,117.81646812410003,0.4129585024217829,sem_cod_69_93
ceral,Grupo Ceral,ceral_araruama,Ceral Araruama — COOPERATIVA DE ELETRIFICAÇÃO RURAL DE ARARUAMA,2025,4787,13,571.8399999999999,0,0.0027156883225402132,,,sem_cod_69_93
ceral,Grupo Ceral,ceral_araruama,Ceral Araruama — COOPERATIVA DE ELETRIFICAÇÃO RURAL DE ARARUAMA,2026,1836,5,128.32,0,0.0027233115468409588,,,sem_cod_69_93
cerbranorte,Grupo Cerbranorte,cerbranorte,Cerbranorte — COOPERATIVA DE ELETRIFICAÇÃO DE BRAÇO DO NORTE,2023,9029,21,1189.3400000000001,215380,0.002325838963340348,9.750208933048565,0.005522054044015229,sem_cod_69_93
cerbranorte,Grupo Cerbranorte,cerbranorte,Cerbranorte — COOPERATIVA DE ELETRIFICAÇÃO DE BRAÇO DO NORTE,2024,8467,12,2249.85,0,0.0014172670367308374,,,sem_cod_69_93
cerbranorte,Grupo Cerbranorte,cerbranorte,Cerbranorte — COOPERATIVA DE ELETRIFICAÇÃO DE BRAÇO DO NORTE,2025,10843,16,5275.59,0,0.0014756063819976021,,,sem_cod_69_93
cerbranorte,Grupo Cerbranorte,cerbranorte,Cerbranorte — COOPERATIVA DE ELETRIFICAÇÃO DE BRAÇO DO NORTE,2026,4089,3,786.62,0,0.0007336757153338225,,,sem_cod_69_93
cerci,Grupo Cerci,cerci,Cerci — COOPERATIVA DE ELETRIFICAÇÃO RURAL CACHOEIRAS- ITABORAÍ LTDA,2023,13790,150,311.33000000000004,214999,0.010877447425670777,69.767766361704,0.0014480532467592874,sem_cod_69_93
cerci,Grupo Cerci,cerci,Cerci — COOPERATIVA DE ELETRIFICAÇÃO RURAL CACHOEIRAS- ITABORAÍ LTDA,2024,21089,443,103.1,0,0.02100621176916876,,,sem_cod_69_93
cerci,Grupo Cerci,cerci,Cerci — COOPERATIVA DE ELETRIFICAÇÃO RURAL CACHOEIRAS- ITABORAÍ LTDA,2025,15242,345,1.37,0,0.0226348248261383,,,sem_cod_69_93
cerci,Grupo Cerci,cerci,Cerci — COOPERATIVA DE ELETRIFICAÇÃO RURAL CACHOEIRAS- ITABORAÍ LTDA,2026,4714,201,571.22,0,0.04263894781501909,,,sem_cod_69_93
cercos,Grupo Cercos,cercos,Cercos — COOPERATIVA DE ELETRIFICAÇÃO E DESENVOLVIMENTO RURAL CENTRO SUL DE SERGIPE LTDA,2023,3388,68,16964.96,45214,0.020070838252656435,150.39589507674614,0.3752147564913522,sem_cod_69_93
cercos,Grupo Cercos,cercos,Cercos — COOPERATIVA DE ELETRIFICAÇÃO E DESENVOLVIMENTO RURAL CENTRO SUL DE SERGIPE LTDA,2024,3850,38,20817.6,0,0.009870129870129871,,,sem_cod_69_93
cercos,Grupo Cercos,cercos,Cercos — COOPERATIVA DE ELETRIFICAÇÃO E DESENVOLVIMENTO RURAL CENTRO SUL DE SERGIPE LTDA,2025,3604,5,4179.63,0,0.0013873473917869034,,,sem_cod_69_93
cercos,Grupo Cercos,cercos,Cercos — COOPERATIVA DE ELETRIFICAÇÃO E DESENVOLVIMENTO RURAL CENTRO SUL DE SERGIPE LTDA,2026,1405,1,1050.4299999999998,0,0.0007117437722419929,,,sem_cod_69_93
cerej,Grupo Cerej,cerej,Cerej — COOPERATIVA DE PRESTAÇÃO DE SERVIÇOS PÚBLICOS DE DISTRIBUIÇÃO DE ENERGIA ELÉTRICA SENADOR ESTEVES JÚNIOR,2023,8462,123,0.0,185554,0.01453557078704798,66.28798085732454,0.0,sem_cod_69_93
cerej,Grupo Cerej,cerej,Cerej — COOPERATIVA DE PRESTAÇÃO DE SERVIÇOS PÚBLICOS DE DISTRIBUIÇÃO DE ENERGIA ELÉTRICA SENADOR ESTEVES JÚNIOR,2024,5236,45,12534.93,0,0.008594346829640947,,,sem_cod_69_93
cerej,Grupo Cerej,cerej,Cerej — COOPERATIVA DE PRESTAÇÃO DE SERVIÇOS PÚBLICOS DE DISTRIBUIÇÃO DE ENERGIA ELÉTRICA SENADOR ESTEVES JÚNIOR,2025,5974,74,7032.2,0,0.012387010378305993,,,sem_cod_69_93
cerej,Grupo Cerej,cerej,Cerej — COOPERATIVA DE PRESTAÇÃO DE SERVIÇOS PÚBLICOS DE DISTRIBUIÇÃO DE ENERGIA ELÉTRICA SENADOR ESTEVES JÚNIOR,2026,2711,21,2862.17,0,0.007746219107340465,,,sem_cod_69_93
ceres,Grupo Ceres,ceres,Ceres — COOPERATIVA DE ELETRIFICAÇÃO RURAL DE RESENDE LTDA.,2023,2381,99,595.05,69735,0.041579168416631666,141.9660141966014,0.008533017853301786,sem_cod_69_93
ceres,Grupo Ceres,ceres,Ceres — COOPERATIVA DE ELETRIFICAÇÃO RURAL DE RESENDE LTDA.,2024,7097,68,0.0,5870,0.009581513315485417,1158.4327086882454,0.0,sem_cod_69_93
ceres,Grupo Ceres,ceres,Ceres — COOPERATIVA DE ELETRIFICAÇÃO RURAL DE RESENDE LTDA.,2025,4302,53,278.57,0,0.012319851231985124,,,sem_cod_69_93
ceres,Grupo Ceres,ceres,Ceres — COOPERATIVA DE ELETRIFICAÇÃO RURAL DE RESENDE LTDA.,2026,1145,23,0.0,0,0.020087336244541485,,,sem_cod_69_93
cerfox,Grupo Cerfox,cerfox,Cerfox — COOPERATIVA DE DISTRIBUIÇÃO DE ENERGIA FONTOURA XAVIER,2023,12261,154,88.27,193631,0.012560150069325503,79.53271945091437,0.0004558670873981955,sem_cod_69_93
cerfox,Grupo Cerfox,cerfox,Cerfox — COOPERATIVA DE DISTRIBUIÇÃO DE ENERGIA FONTOURA XAVIER,2024,9948,53,3988.45,0,0.005327704061117813,,,sem_cod_69_93
cerfox,Grupo Cerfox,cerfox,Cerfox — COOPERATIVA DE DISTRIBUIÇÃO DE ENERGIA FONTOURA XAVIER,2025,11062,56,13480.23,0,0.005062375700596637,,,sem_cod_69_93
cerfox,Grupo Cerfox,cerfox,Cerfox — COOPERATIVA DE DISTRIBUIÇÃO DE ENERGIA FONTOURA XAVIER,2026,3519,6,777.38,0,0.0017050298380221654,,,sem_cod_69_93
cergal,Grupo Cergal,cergal,Cergal — COOPERATIVA DE ELETRIFICAÇÃO RURAL ANITA GARIBALDI LTDA,2023,6578,41,251.44,243916,0.006232897537245363,16.809065415962873,0.0010308466849243182,sem_cod_69_93
cergal,Grupo Cergal,cergal,Cergal — COOPERATIVA DE ELETRIFICAÇÃO RURAL ANITA GARIBALDI LTDA,2024,7151,19,1587.5900000000001,20522,0.0026569710529995806,92.58356885293831,0.0773603937238086,sem_cod_69_93
cergal,Grupo Cergal,cergal,Cergal — COOPERATIVA DE ELETRIFICAÇÃO RURAL ANITA GARIBALDI LTDA,2025,8215,24,4150.4400000000005,0,0.0029214850882531953,,,sem_cod_69_93
cergal,Grupo Cergal,cergal,Cergal — COOPERATIVA DE ELETRIFICAÇÃO RURAL ANITA GARIBALDI LTDA,2026,3590,4,4021.99,0,0.0011142061281337048,,,sem_cod_69_93
cergapa,Grupo Cergapa,cergapa,Cergapa — COOPERATIVA DE ELETRICIDADE DE GRÃO PARÁ,2023,1533,6,1.0,47709,0.003913894324853229,12.576243476073698,2.0960405793456162e-05,sem_cod_69_93
cergapa,Grupo Cergapa,cergapa,Cergapa — COOPERATIVA DE ELETRICIDADE DE GRÃO PARÁ,2024,4239,0,0.0,3989,0.0,0.0,0.0,sem_cod_69_93
cergapa,Grupo Cergapa,cergapa,Cergapa — COOPERATIVA DE ELETRICIDADE DE GRÃO PARÁ,2025,1216,0,0.0,0,0.0,,,sem_cod_69_93
cergapa,Grupo Cergapa,cergapa,Cergapa — COOPERATIVA DE ELETRICIDADE DE GRÃO PARÁ,2026,300,0,0.0,0,0.0,,,sem_cod_69_93
cergral,Grupo Cergral,cergral,Cergral — COOPERATIVA DE ELETRICIDADE DE GRAVATAL,2023,3830,65,71.09,82236,0.016971279373368148,79.04080937788804,0.0008644632521037016,sem_cod_69_93
cergral,Grupo Cergral,cergral,Cergral — COOPERATIVA DE ELETRICIDADE DE GRAVATAL,2024,4015,19,2964.6400000000003,6890,0.004732254047322541,275.7619738751814,0.4302815674891147,sem_cod_69_93
cergral,Grupo Cergral,cergral,Cergral — COOPERATIVA DE ELETRICIDADE DE GRAVATAL,2025,5132,11,825.1399999999999,0,0.0021434138737334374,,,sem_cod_69_93
cergral,Grupo Cergral,cergral,Cergral — COOPERATIVA DE ELETRICIDADE DE GRAVATAL,2026,1819,4,155.05,0,0.0021990104452996153,,,sem_cod_69_93
ceriluz,Grupo Ceriluz,ceriluz,Ceriluz — COOPERATIVA REGIONAL DE ENERGIA E DESENVOLVIMENTO IJUÍ LTDA,2023,5490,6,340.69,179382,0.001092896174863388,3.3448172057397065,0.0018992429563724341,sem_cod_69_93
ceriluz,Grupo Ceriluz,ceriluz,Ceriluz — COOPERATIVA REGIONAL DE ENERGIA E DESENVOLVIMENTO IJUÍ LTDA,2024,3985,14,4604.74,15028,0.0035131744040150566,93.15943571998936,0.30641070002661697,sem_cod_69_93
ceriluz,Grupo Ceriluz,ceriluz,Ceriluz — COOPERATIVA REGIONAL DE ENERGIA E DESENVOLVIMENTO IJUÍ LTDA,2025,5148,7,296.46,0,0.0013597513597513598,,,sem_cod_69_93
ceriluz,Grupo Ceriluz,ceriluz,Ceriluz — COOPERATIVA REGIONAL DE ENERGIA E DESENVOLVIMENTO IJUÍ LTDA,2026,1841,0,0.0,0,0.0,,,sem_cod_69_93
cerim,Grupo Cerim,cerim,Cerim — COOPERATIVA DE ELETRIFICAÇÃO E DESENVOLVIMENTO DA REGIÃO DE ITU-MAIRINQUE,2023,10983,22,103.3,186069,0.0020030956933442595,11.823570825876423,0.000555170393778652,sem_cod_69_93
cerim,Grupo Cerim,cerim,Cerim — COOPERATIVA DE ELETRIFICAÇÃO E DESENVOLVIMENTO DA REGIÃO DE ITU-MAIRINQUE,2024,10167,19,2143.51,15787,0.001868791187174191,120.35218850953316,0.1357769050484576,sem_cod_69_93
cerim,Grupo Cerim,cerim,Cerim — COOPERATIVA DE ELETRIFICAÇÃO E DESENVOLVIMENTO DA REGIÃO DE ITU-MAIRINQUE,2025,11348,21,6614.75,0,0.0018505463517800493,,,sem_cod_69_93
cerim,Grupo Cerim,cerim,Cerim — COOPERATIVA DE ELETRIFICAÇÃO E DESENVOLVIMENTO DA REGIÃO DE ITU-MAIRINQUE,2026,3963,2,845.97,0,0.0005046681806712087,,,sem_cod_69_93
ceripa,Grupo Ceripa,ceripa,Ceripa — COOPERATIVA DE ELETRIFICAÇÃO RURAL DE ITAÍ-PARANAPANEMA-AVARÉ,2023,2959,4,0.0,89441,0.0013518080432578573,4.472221911651256,0.0,sem_cod_69_93
ceripa,Grupo Ceripa,ceripa,Ceripa — COOPERATIVA DE ELETRIFICAÇÃO RURAL DE ITAÍ-PARANAPANEMA-AVARÉ,2024,3976,2,0.0,0,0.0005030181086519115,,,sem_cod_69_93
ceripa,Grupo Ceripa,ceripa,Ceripa — COOPERATIVA DE ELETRIFICAÇÃO RURAL DE ITAÍ-PARANAPANEMA-AVARÉ,2025,5023,3,0.0,0,0.0005972526378658173,,,sem_cod_69_93
ceripa,Grupo Ceripa,ceripa,Ceripa — COOPERATIVA DE ELETRIFICAÇÃO RURAL DE ITAÍ-PARANAPANEMA-AVARÉ,2026,1792,2,0.0,0,0.0011160714285714285,,,sem_cod_69_93
ceris,Grupo Ceris,ceris,Ceris — COOPERATIVA DE ELETRIFICAÇÃO RURAL DA REGIÃO DE ITAPECERICA DA SERRA,2023,3207,4,4.35,84059,0.0012472715933894605,4.7585624382873934,5.17493665163754e-05,sem_cod_69_93
ceris,Grupo Ceris,ceris,Ceris — COOPERATIVA DE ELETRIFICAÇÃO RURAL DA REGIÃO DE ITAPECERICA DA SERRA,2024,1847,4,66.98,7085,0.002165674066053059,56.457304163726185,0.00945377558221595,sem_cod_69_93
ceris,Grupo Ceris,ceris,Ceris — COOPERATIVA DE ELETRIFICAÇÃO RURAL DA REGIÃO DE ITAPECERICA DA SERRA,2025,2288,14,734.26,0,0.006118881118881119,,,sem_cod_69_93
ceris,Grupo Ceris,ceris,Ceris — COOPERATIVA DE ELETRIFICAÇÃO RURAL DA REGIÃO DE ITAPECERICA DA SERRA,2026,853,7,450.11,0,0.008206330597889801,,,sem_cod_69_93
cermc,Grupo Cermc,cermc,Cermc — COOPERATIVA DE ELETRIFICAÇÃO E DESENVOLVIMENTO DA REGIÃO DE MOGI DAS CRUZES,2023,2480,50,0.0,40744,0.020161290322580645,122.71745533084625,0.0,sem_cod_69_93
cermc,Grupo Cermc,cermc,Cermc — COOPERATIVA DE ELETRIFICAÇÃO E DESENVOLVIMENTO DA REGIÃO DE MOGI DAS CRUZES,2024,1801,28,0.0,0,0.015546918378678512,,,sem_cod_69_93
cermc,Grupo Cermc,cermc,Cermc — COOPERATIVA DE ELETRIFICAÇÃO E DESENVOLVIMENTO DA REGIÃO DE MOGI DAS CRUZES,2025,1996,19,0.0,0,0.009519038076152305,,,sem_cod_69_93
cermc,Grupo Cermc,cermc,Cermc — COOPERATIVA DE ELETRIFICAÇÃO E DESENVOLVIMENTO DA REGIÃO DE MOGI DAS CRUZES,2026,486,2,0.0,0,0.00411522633744856,,,sem_cod_69_93
cermissoes,Grupo Cermissoes,cermissoes,Cermissões — COOPERATIVA DE DISTRIBUIÇÃO E GERAÇÃO DE ENERGIA DAS MISSÕES,2023,29989,218,52555.5,340883,0.007269332088432425,63.95156109280897,0.15417459949601475,sem_cod_69_93
cermissoes,Grupo Cermissoes,cermissoes,Cermissões — COOPERATIVA DE DISTRIBUIÇÃO E GERAÇÃO DE ENERGIA DAS MISSÕES,2024,24664,177,20364.78,0,0.007176451508271164,,,sem_cod_69_93
cermissoes,Grupo Cermissoes,cermissoes,Cermissões — COOPERATIVA DE DISTRIBUIÇÃO E GERAÇÃO DE ENERGIA DAS MISSÕES,2025,24576,142,14232.35,0,0.005777994791666667,,,sem_cod_69_93
cermissoes,Grupo Cermissoes,cermissoes,Cermissões — COOPERATIVA DE DISTRIBUIÇÃO E GERAÇÃO DE ENERGIA DAS MISSÕES,2026,5319,21,1523.12,0,0.003948110547095319,,,sem_cod_69_93
cermoful,Grupo Cermoful,cermoful,Cermoful — COOPERATIVA FUMACENSE DE ELETRICIDADE,2023,5760,54,1457.5700000000002,177252,0.009375,30.465100534831766,0.008223151219732359,sem_cod_69_93
cermoful,Grupo Cermoful,cermoful,Cermoful — COOPERATIVA FUMACENSE DE ELETRICIDADE,2024,6024,88,40854.01,0,0.014608233731739707,,,sem_cod_69_93
cermoful,Grupo Cermoful,cermoful,Cermoful — COOPERATIVA FUMACENSE DE ELETRICIDADE,2025,8945,28,1021.98,0,0.0031302403577417553,,,sem_cod_69_93
cermoful,Grupo Cermoful,cermoful,Cermoful — COOPERATIVA FUMACENSE DE ELETRICIDADE,2026,2502,19,0.0,0,0.007593924860111911,,,sem_cod_69_93
cernhe,Grupo Cernhe,cernhe,Cernhe — COOPERATIVA DE ELETRIFICAÇÃO E DESENVOLVIMENTO RURAL DA REGIÃO DE NOVO HORIZONTE,2023,2561,25,0.0,56010,0.009761811792268645,44.63488662738797,0.0,sem_cod_69_93
cernhe,Grupo Cernhe,cernhe,Cernhe — COOPERATIVA DE ELETRIFICAÇÃO E DESENVOLVIMENTO RURAL DA REGIÃO DE NOVO HORIZONTE,2024,1392,23,162.41,0,0.016522988505747127,,,sem_cod_69_93
cernhe,Grupo Cernhe,cernhe,Cernhe — COOPERATIVA DE ELETRIFICAÇÃO E DESENVOLVIMENTO RURAL DA REGIÃO DE NOVO HORIZONTE,2025,3838,3,262.29,0,0.000781657113079729,,,sem_cod_69_93
cernhe,Grupo Cernhe,cernhe,Cernhe — COOPERATIVA DE ELETRIFICAÇÃO E DESENVOLVIMENTO RURAL DA REGIÃO DE NOVO HORIZONTE,2026,1189,3,435.11,0,0.002523128679562658,,,sem_cod_69_93
cerpalo,Grupo Cerpalo,cerpalo,Cerpalo — COOPERATIVA DE ELETRIFICAÇÃO DE PAULO LOPES,2023,7270,10,0.0,199366,0.001375515818431912,5.015900404281572,0.0,sem_cod_69_93
cerpalo,Grupo Cerpalo,cerpalo,Cerpalo — COOPERATIVA DE ELETRIFICAÇÃO DE PAULO LOPES,2024,7662,6,0.0,16931,0.0007830853563038371,35.43795404878625,0.0,sem_cod_69_93
cerpalo,Grupo Cerpalo,cerpalo,Cerpalo — COOPERATIVA DE ELETRIFICAÇÃO DE PAULO LOPES,2025,9361,11,0.0,0,0.0011750881316098707,,,sem_cod_69_93
cerpalo,Grupo Cerpalo,cerpalo,Cerpalo — COOPERATIVA DE ELETRIFICAÇÃO DE PAULO LOPES,2026,2965,4,0.0,0,0.0013490725126475548,,,sem_cod_69_93
cerpro,Grupo Cerpro,cerpro,Cerpro — COOPERATIVA DE ELETRIFICAÇÃO RURAL DA REGIÃO DE PROMISSÃO,2023,897,2,0.0,24463,0.002229654403567447,8.175612148959653,0.0,sem_cod_69_93
cerpro,Grupo Cerpro,cerpro,Cerpro — COOPERATIVA DE ELETRIFICAÇÃO RURAL DA REGIÃO DE PROMISSÃO,2024,787,3,114.35,2052,0.0038119440914866584,146.19883040935673,0.055726120857699804,sem_cod_69_93
cerpro,Grupo Cerpro,cerpro,Cerpro — COOPERATIVA DE ELETRIFICAÇÃO RURAL DA REGIÃO DE PROMISSÃO,2025,1628,2,597.1600000000001,0,0.0012285012285012285,,,sem_cod_69_93
cerpro,Grupo Cerpro,cerpro,Cerpro — COOPERATIVA DE ELETRIFICAÇÃO RURAL DA REGIÃO DE PROMISSÃO,2026,310,1,0.0,0,0.0032258064516129032,,,sem_cod_69_93
cerrp,Grupo Cerrp,cerrp,Cerrp — COOPERATIVA DE ELETRIFICAÇÃO E DESENVOLVIMENTO DA REGIÃO DE SÃO JOSÉ DO RIO PRETO,2023,1849,16,0.0,62810,0.008653326122228232,25.473650692564878,0.0,sem_cod_69_93
cerrp,Grupo Cerrp,cerrp,Cerrp — COOPERATIVA DE ELETRIFICAÇÃO E DESENVOLVIMENTO DA REGIÃO DE SÃO JOSÉ DO RIO PRETO,2024,1532,6,0.0,3504,0.0039164490861618795,171.23287671232876,0.0,sem_cod_69_93
cerrp,Grupo Cerrp,cerrp,Cerrp — COOPERATIVA DE ELETRIFICAÇÃO E DESENVOLVIMENTO DA REGIÃO DE SÃO JOSÉ DO RIO PRETO,2025,1606,1,0.0,0,0.0006226650062266501,,,sem_cod_69_93
cerrp,Grupo Cerrp,cerrp,Cerrp — COOPERATIVA DE ELETRIFICAÇÃO E DESENVOLVIMENTO DA REGIÃO DE SÃO JOSÉ DO RIO PRETO,2026,631,2,0.0,0,0.003169572107765452,,,sem_cod_69_93
cersad,Grupo Cersad,cersad,Cersad — COOPERATIVA DE DISTRIBUIÇÃO DE ENERGIA ELÉTRICA SALTO DONNER,2023,394,0,0.0,16531,0.0,0.0,0.0,sem_cod_69_93
cersad,Grupo Cersad,cersad,Cersad — COOPERATIVA DE DISTRIBUIÇÃO DE ENERGIA ELÉTRICA SALTO DONNER,2024,260,12,1240.42,1394,0.046153846153846156,860.832137733142,0.8898278335724534,sem_cod_69_93
cersad,Grupo Cersad,cersad,Cersad — COOPERATIVA DE DISTRIBUIÇÃO DE ENERGIA ELÉTRICA SALTO DONNER,2025,263,6,332.31,0,0.022813688212927757,,,sem_cod_69_93
cersad,Grupo Cersad,cersad,Cersad — COOPERATIVA DE DISTRIBUIÇÃO DE ENERGIA ELÉTRICA SALTO DONNER,2026,109,1,0.0,0,0.009174311926605505,,,sem_cod_69_93
cersul,Grupo Cersul,cersul,Cersul — COOPERATIVA DE DISTRIBUIÇÃOI DE ENERGIA,2023,6826,18,5812.81,222624,0.002636976267213595,8.085381630012938,0.026110437329308612,sem_cod_69_93
cersul,Grupo Cersul,cersul,Cersul — COOPERATIVA DE DISTRIBUIÇÃOI DE ENERGIA,2024,8007,18,550.24,18638,0.0022480329711502436,96.57688593196694,0.029522480952891943,sem_cod_69_93
cersul,Grupo Cersul,cersul,Cersul — COOPERATIVA DE DISTRIBUIÇÃOI DE ENERGIA,2025,9500,5,1274.67,0,0.0005263157894736842,,,sem_cod_69_93
cersul,Grupo Cersul,cersul,Cersul — COOPERATIVA DE DISTRIBUIÇÃOI DE ENERGIA,2026,3122,3,179.21,0,0.0009609224855861628,,,sem_cod_69_93
certaja,Grupo Certaja,certaja_energia,Certaja Energia — COOPERATIVA REGIONAL DE ENERGIA TAQUARI JACUÍ,2023,13304,35,0.0,316205,0.002630787733012628,11.068768678547144,0.0,sem_cod_69_93
certaja,Grupo Certaja,certaja_energia,Certaja Energia — COOPERATIVA REGIONAL DE ENERGIA TAQUARI JACUÍ,2024,10828,108,9420.779999999999,0,0.009974141115626155,,,sem_cod_69_93
certaja,Grupo Certaja,certaja_energia,Certaja Energia — COOPERATIVA REGIONAL DE ENERGIA TAQUARI JACUÍ,2025,17343,43,2441.8199999999997,0,0.0024793864959926195,,,sem_cod_69_93
certaja,Grupo Certaja,certaja_energia,Certaja Energia — COOPERATIVA REGIONAL DE ENERGIA TAQUARI JACUÍ,2026,4828,11,1277.23,0,0.0022783761391880694,,,sem_cod_69_93
certel,Grupo Certel,certel_energia,Certel Energia — COOPERATIVA DE DISTRIBUIÇÃO DE ENERGIA TEUTÔNIA,2023,48441,102,0.0,881781,0.002105654301108565,11.56749805223746,0.0,sem_cod_69_93
certel,Grupo Certel,certel_energia,Certel Energia — COOPERATIVA DE DISTRIBUIÇÃO DE ENERGIA TEUTÔNIA,2024,30402,67,10150.78,74189,0.0022038023814222748,90.30988421464099,0.13682324872959603,sem_cod_69_93
certel,Grupo Certel,certel_energia,Certel Energia — COOPERATIVA DE DISTRIBUIÇÃO DE ENERGIA TEUTÔNIA,2025,41373,164,155224.88,0,0.003963937833852996,,,sem_cod_69_93
certel,Grupo Certel,certel_energia,Certel Energia — COOPERATIVA DE DISTRIBUIÇÃO DE ENERGIA TEUTÔNIA,2026,15940,9,4134.72,0,0.0005646173149309912,,,sem_cod_69_93
certhil,Grupo Certhil,certhil,Certhil — COOPERATIVA DE DISTRIBUIÇÃO DE ENERGIA ENTRE RIOS LTDA,2023,3436,7,0.0,51685,0.002037252619324796,13.543581309857794,0.0,sem_cod_69_93
certhil,Grupo Certhil,certhil,Certhil — COOPERATIVA DE DISTRIBUIÇÃO DE ENERGIA ENTRE RIOS LTDA,2024,2259,25,1971.7199999999998,0,0.011066843736166445,,,sem_cod_69_93
certhil,Grupo Certhil,certhil,Certhil — COOPERATIVA DE DISTRIBUIÇÃO DE ENERGIA ENTRE RIOS LTDA,2025,2550,20,1347.21,0,0.00784313725490196,,,sem_cod_69_93
certhil,Grupo Certhil,certhil,Certhil — COOPERATIVA DE DISTRIBUIÇÃO DE ENERGIA ENTRE RIOS LTDA,2026,986,16,1827.5,0,0.016227180527383367,,,sem_cod_69_93
certrel,Grupo Certrel,certrel,Certrel — COOPERATIVA DE ENERGIA TREVISO,2023,1672,17,0.0,55984,0.010167464114832535,30.365818805372964,0.0,sem_cod_69_93
certrel,Grupo Certrel,certrel,Certrel — COOPERATIVA DE ENERGIA TREVISO,2024,1604,26,2197.77,4709,0.016209476309226933,552.134211085156,0.4667169250371629,sem_cod_69_93
certrel,Grupo Certrel,certrel,Certrel — COOPERATIVA DE ENERGIA TREVISO,2025,1895,26,2420.34,0,0.013720316622691292,,,sem_cod_69_93
certrel,Grupo Certrel,certrel,Certrel — COOPERATIVA DE ENERGIA TREVISO,2026,602,4,272.71000000000004,0,0.006644518272425249,,,sem_cod_69_93
cervam,Grupo Cervam,cervam,Cervam — COOPERATIVA DE ENERGIZAÇÃO E DE DESENVOLVIMENTO DO VALE DO MOGI,2023,1827,15,0.0,54413,0.008210180623973728,27.566941723485197,0.0,sem_cod_69_93
cervam,Grupo Cervam,cervam,Cervam — COOPERATIVA DE ENERGIZAÇÃO E DE DESENVOLVIMENTO DO VALE DO MOGI,2024,1875,14,250.14,4612,0.007466666666666667,303.5559410234172,0.054236773633998266,sem_cod_69_93
cervam,Grupo Cervam,cervam,Cervam — COOPERATIVA DE ENERGIZAÇÃO E DE DESENVOLVIMENTO DO VALE DO MOGI,2025,2321,9,0.0,0,0.003877638948728996,,,sem_cod_69_93
cervam,Grupo Cervam,cervam,Cervam — COOPERATIVA DE ENERGIZAÇÃO E DE DESENVOLVIMENTO DO VALE DO MOGI,2026,929,2,0.0,0,0.002152852529601722,,,sem_cod_69_93
cetril,Grupo Cetril,cetril,Cetril — COOPERATIVA DE ELETRIFICAÇÃO DE IBIÚNA E REGIÃO,2023,17179,85,0.0,384766,0.0049479015076546945,22.091349027720742,0.0,sem_cod_69_93
cetril,Grupo Cetril,cetril,Cetril — COOPERATIVA DE ELETRIFICAÇÃO DE IBIÚNA E REGIÃO,2024,19336,36,2768.16,32577,0.0018618121638394704,110.50741320563588,0.08497283359425362,sem_cod_69_93
cetril,Grupo Cetril,cetril,Cetril — COOPERATIVA DE ELETRIFICAÇÃO DE IBIÚNA E REGIÃO,2025,23210,21,1679.65,0,0.0009047824213700991,,,sem_cod_69_93
cetril,Grupo Cetril,cetril,Cetril — COOPERATIVA DE ELETRIFICAÇÃO DE IBIÚNA E REGIÃO,2026,12974,2,1197.46,0,0.00015415446277169725,,,sem_cod_69_93
chesp,Grupo Chesp,chesp,Chesp — COMPANHIA HIDROELÉTRICA SÃO PATRÍCIO,2023,6116,14,0.0,248430,0.002289077828646174,5.635390250774867,0.0,sem_cod_69_93
chesp,Grupo Chesp,chesp,Chesp — COMPANHIA HIDROELÉTRICA SÃO PATRÍCIO,2024,7895,69,0.0,16529,0.008739708676377455,417.4481214834533,0.0,sem_cod_69_93
chesp,Grupo Chesp,chesp,Chesp — COMPANHIA HIDROELÉTRICA SÃO PATRÍCIO,2025,17065,307,309.82,0,0.017990038089657195,,,sem_cod_69_93
chesp,Grupo Chesp,chesp,Chesp — COMPANHIA HIDROELÉTRICA SÃO PATRÍCIO,2026,7786,133,324.89,0,0.01708194194708451,,,sem_cod_69_93
cocel,Grupo Cocel,cocel,Cocel — COMPANHIA CAMPOLARGUENSE DE ENERGIA,2023,45094,149,16286.77,708080,0.0033042089856743693,21.042820020336684,0.02300131341091402,sem_cod_69_93
cocel,Grupo Cocel,cocel,Cocel — COMPANHIA CAMPOLARGUENSE DE ENERGIA,2024,72905,116,26393.0,59685,0.0015911117207324601,194.35369020691965,0.4422049091061406,sem_cod_69_93
cocel,Grupo Cocel,cocel,Cocel — COMPANHIA CAMPOLARGUENSE DE ENERGIA,2025,54740,84,17639.81,0,0.001534526854219949,,,sem_cod_69_93
cocel,Grupo Cocel,cocel,Cocel — COMPANHIA CAMPOLARGUENSE DE ENERGIA,2026,17089,41,36615.06,0,0.002399204166422845,,,sem_cod_69_93
codesam,Grupo Codesam,codesam,Codesam — COOPERATIVA DE DISTRIBUIÇÃO DE ENERGIA ELÉTRICA DE SANTA MARIA,2023,11,0,0.0,4485,0.0,0.0,0.0,sem_cod_69_93
coopera,Grupo Coopera,coopera,Coopera — COOPERATIVA PIONEIRA DE ELETRIFICAÇÃO,2023,12084,68,7941.54,325842,0.005627275736511089,20.869010133745803,0.024372364520227594,sem_cod_69_93
coopera,Grupo Coopera,coopera,Coopera — COOPERATIVA PIONEIRA DE ELETRIFICAÇÃO,2024,11698,190,37422.67999999999,0,0.01624209266541289,,,sem_cod_69_93
coopera,Grupo Coopera,coopera,Coopera — COOPERATIVA PIONEIRA DE ELETRIFICAÇÃO,2025,17280,40,2293.98,0,0.0023148148148148147,,,sem_cod_69_93
coopera,Grupo Coopera,coopera,Coopera — COOPERATIVA PIONEIRA DE ELETRIFICAÇÃO,2026,5485,8,1805.48,0,0.0014585232452142207,,,sem_cod_69_93
cooperalianca,Grupo Cooperalianca,cooperalianca,Cooperaliança — COOPERATIVA ALIANÇA,2023,17802,36,433.2,526674,0.0020222446916076846,6.835347862244956,0.0008225201927568097,sem_cod_69_93
cooperalianca,Grupo Cooperalianca,cooperalianca,Cooperaliança — COOPERATIVA ALIANÇA,2024,18468,34,9628.669999999998,44487,0.0018410223088585662,76.42682131858746,0.21643783577224804,sem_cod_69_93
cooperalianca,Grupo Cooperalianca,cooperalianca,Cooperaliança — COOPERATIVA ALIANÇA,2025,31681,43,6542.88,0,0.0013572803888766138,,,sem_cod_69_93
cooperalianca,Grupo Cooperalianca,cooperalianca,Cooperaliança — COOPERATIVA ALIANÇA,2026,10866,17,1325.98,0,0.0015645131603165838,,,sem_cod_69_93
coopercocal,Grupo Coopercocal,coopercocal,Coopercocal — COOPERATIVA ENERGÉTICA COCAL,2023,9017,3,0.0,140897,0.0003327048907618942,2.1292149584448214,0.0,sem_cod_69_93
coopercocal,Grupo Coopercocal,coopercocal,Coopercocal — COOPERATIVA ENERGÉTICA COCAL,2024,4837,0,0.0,11893,0.0,0.0,0.0,sem_cod_69_93
coopercocal,Grupo Coopercocal,coopercocal,Coopercocal — COOPERATIVA ENERGÉTICA COCAL,2025,5522,3,1234.07,0,0.0005432814197754436,,,sem_cod_69_93
coopercocal,Grupo Coopercocal,coopercocal,Coopercocal — COOPERATIVA ENERGÉTICA COCAL,2026,2046,0,0.0,0,0.0,,,sem_cod_69_93
cooperluz,Grupo Cooperluz,cooperluz,Cooperluz — COOPERATIVA DISTRIBUIDORA DE ENERGIA FRONTEIRA NOROESTE,2023,4260,3,0.0,204106,0.0007042253521126761,1.4698245029543473,0.0,sem_cod_69_93
cooperluz,Grupo Cooperluz,cooperluz,Cooperluz — COOPERATIVA DISTRIBUIDORA DE ENERGIA FRONTEIRA NOROESTE,2024,3544,6,371.49,17145,0.001693002257336343,34.99562554680665,0.021667541557305336,sem_cod_69_93
cooperluz,Grupo Cooperluz,cooperluz,Cooperluz — COOPERATIVA DISTRIBUIDORA DE ENERGIA FRONTEIRA NOROESTE,2025,4741,5,809.98,0,0.001054629824931449,,,sem_cod_69_93
cooperluz,Grupo Cooperluz,cooperluz,Cooperluz — COOPERATIVA DISTRIBUIDORA DE ENERGIA FRONTEIRA NOROESTE,2026,1681,2,0.0,0,0.001189767995240928,,,sem_cod_69_93
coopermila,Grupo Coopermila,coopermila,Coopermila — COOPERATIVA DE ELETRIFICAÇÃO LAURO MÜLLER,2023,308,2,429.64,16421,0.006493506493506494,12.17952621643018,0.026164058218135312,sem_cod_69_93
coopermila,Grupo Coopermila,coopermila,Coopermila — COOPERATIVA DE ELETRIFICAÇÃO LAURO MÜLLER,2024,289,4,198.79,1385,0.01384083044982699,288.8086642599278,0.1435306859205776,sem_cod_69_93
coopermila,Grupo Coopermila,coopermila,Coopermila — COOPERATIVA DE ELETRIFICAÇÃO LAURO MÜLLER,2025,377,7,2605.25,0,0.01856763925729443,,,sem_cod_69_93
coopermila,Grupo Coopermila,coopermila,Coopermila — COOPERATIVA DE ELETRIFICAÇÃO LAURO MÜLLER,2026,177,0,0.0,0,0.0,,,sem_cod_69_93
coopernorte,Grupo Coopernorte,coopernorte,Coopernorte — COOPERATIVA REGIONAL DE DISTRIBUIÇÃO DE ENERGIA DO LITORAL NORTE,2023,5575,53,3302.48,83715,0.009506726457399103,63.310040016723406,0.03944908319894881,sem_cod_69_93
coopernorte,Grupo Coopernorte,coopernorte,Coopernorte — COOPERATIVA REGIONAL DE DISTRIBUIÇÃO DE ENERGIA DO LITORAL NORTE,2024,3633,43,15396.51,0,0.011835948252133223,,,sem_cod_69_93
coopernorte,Grupo Coopernorte,coopernorte,Coopernorte — COOPERATIVA REGIONAL DE DISTRIBUIÇÃO DE ENERGIA DO LITORAL NORTE,2025,5006,31,3881.06,0,0.006192568917299241,,,sem_cod_69_93
coopernorte,Grupo Coopernorte,coopernorte,Coopernorte — COOPERATIVA REGIONAL DE DISTRIBUIÇÃO DE ENERGIA DO LITORAL NORTE,2026,2108,5,1397.94,0,0.0023719165085388993,,,sem_cod_69_93
coopersul,Grupo Coopersul,coopersul,Coopersul — COOPERATIVA REGIONAL DE ELETRIFICAÇÃO RURAL FRONTEIRA SUL LTDA,2023,5749,141,57633.490000000005,40172,0.024526004522525655,350.9907398187793,1.43466817683959,sem_cod_69_93
coopersul,Grupo Coopersul,coopersul,Coopersul — COOPERATIVA REGIONAL DE ELETRIFICAÇÃO RURAL FRONTEIRA SUL LTDA,2024,2395,62,7714.950000000001,0,0.025887265135699375,,,sem_cod_69_93
coopersul,Grupo Coopersul,coopersul,Coopersul — COOPERATIVA REGIONAL DE ELETRIFICAÇÃO RURAL FRONTEIRA SUL LTDA,2025,1190,169,369.73,0,0.14201680672268907,,,sem_cod_69_93
cooperzem,Grupo Cooperzem,cooperzem,Cooperzem — COOPERZEM COOPERATIVA DE DISTRIBUIÇÃO DE ENERGIA ELÉTRICA,2023,3659,0,0.0,104735,0.0,0.0,0.0,sem_cod_69_93
cooperzem,Grupo Cooperzem,cooperzem,Cooperzem — COOPERZEM COOPERATIVA DE DISTRIBUIÇÃO DE ENERGIA ELÉTRICA,2024,3553,1,0.0,0,0.00028145229383619476,,,sem_cod_69_93
cooperzem,Grupo Cooperzem,cooperzem,Cooperzem — COOPERZEM COOPERATIVA DE DISTRIBUIÇÃO DE ENERGIA ELÉTRICA,2025,4770,1,0.0,0,0.00020964360587002095,,,sem_cod_69_93
cooperzem,Grupo Cooperzem,cooperzem,Cooperzem — COOPERZEM COOPERATIVA DE DISTRIBUIÇÃO DE ENERGIA ELÉTRICA,2026,1214,1,0.0,0,0.0008237232289950577,,,sem_cod_69_93
coorsel,Grupo Coorsel,coorsel,Coorsel — COOPERATIVA REGIONAL SUL DE ELETRIFICAÇÃO RURAL,2023,2320,9,0.0,112027,0.003879310344827586,8.033777571478304,0.0,sem_cod_69_93
coorsel,Grupo Coorsel,coorsel,Coorsel — COOPERATIVA REGIONAL SUL DE ELETRIFICAÇÃO RURAL,2024,1742,18,596.24,0,0.010332950631458095,,,sem_cod_69_93
coorsel,Grupo Coorsel,coorsel,Coorsel — COOPERATIVA REGIONAL SUL DE ELETRIFICAÇÃO RURAL,2025,1773,5,469.19,0,0.0028200789622109417,,,sem_cod_69_93
coorsel,Grupo Coorsel,coorsel,Coorsel — COOPERATIVA REGIONAL SUL DE ELETRIFICAÇÃO RURAL,2026,847,0,0.0,0,0.0,,,sem_cod_69_93
copel,Grupo Copel,copel_dis,Copel-Dis — COPEL DISTRIBUIÇÃO S.A.,2023,1861913,9979,1462014.9934,62052315,0.005359541503818922,16.081591798791067,0.023561006441097324,sem_cod_69_93
copel,Grupo Copel,copel_dis,Copel-Dis — COPEL DISTRIBUIÇÃO S.A.,2024,2108303,7515,2653253.8065,5220855,0.0035644781608715637,143.9419405442212,0.5082029296925503,sem_cod_69_93
copel,Grupo Copel,copel_dis,Copel-Dis — COPEL DISTRIBUIÇÃO S.A.,2025,2179225,9793,2267489.3293,0,0.004493799401163258,,,sem_cod_69_93
copel,Grupo Copel,copel_dis,Copel-Dis — COPEL DISTRIBUIÇÃO S.A.,2026,912960,5083,1699896.9382,0,0.005567604276200491,,,sem_cod_69_93
coprel,Grupo Coprel,coprel,Coprel — COPREL COOPERATIVA DE ENERGIA,2023,19255,123,50905.75,94016,0.006387951181511296,130.8287950987066,0.5414583687882913,sem_cod_69_93
coprel,Grupo Coprel,coprel,Coprel — COPREL COOPERATIVA DE ENERGIA,2024,17165,171,25747.600000000002,0,0.009962132245849112,,,sem_cod_69_93
coprel,Grupo Coprel,coprel,Coprel — COPREL COOPERATIVA DE ENERGIA,2025,15070,1220,31886.019999999997,0,0.0809555408095554,,,sem_cod_69_93
coprel,Grupo Coprel,coprel,Coprel — COPREL COOPERATIVA DE ENERGIA,2026,2244,41,570.02,0,0.018270944741532978,,,sem_cod_69_93
cpfl,Grupo CPFL,cpfl_paulista,CPFL Paulista — COMPANHIA PAULISTA DE FORÇA E LUZ,2023,3328209,12046,4880160.5992,58946337,0.0036193640483515306,20.435536138572953,0.08278988733769836,sem_cod_69_93
cpfl,Grupo CPFL,cpfl_paulista,CPFL Paulista — COMPANHIA PAULISTA DE FORÇA E LUZ,2024,3637004,11109,5051511.8375,4954905,0.0030544371136242907,224.2020785464101,1.0194972128628097,sem_cod_69_93
cpfl,Grupo CPFL,cpfl_paulista,CPFL Paulista — COMPANHIA PAULISTA DE FORÇA E LUZ,2025,7581556,20407,7569394.462400001,0,0.002691663822043918,,,sem_cod_69_93
cpfl,Grupo CPFL,cpfl_paulista,CPFL Paulista — COMPANHIA PAULISTA DE FORÇA E LUZ,2026,2440816,7643,2732726.0300000003,0,0.0031313298503451307,,,sem_cod_69_93
cpfl,Grupo CPFL,cpfl_piratininga,CPFL Piratininga — COMPANHIA PIRATININGA DE FORÇA E LUZ,2023,1299460,5567,1828435.3625999999,23090254,0.004284087236236591,24.109739113307285,0.07918645514250297,sem_cod_69_93
cpfl,Grupo CPFL,cpfl_piratininga,CPFL Piratininga — COMPANHIA PIRATININGA DE FORÇA E LUZ,2024,1384539,3242,1531888.3429999999,1944187,0.0023415736212558835,166.75350673572038,0.7879326129636706,sem_cod_69_93
cpfl,Grupo CPFL,cpfl_piratininga,CPFL Piratininga — COMPANHIA PIRATININGA DE FORÇA E LUZ,2025,2017905,4766,1676451.0804,0,0.002361855488737081,,,sem_cod_69_93
cpfl,Grupo CPFL,cpfl_piratininga,CPFL Piratininga — COMPANHIA PIRATININGA DE FORÇA E LUZ,2026,721841,1206,505163.01,0,0.0016707280412168331,,,sem_cod_69_93
cpfl,Grupo CPFL,cpfl_santa_cruz,CPFL Santa Cruz — COMPANHIA JAGUARI DE ENERGIA - CPFL SANTA CRUZ,2023,288405,1008,266450.6679,6005936,0.003495085036667187,16.78339562725943,0.04436455331858348,sem_cod_69_93
cpfl,Grupo CPFL,cpfl_santa_cruz,CPFL Santa Cruz — COMPANHIA JAGUARI DE ENERGIA - CPFL SANTA CRUZ,2024,299189,1060,453183.6212,504565,0.003542911002744085,210.08195178024636,0.8981669778918474,sem_cod_69_93
cpfl,Grupo CPFL,cpfl_santa_cruz,CPFL Santa Cruz — COMPANHIA JAGUARI DE ENERGIA - CPFL SANTA CRUZ,2025,625746,1314,744668.0406000001,0,0.002099893567038383,,,sem_cod_69_93
cpfl,Grupo CPFL,cpfl_santa_cruz,CPFL Santa Cruz — COMPANHIA JAGUARI DE ENERGIA - CPFL SANTA CRUZ,2026,207323,156,92398.31,0,0.0007524490770440327,,,sem_cod_69_93
creluz_d,Grupo Creluz D,creluz_d,Creluz-D — COOPERATIVA DE DISTRIBUIÇÃO DE ENERGIA,2023,6281,19,668.0500000000001,303195,0.0030249960197420793,6.266594106103332,0.0022033674697801747,sem_cod_69_93
creluz_d,Grupo Creluz D,creluz_d,Creluz-D — COOPERATIVA DE DISTRIBUIÇÃO DE ENERGIA,2024,5683,26,16239.5,0,0.004575048389934893,,,sem_cod_69_93
creluz_d,Grupo Creluz D,creluz_d,Creluz-D — COOPERATIVA DE DISTRIBUIÇÃO DE ENERGIA,2025,7898,17,4622.89,0,0.0021524436566219295,,,sem_cod_69_93
creluz_d,Grupo Creluz D,creluz_d,Creluz-D — COOPERATIVA DE DISTRIBUIÇÃO DE ENERGIA,2026,2467,1,203.37,0,0.00040535062829347385,,,sem_cod_69_93
creral,Grupo Creral,creral,Creral — COOPERATIVA REGIONAL DE ELETRIFICAÇÃO RURAL DO ALTO URUGUAI,2023,1953,47,858.63,95733,0.024065540194572452,49.0948784640615,0.008969007552254708,sem_cod_69_93
creral,Grupo Creral,creral,Creral — COOPERATIVA REGIONAL DE ELETRIFICAÇÃO RURAL DO ALTO URUGUAI,2024,1469,22,2085.4900000000002,8013,0.014976174268209666,274.55384999376014,0.2602633221015849,sem_cod_69_93
creral,Grupo Creral,creral,Creral — COOPERATIVA REGIONAL DE ELETRIFICAÇÃO RURAL DO ALTO URUGUAI,2025,2550,104,9024.57,0,0.0407843137254902,,,sem_cod_69_93
creral,Grupo Creral,creral,Creral — COOPERATIVA REGIONAL DE ELETRIFICAÇÃO RURAL DO ALTO URUGUAI,2026,936,29,8722.1,0,0.030982905982905984,,,sem_cod_69_93
dcelt,Grupo Dcelt,dcelt,Dcelt — DISTRIBUIDORA CATARINENSE DE ENERGIA ELÉTRICA S/A.,2023,19165,1480,15000.630000000001,445457,0.07722410644403861,332.24306723207854,0.03367469811901037,sem_cod_69_93
dcelt,Grupo Dcelt,dcelt,Dcelt — DISTRIBUIDORA CATARINENSE DE ENERGIA ELÉTRICA S/A.,2024,17385,1044,39908.97,0,0.06005176876617774,,,sem_cod_69_93
dcelt,Grupo Dcelt,dcelt,Dcelt — DISTRIBUIDORA CATARINENSE DE ENERGIA ELÉTRICA S/A.,2025,15428,1477,41850.42,0,0.09573502722323049,,,sem_cod_69_93
dcelt,Grupo Dcelt,dcelt,Dcelt — DISTRIBUIDORA CATARINENSE DE ENERGIA ELÉTRICA S/A.,2026,6079,516,16331.119999999999,0,0.08488238197071887,,,sem_cod_69_93
demei,Grupo Demei,demei,Demei — DEPARTAMENTO MUNICIPAL DE ENERGIA DE IJUÍ,2023,17986,222,3144.78,433548,0.012342933392638719,51.205402861966846,0.007253591297849374,sem_cod_69_93
demei,Grupo Demei,demei,Demei — DEPARTAMENTO MUNICIPAL DE ENERGIA DE IJUÍ,2024,14522,109,14273.43,0,0.007505853188266079,,,sem_cod_69_93
demei,Grupo Demei,demei,Demei — DEPARTAMENTO MUNICIPAL DE ENERGIA DE IJUÍ,2025,17514,57,6909.65,0,0.0032545392257622473,,,sem_cod_69_93
demei,Grupo Demei,demei,Demei — DEPARTAMENTO MUNICIPAL DE ENERGIA DE IJUÍ,2026,5431,9,3266.1000000000004,0,0.0016571533787516112,,,sem_cod_69_93
dmed,Grupo DMED,dmed,Dmed — DME DISTRIBUIÇÃO S.A.,2023,50370,557,74211.81,1043546,0.011058169545364304,53.37570169403169,0.07111503469899745,sem_cod_69_93
dmed,Grupo DMED,dmed,Dmed — DME DISTRIBUIÇÃO S.A.,2024,46087,276,91379.95,88769,0.005988673595590947,310.9193524766529,1.029412858092352,sem_cod_69_93
dmed,Grupo DMED,dmed,Dmed — DME DISTRIBUIÇÃO S.A.,2025,54379,4253,165287.86,0,0.07821033854980783,,,sem_cod_69_93
dmed,Grupo DMED,dmed,Dmed — DME DISTRIBUIÇÃO S.A.,2026,24428,182,51496.94,0,0.007450466677583101,,,sem_cod_69_93
edp,Grupo EDP,edp_es,EDP ES — EDP ESPÍRITO SANTO DISTRIBUIÇÃO DE ENERGIA S.A.,2023,207000,3926,1746817.8,21371211,0.01896618357487923,18.370507876226576,0.08173695912693014,sem_cod_69_93
edp,Grupo EDP,edp_es,EDP ES — EDP ESPÍRITO SANTO DISTRIBUIÇÃO DE ENERGIA S.A.,2024,2005794,15291,7991322.49,1799597,0.0076234149668410614,849.6902362028832,4.440617810543138,sem_cod_69_93
edp,Grupo EDP,edp_es,EDP ES — EDP ESPÍRITO SANTO DISTRIBUIÇÃO DE ENERGIA S.A.,2025,2405987,8509,6733385.86,0,0.0035365943373758878,,,sem_cod_69_93
edp,Grupo EDP,edp_es,EDP ES — EDP ESPÍRITO SANTO DISTRIBUIÇÃO DE ENERGIA S.A.,2026,895897,1679,1249693.91,0,0.0018740993663334067,,,sem_cod_69_93
edp,Grupo EDP,edp_sp,EDP SP — EDP SÃO PAULO DISTRIBUIÇÃO DE ENERGIA S.A.,2023,281718,3826,1587118.22,26827758,0.013580956843368191,14.261348264733863,0.059159554816321215,sem_cod_69_93
edp,Grupo EDP,edp_sp,EDP SP — EDP SÃO PAULO DISTRIBUIÇÃO DE ENERGIA S.A.,2024,2754589,12871,7018185.930000001,0,0.004672566397382695,,,sem_cod_69_93
edp,Grupo EDP,edp_sp,EDP SP — EDP SÃO PAULO DISTRIBUIÇÃO DE ENERGIA S.A.,2025,3176352,15263,7323892.8566,0,0.004805197912573922,,,sem_cod_69_93
edp,Grupo EDP,edp_sp,EDP SP — EDP SÃO PAULO DISTRIBUIÇÃO DE ENERGIA S.A.,2026,1125813,3805,2353607.0933499997,0,0.003379779768043183,,,sem_cod_69_93
eflul,Grupo Eflul,eflul,Eflul — EMPRESA FORÇA E LUZ DE URUSSANGA LTDA.,2023,1682,35,86.49000000000001,90086,0.020808561236623068,38.8517638700797,0.000960082587749484,sem_cod_69_93
eflul,Grupo Eflul,eflul,Eflul — EMPRESA FORÇA E LUZ DE URUSSANGA LTDA.,2024,3586,106,17.55,0,0.029559397657557166,,,sem_cod_69_93
eflul,Grupo Eflul,eflul,Eflul — EMPRESA FORÇA E LUZ DE URUSSANGA LTDA.,2025,5304,91,41.46,0,0.01715686274509804,,,sem_cod_69_93
eflul,Grupo Eflul,eflul,Eflul — EMPRESA FORÇA E LUZ DE URUSSANGA LTDA.,2026,1885,11,75.76,0,0.005835543766578249,,,sem_cod_69_93
eletrocar,Grupo Eletrocar,eletrocar,Eletrocar — CENTRAIS ELÉTRICAS DE CARAZINHO S.A.,2023,25017,444,0.0,478104,0.01774793140664348,92.86682395462076,0.0,sem_cod_69_93
eletrocar,Grupo Eletrocar,eletrocar,Eletrocar — CENTRAIS ELÉTRICAS DE CARAZINHO S.A.,2024,15714,330,0.0,40031,0.021000381825124093,824.3611201318979,0.0,sem_cod_69_93
eletrocar,Grupo Eletrocar,eletrocar,Eletrocar — CENTRAIS ELÉTRICAS DE CARAZINHO S.A.,2025,20262,261,25646.739999999998,0,0.012881255552265325,,,sem_cod_69_93
eletrocar,Grupo Eletrocar,eletrocar,Eletrocar — CENTRAIS ELÉTRICAS DE CARAZINHO S.A.,2026,5976,122,4539.54,0,0.020414993306559572,,,sem_cod_69_93
enel,Grupo ENEL,enel_ce,Enel CE — COMPANHIA ENERGÉTICA DO CEARÁ,2023,1292523,33521,9778555.31,50444124,0.02593454816664771,66.4517437154821,0.19384924416568322,sem_cod_69_93
enel,Grupo ENEL,enel_ce,Enel CE — COMPANHIA ENERGÉTICA DO CEARÁ,2024,1688033,20887,28293517.22,0,0.012373573265451564,,,sem_cod_69_93
enel,Grupo ENEL,enel_ce,Enel CE — COMPANHIA ENERGÉTICA DO CEARÁ,2025,1873074,27863,20044878.96408,0,0.014875546828368768,,,sem_cod_69_93
enel,Grupo ENEL,enel_ce,Enel CE — COMPANHIA ENERGÉTICA DO CEARÁ,2026,625916,7959,6068052.75581,0,0.012715763776609003,,,sem_cod_69_93
enel,Grupo ENEL,enel_go,Enel GO — CELG DISTRIBUIÇÃO S.A.,2023,1500162,18590,20898489.43476762,40952815,0.012391994997873563,45.39370492602279,0.5103065426581206,sem_cod_69_93
enel,Grupo ENEL,enel_go,Enel GO — CELG DISTRIBUIÇÃO S.A.,2024,1512980,15574,9431776.52,3451689,0.010293592777168237,451.1993983235454,2.7325105245576875,sem_cod_69_93
enel,Grupo ENEL,enel_go,Enel GO — CELG DISTRIBUIÇÃO S.A.,2025,1652674,20077,7994294.3,0,0.012148191355342917,,,sem_cod_69_93
enel,Grupo ENEL,enel_go,Enel GO — CELG DISTRIBUIÇÃO S.A.,2026,607192,12898,6808360.42,0,0.0212420453497411,,,sem_cod_69_93
enel,Grupo ENEL,enel_rj,Enel RJ — AMPLA ENERGIA E SERVIÇOS S.A.,2023,1351571,18180,4838734.66,37394021,0.013451013672237715,48.61739795246946,0.1293986185652514,sem_cod_69_93
enel,Grupo ENEL,enel_rj,Enel RJ — AMPLA ENERGIA E SERVIÇOS S.A.,2024,1270400,7548,6720714.72,3083579,0.005941435768261965,244.78049694851342,2.1795176060026353,sem_cod_69_93
enel,Grupo ENEL,enel_rj,Enel RJ — AMPLA ENERGIA E SERVIÇOS S.A.,2025,1148737,8854,9368333.775700001,0,0.007707595385192607,,,sem_cod_69_93
enel,Grupo ENEL,enel_rj,Enel RJ — AMPLA ENERGIA E SERVIÇOS S.A.,2026,409418,1838,1585791.42706,0,0.004489299444577425,,,sem_cod_69_93
enel,Grupo ENEL,enel_sp,Enel SP — ELETROPAULO METROPOLITANA ELETRICIDADE DE SÃO PAULO S.A.,2023,2147428,23161,11340248.57,99604606,0.010785460560260926,23.252940732479782,0.11385265225586054,sem_cod_69_93
enel,Grupo ENEL,enel_sp,Enel SP — ELETROPAULO METROPOLITANA ELETRICIDADE DE SÃO PAULO S.A.,2024,2461175,12406,15894041.78,8392744,0.005040681788170284,147.81816292740493,1.893783699347913,sem_cod_69_93
enel,Grupo ENEL,enel_sp,Enel SP — ELETROPAULO METROPOLITANA ELETRICIDADE DE SÃO PAULO S.A.,2025,2613469,26554,7864561.0198,0,0.010160441926037768,,,sem_cod_69_93
enel,Grupo ENEL,enel_sp,Enel SP — ELETROPAULO METROPOLITANA ELETRICIDADE DE SÃO PAULO S.A.,2026,980050,5558,10800497.77,0,0.005671139227590429,,,sem_cod_69_93
energisa,Grupo Energisa,energisa_ac,Energisa AC — ENERGISA ACRE - DISTRIBUIDORA DE ENERGIA S.A.,2023,267872,4454,1619321.04,3469442,0.016627344403297096,128.37799277232477,0.46673817864659506,sem_cod_69_93
energisa,Grupo Energisa,energisa_ac,Energisa AC — ENERGISA ACRE - DISTRIBUIDORA DE ENERGIA S.A.,2024,287072,4255,934101.6,292414,0.014822065544532382,1455.1286874089476,3.194448966191769,sem_cod_69_93
energisa,Grupo Energisa,energisa_ac,Energisa AC — ENERGISA ACRE - DISTRIBUIDORA DE ENERGIA S.A.,2025,333995,6106,1379102.72,0,0.01828171080405395,,,sem_cod_69_93
energisa,Grupo Energisa,energisa_ac,Energisa AC — ENERGISA ACRE - DISTRIBUIDORA DE ENERGIA S.A.,2026,120247,947,232219.76,0,0.00787545635234143,,,sem_cod_69_93
energisa,Grupo Energisa,energisa_ms,Energisa MS — ENERGISA MATO GROSSO DO SUL DISTRIBUIDORA DE ENERGIA S.A.,2023,1351568,5781,2902443.42,13329996,0.004277254270595338,43.36835509928135,0.21773775626039196,sem_cod_69_93
energisa,Grupo Energisa,energisa_ms,Energisa MS — ENERGISA MATO GROSSO DO SUL DISTRIBUIDORA DE ENERGIA S.A.,2024,1545948,3867,2071716.33,1120879,0.00250137779537216,344.9970960290986,1.8482961407966427,sem_cod_69_93
energisa,Grupo Energisa,energisa_ms,Energisa MS — ENERGISA MATO GROSSO DO SUL DISTRIBUIDORA DE ENERGIA S.A.,2025,1763572,12170,3422349.07,0,0.006900767306353242,,,sem_cod_69_93
energisa,Grupo Energisa,energisa_ms,Energisa MS — ENERGISA MATO GROSSO DO SUL DISTRIBUIDORA DE ENERGIA S.A.,2026,661172,3261,3343266.39,0,0.00493215078678468,,,sem_cod_69_93
energisa,Grupo Energisa,energisa_mt,Energisa MT — ENERGISA MATO GROSSO DISTRIBUIDORA DE ENERGIA S.A.,2023,1563618,20555,8057600.1,19254943,0.013145793921533264,106.75180913285489,0.41846917438291037,sem_cod_69_93
energisa,Grupo Energisa,energisa_mt,Energisa MT — ENERGISA MATO GROSSO DISTRIBUIDORA DE ENERGIA S.A.,2024,2286863,15084,8097572.35,1621783,0.006595935130351053,930.0874407981833,4.993006061846745,sem_cod_69_93
energisa,Grupo Energisa,energisa_mt,Energisa MT — ENERGISA MATO GROSSO DISTRIBUIDORA DE ENERGIA S.A.,2025,2558239,12869,5495082.27,0,0.005030413499286033,,,sem_cod_69_93
energisa,Grupo Energisa,energisa_mt,Energisa MT — ENERGISA MATO GROSSO DISTRIBUIDORA DE ENERGIA S.A.,2026,906843,7119,2518725.01,0,0.0078503114651599,,,sem_cod_69_93
energisa,Grupo Energisa,energisa_minas_rio,Energisa Minas Rio — ENERGISA MINAS RIO - DISTRIBUIDORA DE ENERGIA S.A.,2023,399684,2189,420907.77,7153002,0.005476826693087539,30.602535830410783,0.05884351353459708,sem_cod_69_93
energisa,Grupo Energisa,energisa_minas_rio,Energisa Minas Rio — ENERGISA MINAS RIO - DISTRIBUIDORA DE ENERGIA S.A.,2024,518369,1210,314516.46852754,0,0.0023342445246532875,,,sem_cod_69_93
energisa,Grupo Energisa,energisa_minas_rio,Energisa Minas Rio — ENERGISA MINAS RIO - DISTRIBUIDORA DE ENERGIA S.A.,2025,551106,5524,1139346.61,0,0.010023480056468265,,,sem_cod_69_93
energisa,Grupo Energisa,energisa_minas_rio,Energisa Minas Rio — ENERGISA MINAS RIO - DISTRIBUIDORA DE ENERGIA S.A.,2026,153036,979,343722.79000000004,0,0.00639718758984814,,,sem_cod_69_93
energisa,Grupo Energisa,energisa_pb,Energisa PB — ENERGISA PARAÍBA DISTRIBUIDORA DE ENERGIA S.A.,2023,1078044,15575,2017316.34,21501801,0.01444746225571498,72.43579270406232,0.0938208078476775,sem_cod_69_93
energisa,Grupo Energisa,energisa_pb,Energisa PB — ENERGISA PARAÍBA DISTRIBUIDORA DE ENERGIA S.A.,2024,1260359,20445,3447344.14,0,0.016221568616560836,,,sem_cod_69_93
energisa,Grupo Energisa,energisa_pb,Energisa PB — ENERGISA PARAÍBA DISTRIBUIDORA DE ENERGIA S.A.,2025,1336514,14861,3212409.5300000003,0,0.011119225088551262,,,sem_cod_69_93
energisa,Grupo Energisa,energisa_pb,Energisa PB — ENERGISA PARAÍBA DISTRIBUIDORA DE ENERGIA S.A.,2026,502219,5556,1182873.79,0,0.011062902837208469,,,sem_cod_69_93
energisa,Grupo Energisa,energisa_ro,Energisa RO — ENERGISA RONDÔNIA DISTRIBUIDORA DE ENERGIA S.A.,2023,720581,7272,1630694.75,8280268,0.010091856432517648,87.823244368419,0.1969374360829867,sem_cod_69_93
energisa,Grupo Energisa,energisa_ro,Energisa RO — ENERGISA RONDÔNIA DISTRIBUIDORA DE ENERGIA S.A.,2024,961911,13418,7029149.63,0,0.013949315477211508,,,sem_cod_69_93
energisa,Grupo Energisa,energisa_ro,Energisa RO — ENERGISA RONDÔNIA DISTRIBUIDORA DE ENERGIA S.A.,2025,1070171,7498,4910632.22,0,0.007006356928004964,,,sem_cod_69_93
energisa,Grupo Energisa,energisa_ro,Energisa RO — ENERGISA RONDÔNIA DISTRIBUIDORA DE ENERGIA S.A.,2026,374171,1567,1965752.3599999999,0,0.004187924772363438,,,sem_cod_69_93
energisa,Grupo Energisa,energisa_se,Energisa SE — ENERGISA SERGIPE DISTRIBUIDORA DE ENERGIA S.A.,2023,480218,5431,997580.75,10247065,0.01130944695950589,53.00054210644707,0.09735282737056904,sem_cod_69_93
energisa,Grupo Energisa,energisa_se,Energisa SE — ENERGISA SERGIPE DISTRIBUIDORA DE ENERGIA S.A.,2024,602672,3616,559663.73,864434,0.005999946903124751,418.3083960140392,0.6474337312044645,sem_cod_69_93
energisa,Grupo Energisa,energisa_se,Energisa SE — ENERGISA SERGIPE DISTRIBUIDORA DE ENERGIA S.A.,2025,597799,2107,577520.34,0,0.0035245960598796586,,,sem_cod_69_93
energisa,Grupo Energisa,energisa_se,Energisa SE — ENERGISA SERGIPE DISTRIBUIDORA DE ENERGIA S.A.,2026,220404,1045,353490.93000000005,0,0.004741293261465309,,,sem_cod_69_93
energisa,Grupo Energisa,energisa_sul_sudeste,Energisa Sul-Sudeste — ENERGISA SUL-SUDESTE DISTRIBUIDORA DE ENERGIA S.A.,2023,626721,4835,947675.44,10304019,0.007714756646099301,46.92343832052329,0.09197143755266755,sem_cod_69_93
energisa,Grupo Energisa,energisa_sul_sudeste,Energisa Sul-Sudeste — ENERGISA SUL-SUDESTE DISTRIBUIDORA DE ENERGIA S.A.,2024,725868,2296,1098048.6700000002,865514,0.0031631095460882695,265.2758938619133,1.2686665611417032,sem_cod_69_93
energisa,Grupo Energisa,energisa_sul_sudeste,Energisa Sul-Sudeste — ENERGISA SUL-SUDESTE DISTRIBUIDORA DE ENERGIA S.A.,2025,776460,3496,1028000.309686,0,0.004502485639955697,,,sem_cod_69_93
energisa,Grupo Energisa,energisa_sul_sudeste,Energisa Sul-Sudeste — ENERGISA SUL-SUDESTE DISTRIBUIDORA DE ENERGIA S.A.,2026,282819,1214,417243.11,0,0.004292498028774587,,,sem_cod_69_93
energisa,Grupo Energisa,energisa_to,Energisa TO — ENERGISA TOCANTINS DISTRIBUIDORA DE ENERGIA S.A.,2023,669533,3298,886854.78,7850135,0.0049258214307584544,42.01201635385888,0.11297318835918109,sem_cod_69_93
energisa,Grupo Energisa,energisa_to,Energisa TO — ENERGISA TOCANTINS DISTRIBUIDORA DE ENERGIA S.A.,2024,744633,3800,939567.39,661290,0.005103185058948502,574.6344266509399,1.4208099169804473,sem_cod_69_93
energisa,Grupo Energisa,energisa_to,Energisa TO — ENERGISA TOCANTINS DISTRIBUIDORA DE ENERGIA S.A.,2025,835754,4753,1020132.87,0,0.005687080169523568,,,sem_cod_69_93
energisa,Grupo Energisa,energisa_to,Energisa TO — ENERGISA TOCANTINS DISTRIBUIDORA DE ENERGIA S.A.,2026,293169,1787,644741.6799999999,0,0.006095460297644021,,,sem_cod_69_93
equatorial,Grupo Equatorial,cea_equatorial,CEA Equatorial — COMPANHIA DE ELETRICIDADE DO AMAPA,2023,184545,2159,612199.97,2737196,0.011699043593703433,78.87633914414606,0.2236595296792776,sem_cod_69_93
equatorial,Grupo Equatorial,cea_equatorial,CEA Equatorial — COMPANHIA DE ELETRICIDADE DO AMAPA,2024,196703,2224,255184.14,240605,0.011306385769408702,924.3365682342429,1.060593670123231,sem_cod_69_93
equatorial,Grupo Equatorial,cea_equatorial,CEA Equatorial — COMPANHIA DE ELETRICIDADE DO AMAPA,2025,154989,2057,1700435.33,0,0.013271909619392343,,,sem_cod_69_93
equatorial,Grupo Equatorial,cea_equatorial,CEA Equatorial — COMPANHIA DE ELETRICIDADE DO AMAPA,2026,51474,132,97951.34,0,0.0025644014453899055,,,sem_cod_69_93
equatorial,Grupo Equatorial,ceee_equatorial,CEEE Equatorial — COMPANHIA ESTADUAL DE DISTRIBUIÇÃO DE ENERGIA ELÉTRICA,2023,1573175,6950,4087373.61,22561437,0.004417817471037869,30.80477542277116,0.18116636852519633,sem_cod_69_93
equatorial,Grupo Equatorial,ceee_equatorial,CEEE Equatorial — COMPANHIA ESTADUAL DE DISTRIBUIÇÃO DE ENERGIA ELÉTRICA,2024,1345929,15556,4958103.84,0,0.011557816199814403,,,sem_cod_69_93
equatorial,Grupo Equatorial,ceee_equatorial,CEEE Equatorial — COMPANHIA ESTADUAL DE DISTRIBUIÇÃO DE ENERGIA ELÉTRICA,2025,1435241,6917,5279667.06,0,0.0048193996687664305,,,sem_cod_69_93
equatorial,Grupo Equatorial,ceee_equatorial,CEEE Equatorial — COMPANHIA ESTADUAL DE DISTRIBUIÇÃO DE ENERGIA ELÉTRICA,2026,399838,1368,894922.59,0,0.003421385661192783,,,sem_cod_69_93
equatorial,Grupo Equatorial,equatorial_al,Equatorial AL — EQUATORIAL ALAGOAS DISTRIBUIDORA DE ENERGIA S.A.,2023,442908,8234,3830627.21,16078339,0.01859076828596458,51.21175763242708,0.2382476952376735,sem_cod_69_93
equatorial,Grupo Equatorial,equatorial_al,Equatorial AL — EQUATORIAL ALAGOAS DISTRIBUIDORA DE ENERGIA S.A.,2024,505495,4502,2289270.1,0,0.008906121722272228,,,sem_cod_69_93
equatorial,Grupo Equatorial,equatorial_al,Equatorial AL — EQUATORIAL ALAGOAS DISTRIBUIDORA DE ENERGIA S.A.,2025,522566,3053,1691217.9100000001,0,0.005842324223160328,,,sem_cod_69_93
equatorial,Grupo Equatorial,equatorial_al,Equatorial AL — EQUATORIAL ALAGOAS DISTRIBUIDORA DE ENERGIA S.A.,2026,152933,2027,1809183.07,0,0.013254170126787547,,,sem_cod_69_93
equatorial,Grupo Equatorial,equatorial_ma,Equatorial MA — EQUATORIAL MARANHÃO DISTRIBUIDORA DE ENERGIA S.A.,2023,752864,7216,6945541.57,32833090,0.009584732435074595,21.977827855983094,0.21154090492244257,sem_cod_69_93
equatorial,Grupo Equatorial,equatorial_ma,Equatorial MA — EQUATORIAL MARANHÃO DISTRIBUIDORA DE ENERGIA S.A.,2024,836514,7664,6001919.4399999995,2766554,0.009161831122969848,277.0233293837749,2.169456818843948,sem_cod_69_93
equatorial,Grupo Equatorial,equatorial_ma,Equatorial MA — EQUATORIAL MARANHÃO DISTRIBUIDORA DE ENERGIA S.A.,2025,886564,7627,5458216.7700000005,0,0.008602875821711688,,,sem_cod_69_93
equatorial,Grupo Equatorial,equatorial_ma,Equatorial MA — EQUATORIAL MARANHÃO DISTRIBUIDORA DE ENERGIA S.A.,2026,202297,1817,4705383.970000001,0,0.008981843527091356,,,sem_cod_69_93
equatorial,Grupo Equatorial,equatorial_pa,Equatorial PA — EQUATORIAL PARÁ DISTRIBUIDORA DE ENERGIA S.A.,2023,1442299,7739,9053869.23,35781240,0.005365739004187065,21.62865233289847,0.25303397059464683,sem_cod_69_93
equatorial,Grupo Equatorial,equatorial_pa,Equatorial PA — EQUATORIAL PARÁ DISTRIBUIDORA DE ENERGIA S.A.,2024,1517900,6976,6646160.75,0,0.004595823176757362,,,sem_cod_69_93
equatorial,Grupo Equatorial,equatorial_pa,Equatorial PA — EQUATORIAL PARÁ DISTRIBUIDORA DE ENERGIA S.A.,2025,1674654,3128,6061184.970000001,0,0.0018678485227396227,,,sem_cod_69_93
equatorial,Grupo Equatorial,equatorial_pa,Equatorial PA — EQUATORIAL PARÁ DISTRIBUIDORA DE ENERGIA S.A.,2026,485998,1785,1998474.68,0,0.0036728546208009086,,,sem_cod_69_93
equatorial,Grupo Equatorial,equatorial_pi,Equatorial PI — EQUATORIAL PIAUÍ DISTRIBUIDORA DE ENERGIA S.A.,2023,401818,11598,8900482.6,17821217,0.02886381396552668,65.07973052569866,0.49943180648100516,sem_cod_69_93
equatorial,Grupo Equatorial,equatorial_pi,Equatorial PI — EQUATORIAL PIAUÍ DISTRIBUIDORA DE ENERGIA S.A.,2024,476601,11259,5451514.04,0,0.023623534151208242,,,sem_cod_69_93
equatorial,Grupo Equatorial,equatorial_pi,Equatorial PI — EQUATORIAL PIAUÍ DISTRIBUIDORA DE ENERGIA S.A.,2025,542737,6331,2786099.25,0,0.01166495005868404,,,sem_cod_69_93
equatorial,Grupo Equatorial,equatorial_pi,Equatorial PI — EQUATORIAL PIAUÍ DISTRIBUIDORA DE ENERGIA S.A.,2026,125339,3937,3506071.68,0,0.03141081387277703,,,sem_cod_69_93
forcel,Grupo Forcel,forcel,Forcel — FORÇA E LUZ CORONEL VIVIDA LTDA,2023,5720,177,0.0,103275,0.030944055944055943,171.38707334785767,0.0,sem_cod_69_93
forcel,Grupo Forcel,forcel,Forcel — FORÇA E LUZ CORONEL VIVIDA LTDA,2024,3880,50,1893.24,8697,0.01288659793814433,574.9108888122341,0.2176888582269748,sem_cod_69_93
forcel,Grupo Forcel,forcel,Forcel — FORÇA E LUZ CORONEL VIVIDA LTDA,2025,3968,64,686.35,0,0.016129032258064516,,,sem_cod_69_93
forcel,Grupo Forcel,forcel,Forcel — FORÇA E LUZ CORONEL VIVIDA LTDA,2026,1498,10,0.0,0,0.006675567423230975,,,sem_cod_69_93
hidropan,Grupo Hidropan,hidropan,Hidropan — HIDROPAN DISTRIBUIÇÃO DE ENERGIA S.A.,2023,7837,22,229.26,239737,0.0028071966313640423,9.176722825429534,0.0009562979431627157,sem_cod_69_93
hidropan,Grupo Hidropan,hidropan,Hidropan — HIDROPAN DISTRIBUIÇÃO DE ENERGIA S.A.,2024,7125,6,0.0,0,0.0008421052631578948,,,sem_cod_69_93
hidropan,Grupo Hidropan,hidropan,Hidropan — HIDROPAN DISTRIBUIÇÃO DE ENERGIA S.A.,2025,8333,9,1377.08,0,0.001080043201728069,,,sem_cod_69_93
hidropan,Grupo Hidropan,hidropan,Hidropan — HIDROPAN DISTRIBUIÇÃO DE ENERGIA S.A.,2026,3496,3,2769.66,0,0.0008581235697940503,,,sem_cod_69_93
joao,Grupo JOAO,joao_cesa,João Cesa — EMPRESA FORÇA E LUZ JOÃO CESA LTDA.,2023,2461,13,72.2,49988,0.005282405526208858,26.00624149795951,0.0014443466431943667,sem_cod_69_93
joao,Grupo JOAO,joao_cesa,João Cesa — EMPRESA FORÇA E LUZ JOÃO CESA LTDA.,2024,2407,8,34.47,3974,0.0033236393851267137,201.30850528434826,0.008673880221439355,sem_cod_69_93
joao,Grupo JOAO,joao_cesa,João Cesa — EMPRESA FORÇA E LUZ JOÃO CESA LTDA.,2025,2159,6,77.21000000000001,0,0.002779064381658175,,,sem_cod_69_93
joao,Grupo JOAO,joao_cesa,João Cesa — EMPRESA FORÇA E LUZ JOÃO CESA LTDA.,2026,945,1,2.94,0,0.0010582010582010583,,,sem_cod_69_93
light,Grupo Light,light,Light — LIGHT SERVIÇOS DE ELETRICIDADE S.A.,2023,7585247,6208,2863759.5,55459990,0.0008184308302682826,11.193655101632727,0.051636495066082776,sem_cod_69_93
light,Grupo Light,light,Light — LIGHT SERVIÇOS DE ELETRICIDADE S.A.,2024,6352587,1693,8389915.07787,4610071,0.0002665055984278531,36.723946334015245,1.819910165780527,sem_cod_69_93
light,Grupo Light,light,Light — LIGHT SERVIÇOS DE ELETRICIDADE S.A.,2025,5941518,2291,4542426.881002,0,0.00038559169559025154,,,sem_cod_69_93
light,Grupo Light,light,Light — LIGHT SERVIÇOS DE ELETRICIDADE S.A.,2026,2852453,661,338240.13,0,0.0002317303738221103,,,sem_cod_69_93
mux,Grupo MUX,mux_energia,"Mux Energia — MUXFELDT, MARIN & CIA LTDA",2023,5289,6,0.0,139819,0.0011344299489506524,4.291262274798132,0.0,sem_cod_69_93
mux,Grupo MUX,mux_energia,"Mux Energia — MUXFELDT, MARIN & CIA LTDA",2024,4559,3,523.98,12845,0.0006580390436499232,23.355391202802647,0.040792526274815104,sem_cod_69_93
mux,Grupo MUX,mux_energia,"Mux Energia — MUXFELDT, MARIN & CIA LTDA",2025,4731,4,1030.6100000000001,0,0.0008454872120059184,,,sem_cod_69_93
mux,Grupo MUX,mux_energia,"Mux Energia — MUXFELDT, MARIN & CIA LTDA",2026,1623,0,0.0,0,0.0,,,sem_cod_69_93
neoenergia,Grupo Neoenergia,neoenergia_brasilia,Neoenergia Brasília — NEOENERGIA DISTRIBUIÇÃO BRASÍLIA S.A.,2023,326610,3034,2777969.71,14075001,0.009289366522764153,21.555948734923714,0.19736905951196734,sem_cod_69_93
neoenergia,Grupo Neoenergia,neoenergia_brasilia,Neoenergia Brasília — NEOENERGIA DISTRIBUIÇÃO BRASÍLIA S.A.,2024,350908,4084,6817583.02,0,0.011638378150398395,,,sem_cod_69_93
neoenergia,Grupo Neoenergia,neoenergia_brasilia,Neoenergia Brasília — NEOENERGIA DISTRIBUIÇÃO BRASÍLIA S.A.,2025,492134,3035,4272767.3,0,0.006167019551585544,,,sem_cod_69_93
neoenergia,Grupo Neoenergia,neoenergia_brasilia,Neoenergia Brasília — NEOENERGIA DISTRIBUIÇÃO BRASÍLIA S.A.,2026,180367,421,881178.2,0,0.0023341298574572956,,,sem_cod_69_93
neoenergia,Grupo Neoenergia,neoenergia_coelba,Neoenergia Coelba — COMPANHIA DE ELETRICIDADE DO ESTADO DA BAHIA,2023,1923938,35045,19076328.16,79410938,0.018215243942372363,44.131200162879324,0.24022292949114893,sem_cod_69_93
neoenergia,Grupo Neoenergia,neoenergia_coelba,Neoenergia Coelba — COMPANHIA DE ELETRICIDADE DO ESTADO DA BAHIA,2024,1954155,28702,41095381.8,0,0.014687678305968564,,,sem_cod_69_93
neoenergia,Grupo Neoenergia,neoenergia_coelba,Neoenergia Coelba — COMPANHIA DE ELETRICIDADE DO ESTADO DA BAHIA,2025,2083406,23680,35872530.09,0,0.011366003553796043,,,sem_cod_69_93
neoenergia,Grupo Neoenergia,neoenergia_coelba,Neoenergia Coelba — COMPANHIA DE ELETRICIDADE DO ESTADO DA BAHIA,2026,702136,6677,14210970.260000002,0,0.009509553704695386,,,sem_cod_69_93
neoenergia,Grupo Neoenergia,neoenergia_cosern,Neoenergia Cosern — COMPANHIA ENERGÉTICA DO RIO GRANDE DO NORTE,2023,385624,6830,1865132.675445803,18915549,0.017711553222828455,36.10786025824574,0.09860314788885076,sem_cod_69_93
neoenergia,Grupo Neoenergia,neoenergia_cosern,Neoenergia Cosern — COMPANHIA ENERGÉTICA DO RIO GRANDE DO NORTE,2024,447368,3871,3086162.5022180597,0,0.00865283167325334,,,sem_cod_69_93
neoenergia,Grupo Neoenergia,neoenergia_cosern,Neoenergia Cosern — COMPANHIA ENERGÉTICA DO RIO GRANDE DO NORTE,2025,641164,1833,1180503.13773975,0,0.002858862943022378,,,sem_cod_69_93
neoenergia,Grupo Neoenergia,neoenergia_cosern,Neoenergia Cosern — COMPANHIA ENERGÉTICA DO RIO GRANDE DO NORTE,2026,255012,476,1007341.0194735,0,0.001866578827663012,,,sem_cod_69_93
neoenergia,Grupo Neoenergia,neoenergia_elektro,Neoenergia Elektro — ELEKTRO REDES S.A.,2023,973239,2598,1361347.65,35426729,0.002669436798155438,7.333445884885393,0.038427133648155885,sem_cod_69_93
neoenergia,Grupo Neoenergia,neoenergia_elektro,Neoenergia Elektro — ELEKTRO REDES S.A.,2024,1212036,1695,350467.92,0,0.001398473312673881,,,sem_cod_69_93
neoenergia,Grupo Neoenergia,neoenergia_elektro,Neoenergia Elektro — ELEKTRO REDES S.A.,2025,1349642,610,462343.16000000003,0,0.0004519717080529503,,,sem_cod_69_93
neoenergia,Grupo Neoenergia,neoenergia_elektro,Neoenergia Elektro — ELEKTRO REDES S.A.,2026,469560,70,104261.5,0,0.0001490757304710793,,,sem_cod_69_93
neoenergia,Grupo Neoenergia,neoenergia_pernambuco,Neoenergia Pernambuco — COMPANHIA ENERGÉTICA DE PERNAMBUCO,2023,1165310,20333,10499861.71,48212294,0.01744857591542165,42.17389033593797,0.21778390611324158,sem_cod_69_93
neoenergia,Grupo Neoenergia,neoenergia_pernambuco,Neoenergia Pernambuco — COMPANHIA ENERGÉTICA DE PERNAMBUCO,2024,1331921,10914,11363770.79,0,0.008194179684831158,,,sem_cod_69_93
neoenergia,Grupo Neoenergia,neoenergia_pernambuco,Neoenergia Pernambuco — COMPANHIA ENERGÉTICA DE PERNAMBUCO,2025,1464831,8895,6894282.01,0,0.00607237285393332,,,sem_cod_69_93
neoenergia,Grupo Neoenergia,neoenergia_pernambuco,Neoenergia Pernambuco — COMPANHIA ENERGÉTICA DE PERNAMBUCO,2026,532038,2151,1366919.14,0,0.004042944300970983,,,sem_cod_69_93
nova,Grupo NOVA,nova_palma,Nova Palma — NOVA PALMA ENERGIA LTDA.,2023,9083,36,0.0,206717,0.003963448199933942,17.415113415926122,0.0,sem_cod_69_93
nova,Grupo NOVA,nova_palma,Nova Palma — NOVA PALMA ENERGIA LTDA.,2024,6573,32,4248.08,0,0.00486840103453522,,,sem_cod_69_93
nova,Grupo NOVA,nova_palma,Nova Palma — NOVA PALMA ENERGIA LTDA.,2025,10737,29,634.41,0,0.0027009406724410917,,,sem_cod_69_93
nova,Grupo NOVA,nova_palma,Nova Palma — NOVA PALMA ENERGIA LTDA.,2026,2923,3,0.0,0,0.0010263427984946972,,,sem_cod_69_93
rge,Grupo RGE,rge,RGE — RGE SUL DISTRIBUIDORA DE ENERGIA S.A.,2023,1837843,2217,1652299.2352,37042148,0.0012063054352303216,5.985074083716744,0.04460592391132393,sem_cod_69_93
rge,Grupo RGE,rge,RGE — RGE SUL DISTRIBUIDORA DE ENERGIA S.A.,2024,2926446,7300,3827325.8429,3103404,0.002494493320566995,235.22557810713658,1.2332670328774469,sem_cod_69_93
rge,Grupo RGE,rge,RGE — RGE SUL DISTRIBUIDORA DE ENERGIA S.A.,2025,3759784,3561,2613479.6466,0,0.0009471288776163737,,,sem_cod_69_93
rge,Grupo RGE,rge,RGE — RGE SUL DISTRIBUIDORA DE ENERGIA S.A.,2026,1204947,1418,1149006.27,0,0.001176815245815791,,,sem_cod_69_93
roraima,Grupo Roraima,roraima_energia,Roraima Energia — RORAIMA ENERGIA S.A.,2023,116080,924,332361.17000000004,2536562,0.007960027567195037,36.42725862801698,0.13102820668290388,sem_cod_69_93
roraima,Grupo Roraima,roraima_energia,Roraima Energia — RORAIMA ENERGIA S.A.,2024,132268,1346,630941.3200000001,0,0.010176308706565457,,,sem_cod_69_93
roraima,Grupo Roraima,roraima_energia,Roraima Energia — RORAIMA ENERGIA S.A.,2025,119360,792,367913.61,0,0.006635388739946381,,,sem_cod_69_93
roraima,Grupo Roraima,roraima_energia,Roraima Energia — RORAIMA ENERGIA S.A.,2026,43037,214,34721.4,0,0.004972465552896345,,,sem_cod_69_93
santa,Grupo Santa,santa_maria,Santa Maria — EMPRESA LUZ E FORÇA SANTA MARIA S.A.,2023,50670,253,89574.26,1650186,0.00499309255970002,15.33160504331027,0.05428131131884527,sem_cod_69_93
santa,Grupo Santa,santa_maria,Santa Maria — EMPRESA LUZ E FORÇA SANTA MARIA S.A.,2024,54044,384,141437.14,0,0.007105321589815705,,,sem_cod_69_93
santa,Grupo Santa,santa_maria,Santa Maria — EMPRESA LUZ E FORÇA SANTA MARIA S.A.,2025,65714,57,7844.3099999999995,0,0.0008673950756307636,,,sem_cod_69_93
santa,Grupo Santa,santa_maria,Santa Maria — EMPRESA LUZ E FORÇA SANTA MARIA S.A.,2026,25114,18,6580.719999999999,0,0.0007167317034323485,,,sem_cod_69_93
sulgipe,Grupo Sulgipe,sulgipe,Sulgipe — COMPANHIA SUL SERGIPANA DE ELETRICIDADE,2023,54059,81,67356.92,2015858,0.0014983628997946687,4.0181401666188785,0.0334135241668808,sem_cod_69_93
sulgipe,Grupo Sulgipe,sulgipe,Sulgipe — COMPANHIA SUL SERGIPANA DE ELETRICIDADE,2024,47550,29,5182.74,0,0.0006098843322818086,,,sem_cod_69_93
sulgipe,Grupo Sulgipe,sulgipe,Sulgipe — COMPANHIA SUL SERGIPANA DE ELETRICIDADE,2025,50269,75,19385.53,0,0.0014919731842686348,,,sem_cod_69_93
sulgipe,Grupo Sulgipe,sulgipe,Sulgipe — COMPANHIA SUL SERGIPANA DE ELETRICIDADE,2026,21286,10,6119.33,0,0.000469792351780513,,,sem_cod_69_93
