neo_distribuidora,ano,qtd_serv,qtd_fora_prazo,compensacao_rs,taxa_fora_prazo
Neoenergia Brasília — NEOENERGIA DISTRIBUIÇÃO BRASÍLIA S.A.,2011,90954.0,10833.0,184396.14,0.1191041625437034
Neoenergia Brasília — NEOENERGIA DISTRIBUIÇÃO BRASÍLIA S.A.,2012,298584.0,25763.0,467664.79,0.0862839268011681
Neoenergia Brasília — NEOENERGIA DISTRIBUIÇÃO BRASÍLIA S.A.,2013,225090.0,11502.0,304578.81,0.0510995601759296
Neoenergia Brasília — NEOENERGIA DISTRIBUIÇÃO BRASÍLIA S.A.,2014,181008.0,20760.0,554546.29,0.1146910633784142
Neoenergia Brasília — NEOENERGIA DISTRIBUIÇÃO BRASÍLIA S.A.,2015,250130.0,9558.0,312037.51,0.0382121296925598
Neoenergia Brasília — NEOENERGIA DISTRIBUIÇÃO BRASÍLIA S.A.,2016,205149.0,5449.0,159703.37,0.0265611823601382
Neoenergia Brasília — NEOENERGIA DISTRIBUIÇÃO BRASÍLIA S.A.,2017,214538.0,14711.0,1349258.7100000002,0.0685706028768796
Neoenergia Brasília — NEOENERGIA DISTRIBUIÇÃO BRASÍLIA S.A.,2018,159747.0,16154.0,1176215.49,0.1011223997946753
Neoenergia Brasília — NEOENERGIA DISTRIBUIÇÃO BRASÍLIA S.A.,2019,184491.0,25405.0,1705801.64,0.1377031941937547
Neoenergia Brasília — NEOENERGIA DISTRIBUIÇÃO BRASÍLIA S.A.,2020,201371.0,16377.0,638591.6100000001,0.0813274999875851
Neoenergia Brasília — NEOENERGIA DISTRIBUIÇÃO BRASÍLIA S.A.,2021,230831.0,21385.0,1425441.41,0.0926435357469317
Neoenergia Brasília — NEOENERGIA DISTRIBUIÇÃO BRASÍLIA S.A.,2022,286695.0,12878.0,473189.66,0.0449188161635187
Neoenergia Brasília — NEOENERGIA DISTRIBUIÇÃO BRASÍLIA S.A.,2023,90623.0,226.0,237629.5,0.0024938481400968
Neoenergia Coelba — COMPANHIA DE ELETRICIDADE DO ESTADO DA BAHIA,2011,260266.0,5443.0,5601.06,0.0209132195523041
Neoenergia Coelba — COMPANHIA DE ELETRICIDADE DO ESTADO DA BAHIA,2012,1529818.0,22723.0,21525.15,0.0148534008620633
Neoenergia Coelba — COMPANHIA DE ELETRICIDADE DO ESTADO DA BAHIA,2013,1482119.0,22809.0,271779.24,0.0153894525338383
Neoenergia Coelba — COMPANHIA DE ELETRICIDADE DO ESTADO DA BAHIA,2014,1366564.0,26188.0,963654.35,0.0191633908108218
Neoenergia Coelba — COMPANHIA DE ELETRICIDADE DO ESTADO DA BAHIA,2015,1443245.0,24366.0,530393.87,0.0168827884385533
Neoenergia Coelba — COMPANHIA DE ELETRICIDADE DO ESTADO DA BAHIA,2016,1668469.0,36473.0,1037390.02,0.021860160422519
Neoenergia Coelba — COMPANHIA DE ELETRICIDADE DO ESTADO DA BAHIA,2017,1774548.0,59549.0,711606.52,0.0335572776842328
Neoenergia Coelba — COMPANHIA DE ELETRICIDADE DO ESTADO DA BAHIA,2018,1641387.0,52208.0,1509163.38,0.0318072459450452
Neoenergia Coelba — COMPANHIA DE ELETRICIDADE DO ESTADO DA BAHIA,2019,1595399.0,46263.0,2226895.52,0.0289977616884553
Neoenergia Coelba — COMPANHIA DE ELETRICIDADE DO ESTADO DA BAHIA,2020,1395030.0,53942.0,2563038.86,0.0386672688042551
Neoenergia Coelba — COMPANHIA DE ELETRICIDADE DO ESTADO DA BAHIA,2021,1752468.0,102745.0,6980609.0,0.0586287452895002
Neoenergia Coelba — COMPANHIA DE ELETRICIDADE DO ESTADO DA BAHIA,2022,1641288.0,60749.0,2625958.38,0.0370130044209182
Neoenergia Coelba — COMPANHIA DE ELETRICIDADE DO ESTADO DA BAHIA,2023,495913.0,16724.0,3698301.51,0.0337236571737381
Neoenergia Cosern — COMPANHIA ENERGÉTICA DO RIO GRANDE DO NORTE,2011,107569.0,1661.0,8208.28,0.0154412516617241
Neoenergia Cosern — COMPANHIA ENERGÉTICA DO RIO GRANDE DO NORTE,2012,449735.0,3311.0,28212.41,0.0073621132444661
Neoenergia Cosern — COMPANHIA ENERGÉTICA DO RIO GRANDE DO NORTE,2013,435245.0,2304.0,33271.62,0.0052935702879987
Neoenergia Cosern — COMPANHIA ENERGÉTICA DO RIO GRANDE DO NORTE,2014,430902.0,2912.0,75882.1,0.0067579171134039
Neoenergia Cosern — COMPANHIA ENERGÉTICA DO RIO GRANDE DO NORTE,2015,405341.0,5446.0,110073.62,0.0134356011358337
Neoenergia Cosern — COMPANHIA ENERGÉTICA DO RIO GRANDE DO NORTE,2016,440785.0,6435.0,231863.8,0.014598954138639
Neoenergia Cosern — COMPANHIA ENERGÉTICA DO RIO GRANDE DO NORTE,2017,433071.0,11611.0,149790.35,0.0268108462584657
Neoenergia Cosern — COMPANHIA ENERGÉTICA DO RIO GRANDE DO NORTE,2018,446921.0,22161.0,341719.75,0.0495859447195365
Neoenergia Cosern — COMPANHIA ENERGÉTICA DO RIO GRANDE DO NORTE,2019,451863.0,7929.0,194439.24,0.0175473539546278
Neoenergia Cosern — COMPANHIA ENERGÉTICA DO RIO GRANDE DO NORTE,2020,404868.0,12102.0,356157.78,0.0298912238062776
Neoenergia Cosern — COMPANHIA ENERGÉTICA DO RIO GRANDE DO NORTE,2021,466487.0,14469.0,1333799.82,0.0310169415224861
Neoenergia Cosern — COMPANHIA ENERGÉTICA DO RIO GRANDE DO NORTE,2022,380954.0,7049.0,302638.39,0.0185035463599279
Neoenergia Cosern — COMPANHIA ENERGÉTICA DO RIO GRANDE DO NORTE,2023,106670.0,847.0,173506.24,0.007940376863223
Neoenergia Elektro — ELEKTRO REDES S.A.,2011,61396.0,1540.0,1972.1,0.0250830673008013
Neoenergia Elektro — ELEKTRO REDES S.A.,2012,506217.0,19402.0,24451.43,0.0383274366526608
Neoenergia Elektro — ELEKTRO REDES S.A.,2013,778395.0,35872.0,1026210.32,0.0460845714579358
Neoenergia Elektro — ELEKTRO REDES S.A.,2014,714182.0,28797.0,941619.89,0.040321654704263
Neoenergia Elektro — ELEKTRO REDES S.A.,2015,685013.0,34647.0,1957121.47,0.0505786021579152
Neoenergia Elektro — ELEKTRO REDES S.A.,2016,563747.0,23564.0,2101885.93,0.0417988920561883
Neoenergia Elektro — ELEKTRO REDES S.A.,2017,537145.0,14981.0,1135255.74,0.0278900483109774
Neoenergia Elektro — ELEKTRO REDES S.A.,2018,529162.0,12615.0,678106.15,0.0238395803175587
Neoenergia Elektro — ELEKTRO REDES S.A.,2019,547230.0,19383.0,876118.8500000001,0.035420207225481
Neoenergia Elektro — ELEKTRO REDES S.A.,2020,544437.0,23481.0,1170787.34,0.0431289570694129
Neoenergia Elektro — ELEKTRO REDES S.A.,2021,616731.0,24718.0,1337404.33,0.0400790620221782
Neoenergia Elektro — ELEKTRO REDES S.A.,2022,509981.0,5861.0,578141.51,0.0114925850178732
Neoenergia Elektro — ELEKTRO REDES S.A.,2023,165002.0,1196.0,691780.33,0.0072483969891274
Neoenergia Pernambuco — COMPANHIA ENERGÉTICA DE PERNAMBUCO,2011,129779.0,8293.0,5744.21,0.0639009392890991
Neoenergia Pernambuco — COMPANHIA ENERGÉTICA DE PERNAMBUCO,2012,802364.0,24087.0,25948.79,0.0300200407794965
Neoenergia Pernambuco — COMPANHIA ENERGÉTICA DE PERNAMBUCO,2013,893438.0,34316.0,795497.33,0.0384089326847526
Neoenergia Pernambuco — COMPANHIA ENERGÉTICA DE PERNAMBUCO,2014,969846.0,38339.0,1323953.64,0.0395310183266209
Neoenergia Pernambuco — COMPANHIA ENERGÉTICA DE PERNAMBUCO,2015,871526.0,20861.0,1274333.87,0.0239361763160249
Neoenergia Pernambuco — COMPANHIA ENERGÉTICA DE PERNAMBUCO,2016,1112774.0,21966.0,1213483.63,0.0197398573295206
Neoenergia Pernambuco — COMPANHIA ENERGÉTICA DE PERNAMBUCO,2017,1284450.0,31600.0,1548009.1,0.0246019697146638
Neoenergia Pernambuco — COMPANHIA ENERGÉTICA DE PERNAMBUCO,2018,1361692.0,35204.0,1409001.58,0.0258531297826527
Neoenergia Pernambuco — COMPANHIA ENERGÉTICA DE PERNAMBUCO,2019,1367257.0,24035.0,1194957.76,0.0175789920987787
Neoenergia Pernambuco — COMPANHIA ENERGÉTICA DE PERNAMBUCO,2020,1018685.0,22328.0,1607628.83,0.0219184536927509
Neoenergia Pernambuco — COMPANHIA ENERGÉTICA DE PERNAMBUCO,2021,1161380.0,33903.0,3911987.01,0.0291919957292186
Neoenergia Pernambuco — COMPANHIA ENERGÉTICA DE PERNAMBUCO,2022,971320.0,24980.0,1305132.44,0.02571758020014
Neoenergia Pernambuco — COMPANHIA ENERGÉTICA DE PERNAMBUCO,2023,263083.0,9110.0,3059090.41,0.0346278550875579
